Workbook

Sheet Home
C3: Scarlet Violet Singles Pokemon Draft League | E3: =Source!$K$3 | F3: =Source!$K$4 | G3: =Source!$K$5 | H3: =Source!$K$6
C4: Year 2 | E4: =Source!$G$3 -> Ryan Tidey | F4: =Source!$G$4 -> Marcus | G4: =Source!$G$5 -> Ian Heslin | H4: =Source!$G$6 -> Ryan Evans
E5: =Source!$K$7 | F5: =Source!$K$8 | G5: =Source!$K$9 | H5: =Source!$K$10
E6: =Source!$G$7 -> Tyler Gottfredsen | F6: =Source!$G$8 -> Dick Hansen | G6: =Source!$G$9 -> Jackson McLoughlin | H6: =Source!$G$10 -> Zach VanSickle

Sheet Rules
A1: vvvvvvvvvvvvvv
E3: WPF Weather Division Rules
C5: League Rules
C6: # 1 | D6: 🟍 The season will be 7 weeks. You will play everyone once.
C7: # 2 | D7: 🟍 All matches must be played in the "Anything Goes" on https://play.pokemonshowdown.com/
C8: # 3 | D8: 🟍 Any additional questions may be asked in the Pokemon League Discord. Please @authorzed.
C10: Drafting Rules
C11: # 1 | D11: 🟍 Drafting will be the standard snake style, from 1-8 then again from 8 back to 1.
C12: 2 | D12: 🟍 Coaches have 125 points to draft 10-12 pokemon on their team.
C13: 3 | D13: 🟍 Species clause is in effect: You may not draft 2 pokemon of the same species (Ex: two Rotoms, Aegislash & Doublade)
C14: 4 | D14: 🟍 There will be a 24 hour grace period that starts immediately after the draft concludes.
C15: #5 | D15: 🟍 The move last respects is banned. Revival blessing may only be used once per battle.
C16: #6 | D16: 🟍 Each team is allowed to have 2-3 tera captains. Tera captains can have 3 tera types (1 of their normal types and any 2 other types)
C18: Season Rules
C19: # 1 | D19: 🟍 Coaches are allowed 8 FA transactions throughout the season once the grace period has concluded. Coach to coach trades are infinite.
C20: # 2 | D20: 🟍 Coaches are no longer able to use FA transactions after week 7 has concluded. Rosters become frozen before playoffs.
C21: # 3 | D21: 🟍 The top 8 teams at the end of the regular season will progress to playoffs.
C22: # 4 | D22: 🟍 When determining playoff seeding, the following measure will be used: Series Wins>Game Wins>Differential> Head-to-Head>Strength of Schedule. | H22: vvvvvvvvvvvvvvvvvvvvvvv
C24: Battle Rules
C25: # 1 | D25: 🟍 Battles are to be done every other week. Please coordinate with you opponet for the week through text or discord.
C26: # 2 | D26: 🟍 Evasion boosting and intentionally lowering your opponent's accuracy is not allowed. This includes snow cloak/sand veil.
C27: # 3 | D27: 🟍 All pokemon will be set to level 100.
C28: # 4 | D28: 🟍 Item clause is in effect for all battles. Berserk Gene, non-normal gems, mega stones, and Z-Crystals are banned.
C29: # 5 | D29: 🟍 Battle timer may be turned on by either coach for any reason. That coach is under no obligation to turn off timer unless their opponent disconnects unexpectantly. If this should happen, contact an online mod who will make the timer decision on your behalf. | H29: vv
C30: # 6 | D30: 🟍 All other Smogon clauses are in effect.
C31: # 7 | D31: 🟍 Dry baton pass is allowed. Positive stats or substitues may not be passed. You may use baton pass with wish.
C32: # 8 | D32: 🟍 Mega Stones, Z-Moves, and Dynamaxing are not allowed.
C33: # 9 | D33: 🟍 All unreleased items, such as type gems and berries, are not allowed. (Normal Gem is allowed)
C34: # 10 | D34: 🟍 Moody is banned

Sheet Draft Board
A1: zazzz
C3: Banned | F3: 19 Points | K3: 18 Points | P3: 17 Points | U3: 16 Points | Z3: 15 Points | AE3: 14 Points | AJ3: 13 Points | AO3: 12 Points | AT3: 11 Points | AW3: T | AY3: 10 Points | BB3: T | BD3: 9 Points | BG3: T | BI3: 8 Points | BL3: T | BN3: 7 Points | BQ3: T | BS3: 6 Points | BV3: T | BX3: 5 Points | CA3: T | CC3: 4 Points | CF3: T | CH3: 3 Points | CK3: T | CM3: 2 Points | CP3: T | CR3: 1 Points | CU3: T
C5: {=IFERROR(VLOOKUP(D5:D353,{Pokedex!$I$2:$I353,Pokedex!$H$2:$H353},2,FALSE),"")} | D5: Arceus | F5: =IFERROR(__xludf.DUMMYFUNCTION("IFERROR(SORT(FILTER(Source!$A$2:$B353,Source!$C$2:$C353=SPLIT(F3,"" Points"")),2,TRUE),"""")"),"") | G5: =IFERROR(__xludf.DUMMYFUNCTION("""COMPUTED_VALUE"""),"Chien-Pao") -> Chien-Pao | H5: {=IFS(G5:G353="","",COUNTIF(SUBSTITUTE(Data!$F$4:$F$100," (T)",""),G5:G353)>0,"X",1,"-")} -> X | K5: =IFERROR(__xludf.DUMMYFUNCTION("IFERROR(SORT(FILTER(Source!$A$2:$B353,Source!$C$2:$C353=SPLIT(K3,"" Points"")),2,TRUE),"""")"),"") | L5: =IFERROR(__xludf.DUMMYFUNCTION("""COMPUTED_VALUE"""),"Garchomp") -> Garchomp | M5: {=IFS(L5:L353="","",COUNTIF(SUBSTITUTE(Data!$F$4:$F$100," (T)",""),L5:L353)>0,"X",1,"-")} -> X | P5: =IFERROR(__xludf.DUMMYFUNCTION("IFERROR(SORT(FILTER(Source!$A$2:$B353,Source!$C$2:$C353=SPLIT(P3,"" Points"")),2,TRUE),"""")"),"") | Q5: =IFERROR(__xludf.DUMMYFUNCTION("""COMPUTED_VALUE"""),"Chi-Yu") -> Chi-Yu | R5: {=IFS(Q5:Q353="","",COUNTIF(SUBSTITUTE(Data!$F$4:$F$100," (T)",""),Q5:Q353)>0,"X",1,"-")} -> - | U5: =IFERROR(__xludf.DUMMYFUNCTION("IFERROR(SORT(FILTER(Source!$A$2:$B353,Source!$C$2:$C353=SPLIT(U3,"" Points"")),2,TRUE),"""")"),"") | V5: =IFERROR(__xludf.DUMMYFUNCTION("""COMPUTED_VALUE"""),"Blaziken") -> Blaziken | W5: {=IFS(V5:V353="","",COUNTIF(SUBSTITUTE(Data!$F$4:$F$100," (T)",""),V5:V353)>0,"X",1,"-")} -> X | Z5: =IFERROR(__xludf.DUMMYFUNCTION("IFERROR(SORT(FILTER(Source!$A$2:$B353,Source!$C$2:$C353=SPLIT(Z3,"" Points"")),2,TRUE),"""")"),"") | AA5: =IFERROR(__xludf.DUMMYFUNCTION("""COMPUTED_VALUE"""),"Baxcalibur") -> Baxcalibur | AB5: {=IFS(AA5:AA353="","",COUNTIF(SUBSTITUTE(Data!$F$4:$F$100," (T)",""),AA5:AA353)>0,"X",1,"-")} -> - | AE5: =IFERROR(__xludf.DUMMYFUNCTION("IFERROR(SORT(FILTER(Source!$A$2:$B353,Source!$C$2:$C353=SPLIT(AE3,"" Points"")),2,TRUE),"""")"),"") | AF5: =IFERROR(__xludf.DUMMYFUNCTION("""COMPUTED_VALUE"""),"Annihilape") -> Annihilape | AG5: {=IFS(AF5:AF353="","",COUNTIF(SUBSTITUTE(Data!$F$4:$F$100," (T)",""),AF5:AF353)>0,"X",1,"-")} -> X | AJ5: =IFERROR(__xludf.DUMMYFUNCTION("IFERROR(SORT(FILTER(Source!$A$2:$B353,Source!$C$2:$C353=SPLIT(AJ3,"" Points"")),2,TRUE),"""")"),"") | AK5: =IFERROR(__xludf.DUMMYFUNCTION("""COMPUTED_VALUE"""),"Azumarill") -> Azumarill | AL5: {=IFS(AK5:AK353="","",COUNTIF(SUBSTITUTE(Data!$F$4:$F$100," (T)",""),AK5:AK353)>0,"X",1,"-")} -> - | AO5: =IFERROR(__xludf.DUMMYFUNCTION("IFERROR(SORT(FILTER(Source!$A$2:$B353,Source!$C$2:$C353=SPLIT(AO3,"" Points"")),2,TRUE),"""")"),"") | AP5: =IFERROR(__xludf.DUMMYFUNCTION("""COMPUTED_VALUE"""),"Ceruledge") -> Ceruledge | AQ5: {=IFS(AP5:AP353="","",COUNTIF(SUBSTITUTE(Data!$F$4:$F$100," (T)",""),AP5:AP353)>0,"X",1,"-")} -> - | AT5: =IFERROR(__xludf.DUMMYFUNCTION("IFERROR(SORT(FILTER(Source!$A$2:$B353,Source!$C$2:$C353=SPLIT(AT3,"" Points"")),2,TRUE),"""")"),"") | AU5: =IFERROR(__xludf.DUMMYFUNCTION("""COMPUTED_VALUE"""),"Alolan Ninetales") -> Alolan Ninetales | AV5: {=IFS(AU5:AU353="","",COUNTIF(SUBSTITUTE(Data!$F$4:$F$100," (T)",""),AU5:AU353)>0,"X",1,"-")} -> - | AW5: {=IFERROR(VLOOKUP(AU5:AU353,Source!$B$3:$D353,3,FALSE),"")} -> 12 | AY5: =IFERROR(__xludf.DUMMYFUNCTION("IFERROR(SORT(FILTER(Source!$A$2:$B353,Source!$C$2:$C353=SPLIT(AY3,"" Points"")),2,TRUE),"""")"),"") | AZ5: =IFERROR(__xludf.DUMMYFUNCTION("""COMPUTED_VALUE"""),"Alolan Muk") -> Alolan Muk | BA5: {=IFS(AZ5:AZ353="","",COUNTIF(SUBSTITUTE(Data!$F$4:$F$100," (T)",""),AZ5:AZ353)>0,"X",1,"-")} -> - | BB5: {=IFERROR(VLOOKUP(AZ5:AZ353,Source!$B$3:$D353,3,FALSE),"")} -> 11 | BD5: =IFERROR(__xludf.DUMMYFUNCTION("IFERROR(SORT(FILTER(Source!$A$2:$B353,Source!$C$2:$C353=SPLIT(BD3,"" Points"")),2,TRUE),"""")"),"") | BE5: =IFERROR(__xludf.DUMMYFUNCTION("""COMPUTED_VALUE"""),"Amoonguss") -> Amoonguss | BF5: {=IFS(BE5:BE353="","",COUNTIF(SUBSTITUTE(Data!$F$4:$F$100," (T)",""),BE5:BE353)>0,"X",1,"-")} -> - | BG5: {=IFERROR(VLOOKUP(BE5:BE353,Source!$B$3:$D353,3,FALSE),"")} -> 10 | BI5: =IFERROR(__xludf.DUMMYFUNCTION("IFERROR(SORT(FILTER(Source!$A$2:$B353,Source!$C$2:$C353=SPLIT(BI3,"" Points"")),2,TRUE),"""")"),"") | BJ5: =IFERROR(__xludf.DUMMYFUNCTION("""COMPUTED_VALUE"""),"Armarouge") -> Armarouge | BK5: {=IFS(BJ5:BJ353="","",COUNTIF(SUBSTITUTE(Data!$F$4:$F$100," (T)",""),BJ5:BJ353)>0,"X",1,"-")} -> - | BL5: {=IFERROR(VLOOKUP(BJ5:BJ353,Source!$B$3:$D353,3,FALSE),"")} -> 10 | BN5: =IFERROR(__xludf.DUMMYFUNCTION("IFERROR(SORT(FILTER(Source!$A$2:$B353,Source!$C$2:$C353=SPLIT(BN3,"" Points"")),2,TRUE),"""")"),"") | BO5: =IFERROR(__xludf.DUMMYFUNCTION("""COMPUTED_VALUE"""),"Abomasnow") -> Abomasnow | BP5: {=IFS(BO5:BO353="","",COUNTIF(SUBSTITUTE(Data!$F$4:$F$100," (T)",""),BO5:BO353)>0,"X",1,"-")} -> - | BQ5: {=IFERROR(VLOOKUP(BO5:BO353,Source!$B$3:$D353,3,FALSE),"")} -> 8 | BS5: =IFERROR(__xludf.DUMMYFUNCTION("IFERROR(SORT(FILTER(Source!$A$2:$B353,Source!$C$2:$C353=SPLIT(BS3,"" Points"")),2,TRUE),"""")"),"") | BT5: =IFERROR(__xludf.DUMMYFUNCTION("""COMPUTED_VALUE"""),"Barraskewda") -> Barraskewda | BU5: {=IFS(BT5:BT353="","",COUNTIF(SUBSTITUTE(Data!$F$4:$F$100," (T)",""),BT5:BT353)>0,"X",1,"-")} -> - | BV5: {=IFERROR(VLOOKUP(BT5:BT353,Source!$B$3:$D353,3,FALSE),"")} -> 7 | BX5: =IFERROR(__xludf.DUMMYFUNCTION("IFERROR(SORT(FILTER(Source!$A$2:$B353,Source!$C$2:$C353=SPLIT(BX3,"" Points"")),2,TRUE),"""")"),"") | BY5: =IFERROR(__xludf.DUMMYFUNCTION("""COMPUTED_VALUE"""),"Alolan Persian") -> Alolan Persian | BZ5: {=IFS(BY5:BY353="","",COUNTIF(SUBSTITUTE(Data!$F$4:$F$100," (T)",""),BY5:BY353)>0,"X",1,"-")} -> - | CA5: {=IFERROR(VLOOKUP(BY5:BY353,Source!$B$3:$D353,3,FALSE),"")} -> 6 | CC5: =IFERROR(__xludf.DUMMYFUNCTION("IFERROR(SORT(FILTER(Source!$A$2:$B353,Source!$C$2:$C353=SPLIT(CC3,"" Points"")),2,TRUE),"""")"),"") | CD5: =IFERROR(__xludf.DUMMYFUNCTION("""COMPUTED_VALUE"""),"Altaria") -> Altaria | CE5: {=IFS(CD5:CD353="","",COUNTIF(SUBSTITUTE(Data!$F$4:$F$100," (T)",""),CD5:CD353)>0,"X",1,"-")} -> - | CF5: {=IFERROR(VLOOKUP(CD5:CD353,Source!$B$3:$D353,3,FALSE),"")} -> 5 | CH5: =IFERROR(__xludf.DUMMYFUNCTION("IFERROR(SORT(FILTER(Source!$A$2:$B353,Source!$C$2:$C353=SPLIT(CH3,"" Points"")),2,TRUE),"""")"),"") | CI5: =IFERROR(__xludf.DUMMYFUNCTION("""COMPUTED_VALUE"""),"Alolan Exeggutor") -> Alolan Exeggutor | CJ5: {=IFS(CI5:CI353="","",COUNTIF(SUBSTITUTE(Data!$F$4:$F$100," (T)",""),CI5:CI353)>0,"X",1,"-")} -> - | CK5: {=IFERROR(VLOOKUP(CI5:CI353,Source!$B$3:$D353,3,FALSE),"")} -> 4 | CM5: =IFERROR(__xludf.DUMMYFUNCTION("IFERROR(SORT(FILTER(Source!$A$2:$B353,Source!$C$2:$C353=SPLIT(CM3,"" Points"")),2,TRUE),"""")"),"") | CN5: =IFERROR(__xludf.DUMMYFUNCTION("""COMPUTED_VALUE"""),"Alcremie") -> Alcremie | CO5: {=IFS(CN5:CN353="","",COUNTIF(SUBSTITUTE(Data!$F$4:$F$100," (T)",""),CN5:CN353)>0,"X",1,"-")} -> - | CP5: {=IFERROR(VLOOKUP(CN5:CN353,Source!$B$3:$D353,3,FALSE),"")} -> 3 | CR5: =IFERROR(__xludf.DUMMYFUNCTION("IFERROR(SORT(FILTER(Source!$A$2:$B353,Source!$C$2:$C353=SPLIT(CR3,"" Points"")),2,TRUE),"""")"),"") | CS5: =IFERROR(__xludf.DUMMYFUNCTION("""COMPUTED_VALUE"""),"Alolan Grimer") -> Alolan Grimer | CT5: {=IFS(CS5:CS353="","",COUNTIF(SUBSTITUTE(Data!$F$4:$F$100," (T)",""),CS5:CS353)>0,"X",1,"-")} -> - | CU5: {=IFERROR(VLOOKUP(CS5:CS353,Source!$B$3:$D353,3,FALSE),"")} -> 1
D6: Calyrex-Ice | F6: =IFERROR(__xludf.DUMMYFUNCTION("""COMPUTED_VALUE"""),"") | G6: =IFERROR(__xludf.DUMMYFUNCTION("""COMPUTED_VALUE"""),"Darkrai") -> Darkrai | H6: X | K6: =IFERROR(__xludf.DUMMYFUNCTION("""COMPUTED_VALUE"""),"") | L6: =IFERROR(__xludf.DUMMYFUNCTION("""COMPUTED_VALUE"""),"Great Tusk") -> Great Tusk | M6: X | P6: =IFERROR(__xludf.DUMMYFUNCTION("""COMPUTED_VALUE"""),"") | Q6: =IFERROR(__xludf.DUMMYFUNCTION("""COMPUTED_VALUE"""),"Deoxys-Speed") -> Deoxys-Speed | R6: X | U6: =IFERROR(__xludf.DUMMYFUNCTION("""COMPUTED_VALUE"""),"") | V6: =IFERROR(__xludf.DUMMYFUNCTION("""COMPUTED_VALUE"""),"Enamorus-Incarnate") -> Enamorus-Incarnate | W6: X | Z6: =IFERROR(__xludf.DUMMYFUNCTION("""COMPUTED_VALUE"""),"") | AA6: =IFERROR(__xludf.DUMMYFUNCTION("""COMPUTED_VALUE"""),"Dragonite") -> Dragonite | AB6: X | AE6: =IFERROR(__xludf.DUMMYFUNCTION("""COMPUTED_VALUE"""),"") | AF6: =IFERROR(__xludf.DUMMYFUNCTION("""COMPUTED_VALUE"""),"Cinderace") -> Cinderace | AG6: X | AJ6: =IFERROR(__xludf.DUMMYFUNCTION("""COMPUTED_VALUE"""),"") | AK6: =IFERROR(__xludf.DUMMYFUNCTION("""COMPUTED_VALUE"""),"Clefable") -> Clefable | AL6: X | AO6: =IFERROR(__xludf.DUMMYFUNCTION("""COMPUTED_VALUE"""),"") | AP6: =IFERROR(__xludf.DUMMYFUNCTION("""COMPUTED_VALUE"""),"Deoxys-Defense") -> Deoxys-Defense | AQ6: - | AT6: =IFERROR(__xludf.DUMMYFUNCTION("""COMPUTED_VALUE"""),"") | AU6: =IFERROR(__xludf.DUMMYFUNCTION("""COMPUTED_VALUE"""),"Archaludon") -> Archaludon | AV6: X | AW6: 12 | AY6: =IFERROR(__xludf.DUMMYFUNCTION("""COMPUTED_VALUE"""),"") | AZ6: =IFERROR(__xludf.DUMMYFUNCTION("""COMPUTED_VALUE"""),"Alomomola") -> Alomomola | BA6: X | BB6: 11 | BD6: =IFERROR(__xludf.DUMMYFUNCTION("""COMPUTED_VALUE"""),"") | BE6: =IFERROR(__xludf.DUMMYFUNCTION("""COMPUTED_VALUE"""),"Breloom") -> Breloom | BF6: - | BG6: 10 | BI6: =IFERROR(__xludf.DUMMYFUNCTION("""COMPUTED_VALUE"""),"") | BJ6: =IFERROR(__xludf.DUMMYFUNCTION("""COMPUTED_VALUE"""),"Braviary") -> Braviary | BK6: - | BL6: 9 | BN6: =IFERROR(__xludf.DUMMYFUNCTION("""COMPUTED_VALUE"""),"") | BO6: =IFERROR(__xludf.DUMMYFUNCTION("""COMPUTED_VALUE"""),"Araquanid") -> Araquanid | BP6: - | BQ6: 9 | BS6: =IFERROR(__xludf.DUMMYFUNCTION("""COMPUTED_VALUE"""),"") | BT6: =IFERROR(__xludf.DUMMYFUNCTION("""COMPUTED_VALUE"""),"Bellibolt") -> Bellibolt | BU6: - | BV6: 8 | BX6: =IFERROR(__xludf.DUMMYFUNCTION("""COMPUTED_VALUE"""),"") | BY6: =IFERROR(__xludf.DUMMYFUNCTION("""COMPUTED_VALUE"""),"Alolan Raichu") -> Alolan Raichu | BZ6: - | CA6: 6 | CC6: =IFERROR(__xludf.DUMMYFUNCTION("""COMPUTED_VALUE"""),"") | CD6: =IFERROR(__xludf.DUMMYFUNCTION("""COMPUTED_VALUE"""),"Appletun") -> Appletun | CE6: - | CF6: 5 | CH6: =IFERROR(__xludf.DUMMYFUNCTION("""COMPUTED_VALUE"""),"") | CI6: =IFERROR(__xludf.DUMMYFUNCTION("""COMPUTED_VALUE"""),"Alolan Sandslash") -> Alolan Sandslash | CJ6: - | CK6: 4 | CM6: =IFERROR(__xludf.DUMMYFUNCTION("""COMPUTED_VALUE"""),"") | CN6: =IFERROR(__xludf.DUMMYFUNCTION("""COMPUTED_VALUE"""),"Alolan Dugtrio") -> Alolan Dugtrio | CO6: - | CP6: 3 | CR6: =IFERROR(__xludf.DUMMYFUNCTION("""COMPUTED_VALUE"""),"") | CS6: =IFERROR(__xludf.DUMMYFUNCTION("""COMPUTED_VALUE"""),"Alolan Meowth") -> Alolan Meowth | CT6: - | CU6: 1
D7: Calyrex-Shadow | F7: =IFERROR(__xludf.DUMMYFUNCTION("""COMPUTED_VALUE"""),"") | G7: =IFERROR(__xludf.DUMMYFUNCTION("""COMPUTED_VALUE"""),"Dragapult") -> Dragapult | H7: X | K7: =IFERROR(__xludf.DUMMYFUNCTION("""COMPUTED_VALUE"""),"") | L7: =IFERROR(__xludf.DUMMYFUNCTION("""COMPUTED_VALUE"""),"Palafin") -> Palafin | M7: X | P7: =IFERROR(__xludf.DUMMYFUNCTION("""COMPUTED_VALUE"""),"") | Q7: =IFERROR(__xludf.DUMMYFUNCTION("""COMPUTED_VALUE"""),"Greninja") -> Greninja | R7: - | U7: =IFERROR(__xludf.DUMMYFUNCTION("""COMPUTED_VALUE"""),"") | V7: =IFERROR(__xludf.DUMMYFUNCTION("""COMPUTED_VALUE"""),"Gouging Fire") -> Gouging Fire | W7: X | Z7: =IFERROR(__xludf.DUMMYFUNCTION("""COMPUTED_VALUE"""),"") | AA7: =IFERROR(__xludf.DUMMYFUNCTION("""COMPUTED_VALUE"""),"Galarian Slowking") -> Galarian Slowking | AB7: X | AE7: =IFERROR(__xludf.DUMMYFUNCTION("""COMPUTED_VALUE"""),"") | AF7: =IFERROR(__xludf.DUMMYFUNCTION("""COMPUTED_VALUE"""),"Excadrill") -> Excadrill | AG7: - | AJ7: =IFERROR(__xludf.DUMMYFUNCTION("""COMPUTED_VALUE"""),"") | AK7: =IFERROR(__xludf.DUMMYFUNCTION("""COMPUTED_VALUE"""),"Corviknight") -> Corviknight | AL7: X | AO7: =IFERROR(__xludf.DUMMYFUNCTION("""COMPUTED_VALUE"""),"") | AP7: =IFERROR(__xludf.DUMMYFUNCTION("""COMPUTED_VALUE"""),"Galarian Moltres") -> Galarian Moltres | AQ7: - | AT7: =IFERROR(__xludf.DUMMYFUNCTION("""COMPUTED_VALUE"""),"") | AU7: =IFERROR(__xludf.DUMMYFUNCTION("""COMPUTED_VALUE"""),"Azelf") -> Azelf | AV7: X | AW7: 12 | AY7: =IFERROR(__xludf.DUMMYFUNCTION("""COMPUTED_VALUE"""),"") | AZ7: =IFERROR(__xludf.DUMMYFUNCTION("""COMPUTED_VALUE"""),"Arcanine") -> Arcanine | BA7: X | BB7: 11 | BD7: =IFERROR(__xludf.DUMMYFUNCTION("""COMPUTED_VALUE"""),"") | BE7: =IFERROR(__xludf.DUMMYFUNCTION("""COMPUTED_VALUE"""),"Bronzong") -> Bronzong | BF7: - | BG7: 10 | BI7: =IFERROR(__xludf.DUMMYFUNCTION("""COMPUTED_VALUE"""),"") | BJ7: =IFERROR(__xludf.DUMMYFUNCTION("""COMPUTED_VALUE"""),"Cetitan") -> Cetitan | BK7: - | BL7: 11 | BN7: =IFERROR(__xludf.DUMMYFUNCTION("""COMPUTED_VALUE"""),"") | BO7: =IFERROR(__xludf.DUMMYFUNCTION("""COMPUTED_VALUE"""),"Bisharp") -> Bisharp | BP7: X | BQ7: 9 | BS7: =IFERROR(__xludf.DUMMYFUNCTION("""COMPUTED_VALUE"""),"") | BT7: =IFERROR(__xludf.DUMMYFUNCTION("""COMPUTED_VALUE"""),"Cloyster") -> Cloyster | BU7: - | BV7: 8 | BX7: =IFERROR(__xludf.DUMMYFUNCTION("""COMPUTED_VALUE"""),"") | BY7: =IFERROR(__xludf.DUMMYFUNCTION("""COMPUTED_VALUE"""),"Arboliva") -> Arboliva | BZ7: - | CA7: 6 | CC7: =IFERROR(__xludf.DUMMYFUNCTION("""COMPUTED_VALUE"""),"") | CD7: =IFERROR(__xludf.DUMMYFUNCTION("""COMPUTED_VALUE"""),"Charizard") -> Charizard | CE7: - | CF7: 5 | CH7: =IFERROR(__xludf.DUMMYFUNCTION("""COMPUTED_VALUE"""),"") | CI7: =IFERROR(__xludf.DUMMYFUNCTION("""COMPUTED_VALUE"""),"Ambipom") -> Ambipom | CJ7: - | CK7: 4 | CM7: =IFERROR(__xludf.DUMMYFUNCTION("""COMPUTED_VALUE"""),"") | CN7: =IFERROR(__xludf.DUMMYFUNCTION("""COMPUTED_VALUE"""),"Alolan Golem") -> Alolan Golem | CO7: - | CP7: 3 | CR7: =IFERROR(__xludf.DUMMYFUNCTION("""COMPUTED_VALUE"""),"") | CS7: =IFERROR(__xludf.DUMMYFUNCTION("""COMPUTED_VALUE"""),"Alolan Vulpix") -> Alolan Vulpix | CT7: X | CU7: 2
D8: Dialga | F8: =IFERROR(__xludf.DUMMYFUNCTION("""COMPUTED_VALUE"""),"") | G8: =IFERROR(__xludf.DUMMYFUNCTION("""COMPUTED_VALUE"""),"Iron Valiant") -> Iron Valiant | H8: X | K8: =IFERROR(__xludf.DUMMYFUNCTION("""COMPUTED_VALUE"""),"") | L8: =IFERROR(__xludf.DUMMYFUNCTION("""COMPUTED_VALUE"""),"Spectrier") -> Spectrier | M8: X | P8: =IFERROR(__xludf.DUMMYFUNCTION("""COMPUTED_VALUE"""),"") | Q8: =IFERROR(__xludf.DUMMYFUNCTION("""COMPUTED_VALUE"""),"Latios") -> Latios | R8: - | U8: =IFERROR(__xludf.DUMMYFUNCTION("""COMPUTED_VALUE"""),"") | V8: =IFERROR(__xludf.DUMMYFUNCTION("""COMPUTED_VALUE"""),"Kyurem") -> Kyurem | W8: X | X8: - | Z8: =IFERROR(__xludf.DUMMYFUNCTION("""COMPUTED_VALUE"""),"") | AA8: =IFERROR(__xludf.DUMMYFUNCTION("""COMPUTED_VALUE"""),"Gholdengo") -> Gholdengo | AB8: - | AE8: =IFERROR(__xludf.DUMMYFUNCTION("""COMPUTED_VALUE"""),"") | AF8: =IFERROR(__xludf.DUMMYFUNCTION("""COMPUTED_VALUE"""),"Iron Moth") -> Iron Moth | AG8: - | AJ8: =IFERROR(__xludf.DUMMYFUNCTION("""COMPUTED_VALUE"""),"") | AK8: =IFERROR(__xludf.DUMMYFUNCTION("""COMPUTED_VALUE"""),"Cyclizar") -> Cyclizar | AL8: - | AO8: =IFERROR(__xludf.DUMMYFUNCTION("""COMPUTED_VALUE"""),"") | AP8: =IFERROR(__xludf.DUMMYFUNCTION("""COMPUTED_VALUE"""),"Gengar") -> Gengar | AQ8: - | AT8: =IFERROR(__xludf.DUMMYFUNCTION("""COMPUTED_VALUE"""),"") | AU8: =IFERROR(__xludf.DUMMYFUNCTION("""COMPUTED_VALUE"""),"Basculegion") -> Basculegion | AV8: X | AW8: 12 | AY8: =IFERROR(__xludf.DUMMYFUNCTION("""COMPUTED_VALUE"""),"") | AZ8: =IFERROR(__xludf.DUMMYFUNCTION("""COMPUTED_VALUE"""),"Cobalion") -> Cobalion | BA8: X | BB8: 11 | BD8: =IFERROR(__xludf.DUMMYFUNCTION("""COMPUTED_VALUE"""),"") | BE8: =IFERROR(__xludf.DUMMYFUNCTION("""COMPUTED_VALUE"""),"Clodsire") -> Clodsire | BF8: - | BG8: 10 | BI8: =IFERROR(__xludf.DUMMYFUNCTION("""COMPUTED_VALUE"""),"") | BJ8: =IFERROR(__xludf.DUMMYFUNCTION("""COMPUTED_VALUE"""),"Chesnaught") -> Chesnaught | BK8: - | BL8: 9 | BN8: =IFERROR(__xludf.DUMMYFUNCTION("""COMPUTED_VALUE"""),"") | BO8: =IFERROR(__xludf.DUMMYFUNCTION("""COMPUTED_VALUE"""),"Blissey") -> Blissey | BP8: - | BQ8: 8 | BS8: =IFERROR(__xludf.DUMMYFUNCTION("""COMPUTED_VALUE"""),"") | BT8: =IFERROR(__xludf.DUMMYFUNCTION("""COMPUTED_VALUE"""),"Drifblim") -> Drifblim | BU8: - | BV8: 7 | BX8: =IFERROR(__xludf.DUMMYFUNCTION("""COMPUTED_VALUE"""),"") | BY8: =IFERROR(__xludf.DUMMYFUNCTION("""COMPUTED_VALUE"""),"Bombirdier") -> Bombirdier | BZ8: - | CA8: 6 | CC8: =IFERROR(__xludf.DUMMYFUNCTION("""COMPUTED_VALUE"""),"") | CD8: =IFERROR(__xludf.DUMMYFUNCTION("""COMPUTED_VALUE"""),"Coalossal") -> Coalossal | CE8: X | CF8: 5 | CH8: =IFERROR(__xludf.DUMMYFUNCTION("""COMPUTED_VALUE"""),"") | CI8: =IFERROR(__xludf.DUMMYFUNCTION("""COMPUTED_VALUE"""),"Articuno") -> Articuno | CJ8: - | CK8: 4 | CM8: =IFERROR(__xludf.DUMMYFUNCTION("""COMPUTED_VALUE"""),"") | CN8: =IFERROR(__xludf.DUMMYFUNCTION("""COMPUTED_VALUE"""),"Ampharos") -> Ampharos | CO8: - | CP8: 3 | CR8: =IFERROR(__xludf.DUMMYFUNCTION("""COMPUTED_VALUE"""),"") | CS8: =IFERROR(__xludf.DUMMYFUNCTION("""COMPUTED_VALUE"""),"Ariados") -> Ariados | CT8: - | CU8: 2
D9: Eternatus | N9: - | P9: =IFERROR(__xludf.DUMMYFUNCTION("""COMPUTED_VALUE"""),"") | Q9: =IFERROR(__xludf.DUMMYFUNCTION("""COMPUTED_VALUE"""),"Tornadus-Therian") -> Tornadus-Therian | R9: X | U9: =IFERROR(__xludf.DUMMYFUNCTION("""COMPUTED_VALUE"""),"") | V9: =IFERROR(__xludf.DUMMYFUNCTION("""COMPUTED_VALUE"""),"Meowscarada") -> Meowscarada | W9: X | Z9: =IFERROR(__xludf.DUMMYFUNCTION("""COMPUTED_VALUE"""),"") | AA9: =IFERROR(__xludf.DUMMYFUNCTION("""COMPUTED_VALUE"""),"Hisuian Samurott") -> Hisuian Samurott | AB9: X | AE9: =IFERROR(__xludf.DUMMYFUNCTION("""COMPUTED_VALUE"""),"") | AF9: =IFERROR(__xludf.DUMMYFUNCTION("""COMPUTED_VALUE"""),"Jirachi") -> Jirachi | AG9: X | AJ9: =IFERROR(__xludf.DUMMYFUNCTION("""COMPUTED_VALUE"""),"") | AK9: =IFERROR(__xludf.DUMMYFUNCTION("""COMPUTED_VALUE"""),"Galarian Zapdos") -> Galarian Zapdos | AL9: - | AO9: =IFERROR(__xludf.DUMMYFUNCTION("""COMPUTED_VALUE"""),"") | AP9: =IFERROR(__xludf.DUMMYFUNCTION("""COMPUTED_VALUE"""),"Gliscor") -> Gliscor | AQ9: X | AT9: =IFERROR(__xludf.DUMMYFUNCTION("""COMPUTED_VALUE"""),"") | AU9: =IFERROR(__xludf.DUMMYFUNCTION("""COMPUTED_VALUE"""),"Blastoise") -> Blastoise | AV9: - | AW9: 13 | AY9: =IFERROR(__xludf.DUMMYFUNCTION("""COMPUTED_VALUE"""),"") | AZ9: =IFERROR(__xludf.DUMMYFUNCTION("""COMPUTED_VALUE"""),"Decidueye") -> Decidueye | BA9: - | BB9: 11 | BD9: =IFERROR(__xludf.DUMMYFUNCTION("""COMPUTED_VALUE"""),"") | BE9: =IFERROR(__xludf.DUMMYFUNCTION("""COMPUTED_VALUE"""),"Conkeldurr") -> Conkeldurr | BF9: - | BG9: 10 | BI9: =IFERROR(__xludf.DUMMYFUNCTION("""COMPUTED_VALUE"""),"") | BJ9: =IFERROR(__xludf.DUMMYFUNCTION("""COMPUTED_VALUE"""),"Comfey") -> Comfey | BK9: - | BL9: 12 | BN9: =IFERROR(__xludf.DUMMYFUNCTION("""COMPUTED_VALUE"""),"") | BO9: =IFERROR(__xludf.DUMMYFUNCTION("""COMPUTED_VALUE"""),"Brambleghast") -> Brambleghast | BP9: - | BQ9: 8 | BS9: =IFERROR(__xludf.DUMMYFUNCTION("""COMPUTED_VALUE"""),"") | BT9: =IFERROR(__xludf.DUMMYFUNCTION("""COMPUTED_VALUE"""),"Eelektross") -> Eelektross | BU9: - | BV9: 7 | BX9: =IFERROR(__xludf.DUMMYFUNCTION("""COMPUTED_VALUE"""),"") | BY9: =IFERROR(__xludf.DUMMYFUNCTION("""COMPUTED_VALUE"""),"Brute Bonnet") -> Brute Bonnet | BZ9: - | CA9: 6 | CC9: =IFERROR(__xludf.DUMMYFUNCTION("""COMPUTED_VALUE"""),"") | CD9: =IFERROR(__xludf.DUMMYFUNCTION("""COMPUTED_VALUE"""),"Cryogonal") -> Cryogonal | CE9: - | CF9: 5 | CH9: =IFERROR(__xludf.DUMMYFUNCTION("""COMPUTED_VALUE"""),"") | CI9: =IFERROR(__xludf.DUMMYFUNCTION("""COMPUTED_VALUE"""),"Avalugg") -> Avalugg | CJ9: - | CK9: 4 | CM9: =IFERROR(__xludf.DUMMYFUNCTION("""COMPUTED_VALUE"""),"") | CN9: =IFERROR(__xludf.DUMMYFUNCTION("""COMPUTED_VALUE"""),"Arbok") -> Arbok | CO9: - | CP9: 3 | CR9: =IFERROR(__xludf.DUMMYFUNCTION("""COMPUTED_VALUE"""),"") | CS9: =IFERROR(__xludf.DUMMYFUNCTION("""COMPUTED_VALUE"""),"Banette") -> Banette | CT9: - | CU9: 1
D10: Giratina | U10: =IFERROR(__xludf.DUMMYFUNCTION("""COMPUTED_VALUE"""),"") | V10: =IFERROR(__xludf.DUMMYFUNCTION("""COMPUTED_VALUE"""),"Sneasler") -> Sneasler | W10: X | Z10: =IFERROR(__xludf.DUMMYFUNCTION("""COMPUTED_VALUE"""),"") | AA10: =IFERROR(__xludf.DUMMYFUNCTION("""COMPUTED_VALUE"""),"Iron Boulder") -> Iron Boulder | AB10: X | AE10: =IFERROR(__xludf.DUMMYFUNCTION("""COMPUTED_VALUE"""),"") | AF10: =IFERROR(__xludf.DUMMYFUNCTION("""COMPUTED_VALUE"""),"Kingambit") -> Kingambit | AG10: - | AJ10: =IFERROR(__xludf.DUMMYFUNCTION("""COMPUTED_VALUE"""),"") | AK10: =IFERROR(__xludf.DUMMYFUNCTION("""COMPUTED_VALUE"""),"Glimmora") -> Glimmora | AL10: - | AO10: =IFERROR(__xludf.DUMMYFUNCTION("""COMPUTED_VALUE"""),"") | AP10: =IFERROR(__xludf.DUMMYFUNCTION("""COMPUTED_VALUE"""),"Grimmsnarl") -> Grimmsnarl | AQ10: X | AT10: =IFERROR(__xludf.DUMMYFUNCTION("""COMPUTED_VALUE"""),"") | AU10: =IFERROR(__xludf.DUMMYFUNCTION("""COMPUTED_VALUE"""),"Donphan") -> Donphan | AV10: - | AW10: 12 | AY10: =IFERROR(__xludf.DUMMYFUNCTION("""COMPUTED_VALUE"""),"") | AZ10: =IFERROR(__xludf.DUMMYFUNCTION("""COMPUTED_VALUE"""),"Empoleon") -> Empoleon | BA10: - | BB10: 11 | BD10: =IFERROR(__xludf.DUMMYFUNCTION("""COMPUTED_VALUE"""),"") | BE10: =IFERROR(__xludf.DUMMYFUNCTION("""COMPUTED_VALUE"""),"Cresselia") -> Cresselia | BF10: - | BG10: 12 | BI10: =IFERROR(__xludf.DUMMYFUNCTION("""COMPUTED_VALUE"""),"") | BJ10: =IFERROR(__xludf.DUMMYFUNCTION("""COMPUTED_VALUE"""),"Copperajah") -> Copperajah | BK10: - | BL10: 9 | BN10: =IFERROR(__xludf.DUMMYFUNCTION("""COMPUTED_VALUE"""),"") | BO10: =IFERROR(__xludf.DUMMYFUNCTION("""COMPUTED_VALUE"""),"Chandelure") -> Chandelure | BP10: - | BQ10: 8 | BS10: =IFERROR(__xludf.DUMMYFUNCTION("""COMPUTED_VALUE"""),"") | BT10: =IFERROR(__xludf.DUMMYFUNCTION("""COMPUTED_VALUE"""),"Espeon") -> Espeon | BU10: - | BV10: 7 | BX10: =IFERROR(__xludf.DUMMYFUNCTION("""COMPUTED_VALUE"""),"") | BY10: =IFERROR(__xludf.DUMMYFUNCTION("""COMPUTED_VALUE"""),"Chansey") -> Chansey | BZ10: X | CA10: 6 | CC10: =IFERROR(__xludf.DUMMYFUNCTION("""COMPUTED_VALUE"""),"") | CD10: =IFERROR(__xludf.DUMMYFUNCTION("""COMPUTED_VALUE"""),"Dunsparce") -> Dunsparce | CE10: - | CF10: 5 | CH10: =IFERROR(__xludf.DUMMYFUNCTION("""COMPUTED_VALUE"""),"") | CI10: =IFERROR(__xludf.DUMMYFUNCTION("""COMPUTED_VALUE"""),"Bruxish") -> Bruxish | CJ10: - | CK10: 4 | CM10: =IFERROR(__xludf.DUMMYFUNCTION("""COMPUTED_VALUE"""),"") | CN10: =IFERROR(__xludf.DUMMYFUNCTION("""COMPUTED_VALUE"""),"Basculin") -> Basculin | CO10: - | CP10: 3 | CR10: =IFERROR(__xludf.DUMMYFUNCTION("""COMPUTED_VALUE"""),"") | CS10: =IFERROR(__xludf.DUMMYFUNCTION("""COMPUTED_VALUE"""),"Bastiodon") -> Bastiodon | CT10: - | CU10: 3
D11: Giratina-Origin | U11: =IFERROR(__xludf.DUMMYFUNCTION("""COMPUTED_VALUE"""),"") | V11: =IFERROR(__xludf.DUMMYFUNCTION("""COMPUTED_VALUE"""),"Ursaluna-Bloodmoon") -> Ursaluna-Bloodmoon | W11: X | Z11: =IFERROR(__xludf.DUMMYFUNCTION("""COMPUTED_VALUE"""),"") | AA11: =IFERROR(__xludf.DUMMYFUNCTION("""COMPUTED_VALUE"""),"Iron Bundle") -> Iron Bundle | AB11: - | AE11: =IFERROR(__xludf.DUMMYFUNCTION("""COMPUTED_VALUE"""),"") | AF11: =IFERROR(__xludf.DUMMYFUNCTION("""COMPUTED_VALUE"""),"Landorus-Incarnate") -> Landorus-Incarnate | AG11: X | AJ11: =IFERROR(__xludf.DUMMYFUNCTION("""COMPUTED_VALUE"""),"") | AK11: =IFERROR(__xludf.DUMMYFUNCTION("""COMPUTED_VALUE"""),"Heatran") -> Heatran | AL11: X | AO11: =IFERROR(__xludf.DUMMYFUNCTION("""COMPUTED_VALUE"""),"") | AP11: =IFERROR(__xludf.DUMMYFUNCTION("""COMPUTED_VALUE"""),"Hisuian Arcanine") -> Hisuian Arcanine | AQ11: X | AR11: - | AT11: =IFERROR(__xludf.DUMMYFUNCTION("""COMPUTED_VALUE"""),"") | AU11: =IFERROR(__xludf.DUMMYFUNCTION("""COMPUTED_VALUE"""),"Gardevoir") -> Gardevoir | AV11: - | AW11: 13 | AY11: =IFERROR(__xludf.DUMMYFUNCTION("""COMPUTED_VALUE"""),"") | AZ11: =IFERROR(__xludf.DUMMYFUNCTION("""COMPUTED_VALUE"""),"Enamorus-Therian") -> Enamorus-Therian | BA11: - | BB11: 12 | BD11: =IFERROR(__xludf.DUMMYFUNCTION("""COMPUTED_VALUE"""),"") | BE11: =IFERROR(__xludf.DUMMYFUNCTION("""COMPUTED_VALUE"""),"Diancie") -> Diancie | BF11: - | BG11: 11 | BI11: =IFERROR(__xludf.DUMMYFUNCTION("""COMPUTED_VALUE"""),"") | BJ11: =IFERROR(__xludf.DUMMYFUNCTION("""COMPUTED_VALUE"""),"Crawdaunt") -> Crawdaunt | BK11: - | BL11: 9 | BN11: =IFERROR(__xludf.DUMMYFUNCTION("""COMPUTED_VALUE"""),"") | BO11: =IFERROR(__xludf.DUMMYFUNCTION("""COMPUTED_VALUE"""),"Emboar") -> Emboar | BP11: - | BQ11: 8 | BS11: =IFERROR(__xludf.DUMMYFUNCTION("""COMPUTED_VALUE"""),"") | BT11: =IFERROR(__xludf.DUMMYFUNCTION("""COMPUTED_VALUE"""),"Floatzel") -> Floatzel | BU11: - | BV11: 8 | BX11: =IFERROR(__xludf.DUMMYFUNCTION("""COMPUTED_VALUE"""),"") | BY11: =IFERROR(__xludf.DUMMYFUNCTION("""COMPUTED_VALUE"""),"Cinccino") -> Cinccino | BZ11: X | CA11: 6 | CC11: =IFERROR(__xludf.DUMMYFUNCTION("""COMPUTED_VALUE"""),"") | CD11: =IFERROR(__xludf.DUMMYFUNCTION("""COMPUTED_VALUE"""),"Duraludon") -> Duraludon | CE11: - | CF11: 5 | CH11: =IFERROR(__xludf.DUMMYFUNCTION("""COMPUTED_VALUE"""),"") | CI11: =IFERROR(__xludf.DUMMYFUNCTION("""COMPUTED_VALUE"""),"Clawitzer") -> Clawitzer | CJ11: - | CK11: 4 | CM11: =IFERROR(__xludf.DUMMYFUNCTION("""COMPUTED_VALUE"""),"") | CN11: =IFERROR(__xludf.DUMMYFUNCTION("""COMPUTED_VALUE"""),"Beartic") -> Beartic | CO11: - | CP11: 3 | CR11: =IFERROR(__xludf.DUMMYFUNCTION("""COMPUTED_VALUE"""),"") | CS11: =IFERROR(__xludf.DUMMYFUNCTION("""COMPUTED_VALUE"""),"Bayleef") -> Bayleef | CT11: - | CU11: 1
D12: Groudon | U12: =IFERROR(__xludf.DUMMYFUNCTION("""COMPUTED_VALUE"""),"") | V12: =IFERROR(__xludf.DUMMYFUNCTION("""COMPUTED_VALUE"""),"Urshifu-Single-Strike") -> Urshifu-Single-Strike | W12: X | Z12: =IFERROR(__xludf.DUMMYFUNCTION("""COMPUTED_VALUE"""),"") | AA12: =IFERROR(__xludf.DUMMYFUNCTION("""COMPUTED_VALUE"""),"Iron Hands") -> Iron Hands | AB12: X | AE12: =IFERROR(__xludf.DUMMYFUNCTION("""COMPUTED_VALUE"""),"") | AF12: =IFERROR(__xludf.DUMMYFUNCTION("""COMPUTED_VALUE"""),"Landorus-Therian") -> Landorus-Therian | AG12: - | AJ12: =IFERROR(__xludf.DUMMYFUNCTION("""COMPUTED_VALUE"""),"") | AK12: =IFERROR(__xludf.DUMMYFUNCTION("""COMPUTED_VALUE"""),"Infernape") -> Infernape | AL12: - | AO12: =IFERROR(__xludf.DUMMYFUNCTION("""COMPUTED_VALUE"""),"") | AP12: =IFERROR(__xludf.DUMMYFUNCTION("""COMPUTED_VALUE"""),"Hisuian Goodra") -> Hisuian Goodra | AQ12: - | AT12: =IFERROR(__xludf.DUMMYFUNCTION("""COMPUTED_VALUE"""),"") | AU12: =IFERROR(__xludf.DUMMYFUNCTION("""COMPUTED_VALUE"""),"Gothitelle") -> Gothitelle | AV12: - | AW12: 14 | AY12: =IFERROR(__xludf.DUMMYFUNCTION("""COMPUTED_VALUE"""),"") | AZ12: =IFERROR(__xludf.DUMMYFUNCTION("""COMPUTED_VALUE"""),"Fezandipiti") -> Fezandipiti | BA12: - | BB12: 11 | BD12: =IFERROR(__xludf.DUMMYFUNCTION("""COMPUTED_VALUE"""),"") | BE12: =IFERROR(__xludf.DUMMYFUNCTION("""COMPUTED_VALUE"""),"Dondozo") -> Dondozo | BF12: - | BG12: 10 | BI12: =IFERROR(__xludf.DUMMYFUNCTION("""COMPUTED_VALUE"""),"") | BJ12: =IFERROR(__xludf.DUMMYFUNCTION("""COMPUTED_VALUE"""),"Delphox") -> Delphox | BK12: - | BL12: 9 | BN12: =IFERROR(__xludf.DUMMYFUNCTION("""COMPUTED_VALUE"""),"") | BO12: =IFERROR(__xludf.DUMMYFUNCTION("""COMPUTED_VALUE"""),"Farigiraf") -> Farigiraf | BP12: - | BQ12: 8 | BS12: =IFERROR(__xludf.DUMMYFUNCTION("""COMPUTED_VALUE"""),"") | BT12: =IFERROR(__xludf.DUMMYFUNCTION("""COMPUTED_VALUE"""),"Flygon") -> Flygon | BU12: - | BV12: 8 | BX12: =IFERROR(__xludf.DUMMYFUNCTION("""COMPUTED_VALUE"""),"") | BY12: =IFERROR(__xludf.DUMMYFUNCTION("""COMPUTED_VALUE"""),"Drednaw") -> Drednaw | BZ12: - | CA12: 7 | CC12: =IFERROR(__xludf.DUMMYFUNCTION("""COMPUTED_VALUE"""),"") | CD12: =IFERROR(__xludf.DUMMYFUNCTION("""COMPUTED_VALUE"""),"Electivire") -> Electivire | CE12: - | CF12: 5 | CH12: =IFERROR(__xludf.DUMMYFUNCTION("""COMPUTED_VALUE"""),"") | CI12: =IFERROR(__xludf.DUMMYFUNCTION("""COMPUTED_VALUE"""),"Clefairy") -> Clefairy | CJ12: - | CK12: 4 | CM12: =IFERROR(__xludf.DUMMYFUNCTION("""COMPUTED_VALUE"""),"") | CN12: =IFERROR(__xludf.DUMMYFUNCTION("""COMPUTED_VALUE"""),"Bellossom") -> Bellossom | CO12: - | CP12: 3 | CR12: =IFERROR(__xludf.DUMMYFUNCTION("""COMPUTED_VALUE"""),"") | CS12: =IFERROR(__xludf.DUMMYFUNCTION("""COMPUTED_VALUE"""),"Brionne") -> Brionne | CT12: - | CU12: 1
D13: Groudon-Primal | Z13: =IFERROR(__xludf.DUMMYFUNCTION("""COMPUTED_VALUE"""),"") | AA13: =IFERROR(__xludf.DUMMYFUNCTION("""COMPUTED_VALUE"""),"Iron Treads") -> Iron Treads | AB13: - | AE13: =IFERROR(__xludf.DUMMYFUNCTION("""COMPUTED_VALUE"""),"") | AF13: =IFERROR(__xludf.DUMMYFUNCTION("""COMPUTED_VALUE"""),"Mew") -> Mew | AG13: - | AJ13: =IFERROR(__xludf.DUMMYFUNCTION("""COMPUTED_VALUE"""),"") | AK13: =IFERROR(__xludf.DUMMYFUNCTION("""COMPUTED_VALUE"""),"Keldeo") -> Keldeo | AL13: X | AO13: =IFERROR(__xludf.DUMMYFUNCTION("""COMPUTED_VALUE"""),"") | AP13: =IFERROR(__xludf.DUMMYFUNCTION("""COMPUTED_VALUE"""),"Hisuian Lilligant") -> Hisuian Lilligant | AQ13: - | AT13: =IFERROR(__xludf.DUMMYFUNCTION("""COMPUTED_VALUE"""),"") | AU13: =IFERROR(__xludf.DUMMYFUNCTION("""COMPUTED_VALUE"""),"Hatterene") -> Hatterene | AV13: - | AW13: 13 | AY13: =IFERROR(__xludf.DUMMYFUNCTION("""COMPUTED_VALUE"""),"") | AZ13: =IFERROR(__xludf.DUMMYFUNCTION("""COMPUTED_VALUE"""),"Hippowdon") -> Hippowdon | BA13: - | BB13: 11 | BD13: =IFERROR(__xludf.DUMMYFUNCTION("""COMPUTED_VALUE"""),"") | BE13: =IFERROR(__xludf.DUMMYFUNCTION("""COMPUTED_VALUE"""),"Dragalge") -> Dragalge | BF13: X | BG13: 10 | BI13: =IFERROR(__xludf.DUMMYFUNCTION("""COMPUTED_VALUE"""),"") | BJ13: =IFERROR(__xludf.DUMMYFUNCTION("""COMPUTED_VALUE"""),"Dudunsparce") -> Dudunsparce | BK13: - | BL13: 10 | BN13: =IFERROR(__xludf.DUMMYFUNCTION("""COMPUTED_VALUE"""),"") | BO13: =IFERROR(__xludf.DUMMYFUNCTION("""COMPUTED_VALUE"""),"Feraligatr") -> Feraligatr | BP13: - | BQ13: 8 | BS13: =IFERROR(__xludf.DUMMYFUNCTION("""COMPUTED_VALUE"""),"") | BT13: =IFERROR(__xludf.DUMMYFUNCTION("""COMPUTED_VALUE"""),"Froslass") -> Froslass | BU13: X | BV13: 7 | BX13: =IFERROR(__xludf.DUMMYFUNCTION("""COMPUTED_VALUE"""),"") | BY13: =IFERROR(__xludf.DUMMYFUNCTION("""COMPUTED_VALUE"""),"Galarian Articuno") -> Galarian Articuno | BZ13: - | CA13: 7 | CC13: =IFERROR(__xludf.DUMMYFUNCTION("""COMPUTED_VALUE"""),"") | CD13: =IFERROR(__xludf.DUMMYFUNCTION("""COMPUTED_VALUE"""),"Granbull") -> Granbull | CE13: - | CF13: 5 | CH13: =IFERROR(__xludf.DUMMYFUNCTION("""COMPUTED_VALUE"""),"") | CI13: =IFERROR(__xludf.DUMMYFUNCTION("""COMPUTED_VALUE"""),"Dachsbun") -> Dachsbun | CJ13: - | CK13: 4 | CM13: =IFERROR(__xludf.DUMMYFUNCTION("""COMPUTED_VALUE"""),"") | CN13: =IFERROR(__xludf.DUMMYFUNCTION("""COMPUTED_VALUE"""),"Camerupt") -> Camerupt | CO13: - | CP13: 3 | CR13: =IFERROR(__xludf.DUMMYFUNCTION("""COMPUTED_VALUE"""),"") | CS13: =IFERROR(__xludf.DUMMYFUNCTION("""COMPUTED_VALUE"""),"Cacnea") -> Cacnea | CT13: - | CU13: 1
D14: Ho-Oh | Z14: =IFERROR(__xludf.DUMMYFUNCTION("""COMPUTED_VALUE"""),"") | AA14: =IFERROR(__xludf.DUMMYFUNCTION("""COMPUTED_VALUE"""),"Kyurem-Black") -> Kyurem-Black | AB14: X | AE14: =IFERROR(__xludf.DUMMYFUNCTION("""COMPUTED_VALUE"""),"") | AF14: =IFERROR(__xludf.DUMMYFUNCTION("""COMPUTED_VALUE"""),"Ogerpon") -> Ogerpon | AG14: - | AJ14: =IFERROR(__xludf.DUMMYFUNCTION("""COMPUTED_VALUE"""),"") | AK14: =IFERROR(__xludf.DUMMYFUNCTION("""COMPUTED_VALUE"""),"Kommo-o") -> Kommo-o | AL14: - | AO14: =IFERROR(__xludf.DUMMYFUNCTION("""COMPUTED_VALUE"""),"") | AP14: =IFERROR(__xludf.DUMMYFUNCTION("""COMPUTED_VALUE"""),"Hisuian Zoroark") -> Hisuian Zoroark | AQ14: X | AT14: =IFERROR(__xludf.DUMMYFUNCTION("""COMPUTED_VALUE"""),"") | AU14: =IFERROR(__xludf.DUMMYFUNCTION("""COMPUTED_VALUE"""),"Hawlucha") -> Hawlucha | AV14: - | AW14: 12 | AY14: =IFERROR(__xludf.DUMMYFUNCTION("""COMPUTED_VALUE"""),"") | AZ14: =IFERROR(__xludf.DUMMYFUNCTION("""COMPUTED_VALUE"""),"Kleavor") -> Kleavor | BA14: X | BB14: 11 | BD14: =IFERROR(__xludf.DUMMYFUNCTION("""COMPUTED_VALUE"""),"") | BE14: =IFERROR(__xludf.DUMMYFUNCTION("""COMPUTED_VALUE"""),"Entei") -> Entei | BF14: - | BG14: 11 | BI14: =IFERROR(__xludf.DUMMYFUNCTION("""COMPUTED_VALUE"""),"") | BJ14: =IFERROR(__xludf.DUMMYFUNCTION("""COMPUTED_VALUE"""),"Dugtrio") -> Dugtrio | BK14: - | BL14: 10 | BN14: =IFERROR(__xludf.DUMMYFUNCTION("""COMPUTED_VALUE"""),"") | BO14: =IFERROR(__xludf.DUMMYFUNCTION("""COMPUTED_VALUE"""),"Flamigo") -> Flamigo | BP14: - | BQ14: 8 | BS14: =IFERROR(__xludf.DUMMYFUNCTION("""COMPUTED_VALUE"""),"") | BT14: =IFERROR(__xludf.DUMMYFUNCTION("""COMPUTED_VALUE"""),"Galvantula") -> Galvantula | BU14: - | BV14: 7 | BX14: =IFERROR(__xludf.DUMMYFUNCTION("""COMPUTED_VALUE"""),"") | BY14: =IFERROR(__xludf.DUMMYFUNCTION("""COMPUTED_VALUE"""),"Golurk") -> Golurk | BZ14: - | CA14: 6 | CC14: =IFERROR(__xludf.DUMMYFUNCTION("""COMPUTED_VALUE"""),"") | CD14: =IFERROR(__xludf.DUMMYFUNCTION("""COMPUTED_VALUE"""),"Hitmonchan") -> Hitmonchan | CE14: - | CF14: 5 | CH14: =IFERROR(__xludf.DUMMYFUNCTION("""COMPUTED_VALUE"""),"") | CI14: =IFERROR(__xludf.DUMMYFUNCTION("""COMPUTED_VALUE"""),"Ditto") -> Ditto | CJ14: - | CK14: 4 | CM14: =IFERROR(__xludf.DUMMYFUNCTION("""COMPUTED_VALUE"""),"") | CN14: =IFERROR(__xludf.DUMMYFUNCTION("""COMPUTED_VALUE"""),"Carbink") -> Carbink | CO14: - | CP14: 3 | CR14: =IFERROR(__xludf.DUMMYFUNCTION("""COMPUTED_VALUE"""),"") | CS14: =IFERROR(__xludf.DUMMYFUNCTION("""COMPUTED_VALUE"""),"Cacturne") -> Cacturne | CT14: - | CU14: 1
D15: Kyogre | Z15: =IFERROR(__xludf.DUMMYFUNCTION("""COMPUTED_VALUE"""),"") | AA15: =IFERROR(__xludf.DUMMYFUNCTION("""COMPUTED_VALUE"""),"Manaphy") -> Manaphy | AB15: - | AE15: =IFERROR(__xludf.DUMMYFUNCTION("""COMPUTED_VALUE"""),"") | AF15: =IFERROR(__xludf.DUMMYFUNCTION("""COMPUTED_VALUE"""),"Ogerpon-Cornerstone") -> Ogerpon-Cornerstone | AG15: - | AJ15: =IFERROR(__xludf.DUMMYFUNCTION("""COMPUTED_VALUE"""),"") | AK15: =IFERROR(__xludf.DUMMYFUNCTION("""COMPUTED_VALUE"""),"Latias") -> Latias | AL15: X | AO15: =IFERROR(__xludf.DUMMYFUNCTION("""COMPUTED_VALUE"""),"") | AP15: =IFERROR(__xludf.DUMMYFUNCTION("""COMPUTED_VALUE"""),"Hydrapple") -> Hydrapple | AQ15: - | AT15: =IFERROR(__xludf.DUMMYFUNCTION("""COMPUTED_VALUE"""),"") | AU15: =IFERROR(__xludf.DUMMYFUNCTION("""COMPUTED_VALUE"""),"Haxorus") -> Haxorus | AV15: - | AW15: 13 | AY15: =IFERROR(__xludf.DUMMYFUNCTION("""COMPUTED_VALUE"""),"") | AZ15: =IFERROR(__xludf.DUMMYFUNCTION("""COMPUTED_VALUE"""),"Munkidori") -> Munkidori | BA15: - | BB15: 12 | BD15: =IFERROR(__xludf.DUMMYFUNCTION("""COMPUTED_VALUE"""),"") | BE15: =IFERROR(__xludf.DUMMYFUNCTION("""COMPUTED_VALUE"""),"Espathra") -> Espathra | BF15: - | BG15: 13 | BI15: =IFERROR(__xludf.DUMMYFUNCTION("""COMPUTED_VALUE"""),"") | BJ15: =IFERROR(__xludf.DUMMYFUNCTION("""COMPUTED_VALUE"""),"Galarian Weezing") -> Galarian Weezing | BK15: - | BL15: 9 | BN15: =IFERROR(__xludf.DUMMYFUNCTION("""COMPUTED_VALUE"""),"") | BO15: =IFERROR(__xludf.DUMMYFUNCTION("""COMPUTED_VALUE"""),"Forretress") -> Forretress | BP15: - | BQ15: 8 | BS15: =IFERROR(__xludf.DUMMYFUNCTION("""COMPUTED_VALUE"""),"") | BT15: =IFERROR(__xludf.DUMMYFUNCTION("""COMPUTED_VALUE"""),"Grafaiai") -> Grafaiai | BU15: - | BV15: 7 | BX15: =IFERROR(__xludf.DUMMYFUNCTION("""COMPUTED_VALUE"""),"") | BY15: =IFERROR(__xludf.DUMMYFUNCTION("""COMPUTED_VALUE"""),"Gothorita") -> Gothorita | BZ15: - | CA15: 7 | CC15: =IFERROR(__xludf.DUMMYFUNCTION("""COMPUTED_VALUE"""),"") | CD15: =IFERROR(__xludf.DUMMYFUNCTION("""COMPUTED_VALUE"""),"Hitmontop") -> Hitmontop | CE15: - | CF15: 5 | CH15: =IFERROR(__xludf.DUMMYFUNCTION("""COMPUTED_VALUE"""),"") | CI15: =IFERROR(__xludf.DUMMYFUNCTION("""COMPUTED_VALUE"""),"Dusclops") -> Dusclops | CJ15: X | CK15: 4 | CM15: =IFERROR(__xludf.DUMMYFUNCTION("""COMPUTED_VALUE"""),"") | CN15: =IFERROR(__xludf.DUMMYFUNCTION("""COMPUTED_VALUE"""),"Crabominable") -> Crabominable | CO15: - | CP15: 3 | CR15: =IFERROR(__xludf.DUMMYFUNCTION("""COMPUTED_VALUE"""),"") | CS15: =IFERROR(__xludf.DUMMYFUNCTION("""COMPUTED_VALUE"""),"Calyrex") -> Calyrex | CT15: - | CU15: 2
D16: Kyogre-Primal | Z16: =IFERROR(__xludf.DUMMYFUNCTION("""COMPUTED_VALUE"""),"") | AA16: =IFERROR(__xludf.DUMMYFUNCTION("""COMPUTED_VALUE"""),"Necrozma") -> Necrozma | AB16: - | AE16: =IFERROR(__xludf.DUMMYFUNCTION("""COMPUTED_VALUE"""),"") | AF16: =IFERROR(__xludf.DUMMYFUNCTION("""COMPUTED_VALUE"""),"Roaring Moon") -> Roaring Moon | AG16: - | AJ16: =IFERROR(__xludf.DUMMYFUNCTION("""COMPUTED_VALUE"""),"") | AK16: =IFERROR(__xludf.DUMMYFUNCTION("""COMPUTED_VALUE"""),"Metagross") -> Metagross | AL16: - | AO16: =IFERROR(__xludf.DUMMYFUNCTION("""COMPUTED_VALUE"""),"") | AP16: =IFERROR(__xludf.DUMMYFUNCTION("""COMPUTED_VALUE"""),"Hydreigon") -> Hydreigon | AQ16: - | AT16: =IFERROR(__xludf.DUMMYFUNCTION("""COMPUTED_VALUE"""),"") | AU16: =IFERROR(__xludf.DUMMYFUNCTION("""COMPUTED_VALUE"""),"Hoopa-Unbound") -> Hoopa-Unbound | AV16: X | AW16: 13 | AY16: =IFERROR(__xludf.DUMMYFUNCTION("""COMPUTED_VALUE"""),"") | AZ16: =IFERROR(__xludf.DUMMYFUNCTION("""COMPUTED_VALUE"""),"Noivern") -> Noivern | BA16: X | BB16: 11 | BD16: =IFERROR(__xludf.DUMMYFUNCTION("""COMPUTED_VALUE"""),"") | BE16: =IFERROR(__xludf.DUMMYFUNCTION("""COMPUTED_VALUE"""),"Florges") -> Florges | BF16: - | BG16: 10 | BI16: =IFERROR(__xludf.DUMMYFUNCTION("""COMPUTED_VALUE"""),"") | BJ16: =IFERROR(__xludf.DUMMYFUNCTION("""COMPUTED_VALUE"""),"Garganacl") -> Garganacl | BK16: - | BL16: 11 | BN16: =IFERROR(__xludf.DUMMYFUNCTION("""COMPUTED_VALUE"""),"") | BO16: =IFERROR(__xludf.DUMMYFUNCTION("""COMPUTED_VALUE"""),"Gastrodon") -> Gastrodon | BP16: - | BQ16: 8 | BS16: =IFERROR(__xludf.DUMMYFUNCTION("""COMPUTED_VALUE"""),"") | BT16: =IFERROR(__xludf.DUMMYFUNCTION("""COMPUTED_VALUE"""),"Hisuian Typhlosion") -> Hisuian Typhlosion | BU16: - | BV16: 7 | BX16: =IFERROR(__xludf.DUMMYFUNCTION("""COMPUTED_VALUE"""),"") | BY16: =IFERROR(__xludf.DUMMYFUNCTION("""COMPUTED_VALUE"""),"Hisuian Decidueye") -> Hisuian Decidueye | BZ16: - | CA16: 6 | CC16: =IFERROR(__xludf.DUMMYFUNCTION("""COMPUTED_VALUE"""),"") | CD16: =IFERROR(__xludf.DUMMYFUNCTION("""COMPUTED_VALUE"""),"Lanturn") -> Lanturn | CE16: - | CF16: 5 | CH16: =IFERROR(__xludf.DUMMYFUNCTION("""COMPUTED_VALUE"""),"") | CI16: =IFERROR(__xludf.DUMMYFUNCTION("""COMPUTED_VALUE"""),"Dusknoir") -> Dusknoir | CJ16: - | CK16: 4 | CM16: =IFERROR(__xludf.DUMMYFUNCTION("""COMPUTED_VALUE"""),"") | CN16: =IFERROR(__xludf.DUMMYFUNCTION("""COMPUTED_VALUE"""),"Cramorant") -> Cramorant | CO16: - | CP16: 3 | CR16: =IFERROR(__xludf.DUMMYFUNCTION("""COMPUTED_VALUE"""),"") | CS16: =IFERROR(__xludf.DUMMYFUNCTION("""COMPUTED_VALUE"""),"Carkol") -> Carkol | CT16: - | CU16: 2
D17: Kyurem-White | Z17: =IFERROR(__xludf.DUMMYFUNCTION("""COMPUTED_VALUE"""),"") | AA17: =IFERROR(__xludf.DUMMYFUNCTION("""COMPUTED_VALUE"""),"Ogerpon-Wellspring") -> Ogerpon-Wellspring | AB17: X | AE17: =IFERROR(__xludf.DUMMYFUNCTION("""COMPUTED_VALUE"""),"") | AF17: =IFERROR(__xludf.DUMMYFUNCTION("""COMPUTED_VALUE"""),"Rotom-Wash") -> Rotom-Wash | AG17: X | AJ17: =IFERROR(__xludf.DUMMYFUNCTION("""COMPUTED_VALUE"""),"") | AK17: =IFERROR(__xludf.DUMMYFUNCTION("""COMPUTED_VALUE"""),"Ogerpon-Hearthflame") -> Ogerpon-Hearthflame | AL17: X | AO17: =IFERROR(__xludf.DUMMYFUNCTION("""COMPUTED_VALUE"""),"") | AP17: =IFERROR(__xludf.DUMMYFUNCTION("""COMPUTED_VALUE"""),"Iron Jugulis") -> Iron Jugulis | AQ17: X | AT17: =IFERROR(__xludf.DUMMYFUNCTION("""COMPUTED_VALUE"""),"") | AU17: =IFERROR(__xludf.DUMMYFUNCTION("""COMPUTED_VALUE"""),"Iron Crown") -> Iron Crown | AV17: - | AW17: 14 | AY17: =IFERROR(__xludf.DUMMYFUNCTION("""COMPUTED_VALUE"""),"") | AZ17: =IFERROR(__xludf.DUMMYFUNCTION("""COMPUTED_VALUE"""),"Okidogi") -> Okidogi | BA17: - | BB17: 13 | BD17: =IFERROR(__xludf.DUMMYFUNCTION("""COMPUTED_VALUE"""),"") | BE17: =IFERROR(__xludf.DUMMYFUNCTION("""COMPUTED_VALUE"""),"Galarian Slowbro") -> Galarian Slowbro | BF17: - | BG17: 10 | BI17: =IFERROR(__xludf.DUMMYFUNCTION("""COMPUTED_VALUE"""),"") | BJ17: =IFERROR(__xludf.DUMMYFUNCTION("""COMPUTED_VALUE"""),"Goodra") -> Goodra | BK17: - | BL17: 9 | BN17: =IFERROR(__xludf.DUMMYFUNCTION("""COMPUTED_VALUE"""),"") | BO17: =IFERROR(__xludf.DUMMYFUNCTION("""COMPUTED_VALUE"""),"Glastrier") -> Glastrier | BP17: - | BQ17: 9 | BS17: =IFERROR(__xludf.DUMMYFUNCTION("""COMPUTED_VALUE"""),"") | BT17: =IFERROR(__xludf.DUMMYFUNCTION("""COMPUTED_VALUE"""),"Hitmonlee") -> Hitmonlee | BU17: - | BV17: 7 | BX17: =IFERROR(__xludf.DUMMYFUNCTION("""COMPUTED_VALUE"""),"") | BY17: =IFERROR(__xludf.DUMMYFUNCTION("""COMPUTED_VALUE"""),"Hoopa") -> Hoopa | BZ17: - | CA17: 6 | CC17: =IFERROR(__xludf.DUMMYFUNCTION("""COMPUTED_VALUE"""),"") | CD17: =IFERROR(__xludf.DUMMYFUNCTION("""COMPUTED_VALUE"""),"Mabosstiff") -> Mabosstiff | CE17: - | CF17: 5 | CH17: =IFERROR(__xludf.DUMMYFUNCTION("""COMPUTED_VALUE"""),"") | CI17: =IFERROR(__xludf.DUMMYFUNCTION("""COMPUTED_VALUE"""),"Electrode") -> Electrode | CJ17: - | CK17: 5 | CM17: =IFERROR(__xludf.DUMMYFUNCTION("""COMPUTED_VALUE"""),"") | CN17: =IFERROR(__xludf.DUMMYFUNCTION("""COMPUTED_VALUE"""),"Crocalor") -> Crocalor | CO17: - | CP17: 3 | CR17: =IFERROR(__xludf.DUMMYFUNCTION("""COMPUTED_VALUE"""),"") | CS17: =IFERROR(__xludf.DUMMYFUNCTION("""COMPUTED_VALUE"""),"Charjabug") -> Charjabug | CT17: - | CU17: 1
D18: Lugia | Z18: =IFERROR(__xludf.DUMMYFUNCTION("""COMPUTED_VALUE"""),"") | AA18: =IFERROR(__xludf.DUMMYFUNCTION("""COMPUTED_VALUE"""),"Quaquaval") -> Quaquaval | AB18: - | AE18: =IFERROR(__xludf.DUMMYFUNCTION("""COMPUTED_VALUE"""),"") | AF18: =IFERROR(__xludf.DUMMYFUNCTION("""COMPUTED_VALUE"""),"Urshifu-Rapid-Strike") -> Urshifu-Rapid-Strike | AG18: - | AJ18: =IFERROR(__xludf.DUMMYFUNCTION("""COMPUTED_VALUE"""),"") | AK18: =IFERROR(__xludf.DUMMYFUNCTION("""COMPUTED_VALUE"""),"Salamence") -> Salamence | AL18: - | AO18: =IFERROR(__xludf.DUMMYFUNCTION("""COMPUTED_VALUE"""),"") | AP18: =IFERROR(__xludf.DUMMYFUNCTION("""COMPUTED_VALUE"""),"Krookodile") -> Krookodile | AQ18: X | AT18: =IFERROR(__xludf.DUMMYFUNCTION("""COMPUTED_VALUE"""),"") | AU18: =IFERROR(__xludf.DUMMYFUNCTION("""COMPUTED_VALUE"""),"Klefki") -> Klefki | AV18: - | AW18: 12 | AY18: =IFERROR(__xludf.DUMMYFUNCTION("""COMPUTED_VALUE"""),"") | AZ18: =IFERROR(__xludf.DUMMYFUNCTION("""COMPUTED_VALUE"""),"Overqwil") -> Overqwil | BA18: - | BB18: 11 | BD18: =IFERROR(__xludf.DUMMYFUNCTION("""COMPUTED_VALUE"""),"") | BE18: =IFERROR(__xludf.DUMMYFUNCTION("""COMPUTED_VALUE"""),"Gallade") -> Gallade | BF18: - | BG18: 11 | BI18: =IFERROR(__xludf.DUMMYFUNCTION("""COMPUTED_VALUE"""),"") | BJ18: =IFERROR(__xludf.DUMMYFUNCTION("""COMPUTED_VALUE"""),"Gyarados") -> Gyarados | BK18: - | BL18: 11 | BN18: =IFERROR(__xludf.DUMMYFUNCTION("""COMPUTED_VALUE"""),"") | BO18: =IFERROR(__xludf.DUMMYFUNCTION("""COMPUTED_VALUE"""),"Hariyama") -> Hariyama | BP18: - | BQ18: 9 | BS18: =IFERROR(__xludf.DUMMYFUNCTION("""COMPUTED_VALUE"""),"") | BT18: =IFERROR(__xludf.DUMMYFUNCTION("""COMPUTED_VALUE"""),"Houndstone") -> Houndstone | BU18: - | BV18: 7 | BX18: =IFERROR(__xludf.DUMMYFUNCTION("""COMPUTED_VALUE"""),"") | BY18: =IFERROR(__xludf.DUMMYFUNCTION("""COMPUTED_VALUE"""),"Iron Thorns") -> Iron Thorns | BZ18: - | CA18: 7 | CC18: =IFERROR(__xludf.DUMMYFUNCTION("""COMPUTED_VALUE"""),"") | CD18: =IFERROR(__xludf.DUMMYFUNCTION("""COMPUTED_VALUE"""),"Poliwrath") -> Poliwrath | CE18: - | CF18: 5 | CH18: =IFERROR(__xludf.DUMMYFUNCTION("""COMPUTED_VALUE"""),"") | CI18: =IFERROR(__xludf.DUMMYFUNCTION("""COMPUTED_VALUE"""),"Flapple") -> Flapple | CJ18: - | CK18: 4 | CM18: =IFERROR(__xludf.DUMMYFUNCTION("""COMPUTED_VALUE"""),"") | CN18: =IFERROR(__xludf.DUMMYFUNCTION("""COMPUTED_VALUE"""),"Dewgong") -> Dewgong | CO18: - | CP18: 3 | CR18: =IFERROR(__xludf.DUMMYFUNCTION("""COMPUTED_VALUE"""),"") | CS18: =IFERROR(__xludf.DUMMYFUNCTION("""COMPUTED_VALUE"""),"Chimecho") -> Chimecho | CT18: - | CU18: 2
D19: Lunala | Z19: =IFERROR(__xludf.DUMMYFUNCTION("""COMPUTED_VALUE"""),"") | AA19: =IFERROR(__xludf.DUMMYFUNCTION("""COMPUTED_VALUE"""),"Ting-Lu") -> Ting-Lu | AB19: - | AE19: =IFERROR(__xludf.DUMMYFUNCTION("""COMPUTED_VALUE"""),"") | AF19: =IFERROR(__xludf.DUMMYFUNCTION("""COMPUTED_VALUE"""),"Walking Wake") -> Walking Wake | AG19: X | AJ19: =IFERROR(__xludf.DUMMYFUNCTION("""COMPUTED_VALUE"""),"") | AK19: =IFERROR(__xludf.DUMMYFUNCTION("""COMPUTED_VALUE"""),"Scizor") -> Scizor | AL19: X | AO19: =IFERROR(__xludf.DUMMYFUNCTION("""COMPUTED_VALUE"""),"") | AP19: =IFERROR(__xludf.DUMMYFUNCTION("""COMPUTED_VALUE"""),"Lycanroc-Dusk") -> Lycanroc-Dusk | AQ19: - | AT19: =IFERROR(__xludf.DUMMYFUNCTION("""COMPUTED_VALUE"""),"") | AU19: =IFERROR(__xludf.DUMMYFUNCTION("""COMPUTED_VALUE"""),"Mamoswine") -> Mamoswine | AV19: X | AW19: 12 | AY19: =IFERROR(__xludf.DUMMYFUNCTION("""COMPUTED_VALUE"""),"") | AZ19: =IFERROR(__xludf.DUMMYFUNCTION("""COMPUTED_VALUE"""),"Paldean Tauros-Water") -> Paldean Tauros-Water | BA19: - | BB19: 11 | BD19: =IFERROR(__xludf.DUMMYFUNCTION("""COMPUTED_VALUE"""),"") | BE19: =IFERROR(__xludf.DUMMYFUNCTION("""COMPUTED_VALUE"""),"Heracross") -> Heracross | BF19: - | BG19: 10 | BI19: =IFERROR(__xludf.DUMMYFUNCTION("""COMPUTED_VALUE"""),"") | BJ19: =IFERROR(__xludf.DUMMYFUNCTION("""COMPUTED_VALUE"""),"Hisuian Braviary") -> Hisuian Braviary | BK19: - | BL19: 10 | BN19: =IFERROR(__xludf.DUMMYFUNCTION("""COMPUTED_VALUE"""),"") | BO19: =IFERROR(__xludf.DUMMYFUNCTION("""COMPUTED_VALUE"""),"Hisuian Qwilfish") -> Hisuian Qwilfish | BP19: - | BQ19: 8 | BS19: =IFERROR(__xludf.DUMMYFUNCTION("""COMPUTED_VALUE"""),"") | BT19: =IFERROR(__xludf.DUMMYFUNCTION("""COMPUTED_VALUE"""),"Indeedee-Female") -> Indeedee-Female | BU19: - | BV19: 7 | BX19: =IFERROR(__xludf.DUMMYFUNCTION("""COMPUTED_VALUE"""),"") | BY19: =IFERROR(__xludf.DUMMYFUNCTION("""COMPUTED_VALUE"""),"Jolteon") -> Jolteon | BZ19: - | CA19: 9 | CC19: =IFERROR(__xludf.DUMMYFUNCTION("""COMPUTED_VALUE"""),"") | CD19: =IFERROR(__xludf.DUMMYFUNCTION("""COMPUTED_VALUE"""),"Quilladin") -> Quilladin | CE19: - | CF19: 5 | CH19: =IFERROR(__xludf.DUMMYFUNCTION("""COMPUTED_VALUE"""),"") | CI19: =IFERROR(__xludf.DUMMYFUNCTION("""COMPUTED_VALUE"""),"Frosmoth") -> Frosmoth | CJ19: - | CK19: 5 | CM19: =IFERROR(__xludf.DUMMYFUNCTION("""COMPUTED_VALUE"""),"") | CN19: =IFERROR(__xludf.DUMMYFUNCTION("""COMPUTED_VALUE"""),"Dodrio") -> Dodrio | CO19: - | CP19: 3 | CR19: =IFERROR(__xludf.DUMMYFUNCTION("""COMPUTED_VALUE"""),"") | CS19: =IFERROR(__xludf.DUMMYFUNCTION("""COMPUTED_VALUE"""),"Cosmoem") -> Cosmoem | CT19: - | CU19: 1
D20: Magearna | Z20: =IFERROR(__xludf.DUMMYFUNCTION("""COMPUTED_VALUE"""),"") | AA20: =IFERROR(__xludf.DUMMYFUNCTION("""COMPUTED_VALUE"""),"Weavile") -> Weavile | AB20: - | AJ20: =IFERROR(__xludf.DUMMYFUNCTION("""COMPUTED_VALUE"""),"") | AK20: =IFERROR(__xludf.DUMMYFUNCTION("""COMPUTED_VALUE"""),"Scream Tail") -> Scream Tail | AL20: - | AO20: =IFERROR(__xludf.DUMMYFUNCTION("""COMPUTED_VALUE"""),"") | AP20: =IFERROR(__xludf.DUMMYFUNCTION("""COMPUTED_VALUE"""),"Mienshao") -> Mienshao | AQ20: - | AT20: =IFERROR(__xludf.DUMMYFUNCTION("""COMPUTED_VALUE"""),"") | AU20: =IFERROR(__xludf.DUMMYFUNCTION("""COMPUTED_VALUE"""),"Pawmot") -> Pawmot | AV20: - | AW20: 12 | AY20: =IFERROR(__xludf.DUMMYFUNCTION("""COMPUTED_VALUE"""),"") | AZ20: =IFERROR(__xludf.DUMMYFUNCTION("""COMPUTED_VALUE"""),"Rotom-Heat") -> Rotom-Heat | BA20: - | BB20: 11 | BD20: =IFERROR(__xludf.DUMMYFUNCTION("""COMPUTED_VALUE"""),"") | BE20: =IFERROR(__xludf.DUMMYFUNCTION("""COMPUTED_VALUE"""),"Hisuian Electrode") -> Hisuian Electrode | BF20: - | BG20: 11 | BI20: =IFERROR(__xludf.DUMMYFUNCTION("""COMPUTED_VALUE"""),"") | BJ20: =IFERROR(__xludf.DUMMYFUNCTION("""COMPUTED_VALUE"""),"Inteleon") -> Inteleon | BK20: - | BL20: 9 | BN20: =IFERROR(__xludf.DUMMYFUNCTION("""COMPUTED_VALUE"""),"") | BO20: =IFERROR(__xludf.DUMMYFUNCTION("""COMPUTED_VALUE"""),"Incineroar") -> Incineroar | BP20: - | BQ20: 8 | BS20: =IFERROR(__xludf.DUMMYFUNCTION("""COMPUTED_VALUE"""),"") | BT20: =IFERROR(__xludf.DUMMYFUNCTION("""COMPUTED_VALUE"""),"Medicham") -> Medicham | BU20: - | BV20: 7 | BX20: =IFERROR(__xludf.DUMMYFUNCTION("""COMPUTED_VALUE"""),"") | BY20: =IFERROR(__xludf.DUMMYFUNCTION("""COMPUTED_VALUE"""),"Lycanroc-Midday") -> Lycanroc-Midday | BZ20: - | CA20: 7 | CC20: =IFERROR(__xludf.DUMMYFUNCTION("""COMPUTED_VALUE"""),"") | CD20: =IFERROR(__xludf.DUMMYFUNCTION("""COMPUTED_VALUE"""),"Raichu") -> Raichu | CE20: - | CF20: 5 | CH20: =IFERROR(__xludf.DUMMYFUNCTION("""COMPUTED_VALUE"""),"") | CI20: =IFERROR(__xludf.DUMMYFUNCTION("""COMPUTED_VALUE"""),"Greedent") -> Greedent | CJ20: - | CK20: 4 | CM20: =IFERROR(__xludf.DUMMYFUNCTION("""COMPUTED_VALUE"""),"") | CN20: =IFERROR(__xludf.DUMMYFUNCTION("""COMPUTED_VALUE"""),"Duosion") -> Duosion | CO20: - | CP20: 3 | CR20: =IFERROR(__xludf.DUMMYFUNCTION("""COMPUTED_VALUE"""),"") | CS20: =IFERROR(__xludf.DUMMYFUNCTION("""COMPUTED_VALUE"""),"Croconaw") -> Croconaw | CT20: - | CU20: 1
D21: Mewtwo | Z21: =IFERROR(__xludf.DUMMYFUNCTION("""COMPUTED_VALUE"""),"") | AA21: =IFERROR(__xludf.DUMMYFUNCTION("""COMPUTED_VALUE"""),"Zapdos") -> Zapdos | AB21: X | AJ21: =IFERROR(__xludf.DUMMYFUNCTION("""COMPUTED_VALUE"""),"") | AK21: =IFERROR(__xludf.DUMMYFUNCTION("""COMPUTED_VALUE"""),"Skarmory") -> Skarmory | AL21: - | AO21: =IFERROR(__xludf.DUMMYFUNCTION("""COMPUTED_VALUE"""),"") | AP21: =IFERROR(__xludf.DUMMYFUNCTION("""COMPUTED_VALUE"""),"Raging Bolt") -> Raging Bolt | AQ21: X | AT21: =IFERROR(__xludf.DUMMYFUNCTION("""COMPUTED_VALUE"""),"") | AU21: =IFERROR(__xludf.DUMMYFUNCTION("""COMPUTED_VALUE"""),"Primarina") -> Primarina | AV21: - | AW21: 13 | AY21: =IFERROR(__xludf.DUMMYFUNCTION("""COMPUTED_VALUE"""),"") | AZ21: =IFERROR(__xludf.DUMMYFUNCTION("""COMPUTED_VALUE"""),"Slowbro") -> Slowbro | BA21: - | BB21: 11 | BD21: =IFERROR(__xludf.DUMMYFUNCTION("""COMPUTED_VALUE"""),"") | BE21: =IFERROR(__xludf.DUMMYFUNCTION("""COMPUTED_VALUE"""),"Lokix") -> Lokix | BF21: - | BG21: 10 | BI21: =IFERROR(__xludf.DUMMYFUNCTION("""COMPUTED_VALUE"""),"") | BJ21: =IFERROR(__xludf.DUMMYFUNCTION("""COMPUTED_VALUE"""),"Iron Leaves") -> Iron Leaves | BK21: - | BL21: 11 | BN21: =IFERROR(__xludf.DUMMYFUNCTION("""COMPUTED_VALUE"""),"") | BO21: =IFERROR(__xludf.DUMMYFUNCTION("""COMPUTED_VALUE"""),"Kilowattrel") -> Kilowattrel | BP21: - | BQ21: 9 | BS21: =IFERROR(__xludf.DUMMYFUNCTION("""COMPUTED_VALUE"""),"") | BT21: =IFERROR(__xludf.DUMMYFUNCTION("""COMPUTED_VALUE"""),"Paldean Tauros") -> Paldean Tauros | BU21: - | BV21: 7 | BX21: =IFERROR(__xludf.DUMMYFUNCTION("""COMPUTED_VALUE"""),"") | BY21: =IFERROR(__xludf.DUMMYFUNCTION("""COMPUTED_VALUE"""),"Magneton") -> Magneton | BZ21: - | CA21: 6 | CC21: =IFERROR(__xludf.DUMMYFUNCTION("""COMPUTED_VALUE"""),"") | CD21: =IFERROR(__xludf.DUMMYFUNCTION("""COMPUTED_VALUE"""),"Regirock") -> Regirock | CE21: - | CF21: 5 | CH21: =IFERROR(__xludf.DUMMYFUNCTION("""COMPUTED_VALUE"""),"") | CI21: =IFERROR(__xludf.DUMMYFUNCTION("""COMPUTED_VALUE"""),"Gurdurr") -> Gurdurr | CJ21: - | CK21: 4 | CM21: =IFERROR(__xludf.DUMMYFUNCTION("""COMPUTED_VALUE"""),"") | CN21: =IFERROR(__xludf.DUMMYFUNCTION("""COMPUTED_VALUE"""),"Eiscue") -> Eiscue | CO21: - | CP21: 3 | CR21: =IFERROR(__xludf.DUMMYFUNCTION("""COMPUTED_VALUE"""),"") | CS21: =IFERROR(__xludf.DUMMYFUNCTION("""COMPUTED_VALUE"""),"Dedenne") -> Dedenne | CT21: - | CU21: 1
D22: Mewtwo-Mega X | AJ22: =IFERROR(__xludf.DUMMYFUNCTION("""COMPUTED_VALUE"""),"") | AK22: =IFERROR(__xludf.DUMMYFUNCTION("""COMPUTED_VALUE"""),"Slowking") -> Slowking | AL22: - | AO22: =IFERROR(__xludf.DUMMYFUNCTION("""COMPUTED_VALUE"""),"") | AP22: =IFERROR(__xludf.DUMMYFUNCTION("""COMPUTED_VALUE"""),"Raikou") -> Raikou | AQ22: X | AT22: =IFERROR(__xludf.DUMMYFUNCTION("""COMPUTED_VALUE"""),"") | AU22: =IFERROR(__xludf.DUMMYFUNCTION("""COMPUTED_VALUE"""),"Reuniclus") -> Reuniclus | AV22: - | AW22: 13 | AY22: =IFERROR(__xludf.DUMMYFUNCTION("""COMPUTED_VALUE"""),"") | AZ22: =IFERROR(__xludf.DUMMYFUNCTION("""COMPUTED_VALUE"""),"Snorlax") -> Snorlax | BA22: - | BB22: 12 | BD22: =IFERROR(__xludf.DUMMYFUNCTION("""COMPUTED_VALUE"""),"") | BE22: =IFERROR(__xludf.DUMMYFUNCTION("""COMPUTED_VALUE"""),"Mandibuzz") -> Mandibuzz | BF22: - | BG22: 10 | BI22: =IFERROR(__xludf.DUMMYFUNCTION("""COMPUTED_VALUE"""),"") | BJ22: =IFERROR(__xludf.DUMMYFUNCTION("""COMPUTED_VALUE"""),"Milotic") -> Milotic | BK22: - | BL22: 9 | BN22: =IFERROR(__xludf.DUMMYFUNCTION("""COMPUTED_VALUE"""),"") | BO22: =IFERROR(__xludf.DUMMYFUNCTION("""COMPUTED_VALUE"""),"Kingdra") -> Kingdra | BP22: X | BQ22: 8 | BS22: =IFERROR(__xludf.DUMMYFUNCTION("""COMPUTED_VALUE"""),"") | BT22: =IFERROR(__xludf.DUMMYFUNCTION("""COMPUTED_VALUE"""),"Passimian") -> Passimian | BU22: - | BV22: 7 | BX22: =IFERROR(__xludf.DUMMYFUNCTION("""COMPUTED_VALUE"""),"") | BY22: =IFERROR(__xludf.DUMMYFUNCTION("""COMPUTED_VALUE"""),"Maushold") -> Maushold | BZ22: - | CA22: 6 | CC22: =IFERROR(__xludf.DUMMYFUNCTION("""COMPUTED_VALUE"""),"") | CD22: =IFERROR(__xludf.DUMMYFUNCTION("""COMPUTED_VALUE"""),"Rhydon") -> Rhydon | CE22: - | CF22: 5 | CH22: =IFERROR(__xludf.DUMMYFUNCTION("""COMPUTED_VALUE"""),"") | CI22: =IFERROR(__xludf.DUMMYFUNCTION("""COMPUTED_VALUE"""),"Honchkrow") -> Honchkrow | CJ22: - | CK22: 4 | CM22: =IFERROR(__xludf.DUMMYFUNCTION("""COMPUTED_VALUE"""),"") | CN22: =IFERROR(__xludf.DUMMYFUNCTION("""COMPUTED_VALUE"""),"Electabuzz") -> Electabuzz | CO22: - | CP22: 3 | CR22: =IFERROR(__xludf.DUMMYFUNCTION("""COMPUTED_VALUE"""),"") | CS22: =IFERROR(__xludf.DUMMYFUNCTION("""COMPUTED_VALUE"""),"Delibird") -> Delibird | CT22: - | CU22: 1
D23: Mewtwo-Mega Y | AJ23: =IFERROR(__xludf.DUMMYFUNCTION("""COMPUTED_VALUE"""),"") | AK23: =IFERROR(__xludf.DUMMYFUNCTION("""COMPUTED_VALUE"""),"Swampert") -> Swampert | AL23: - | AO23: =IFERROR(__xludf.DUMMYFUNCTION("""COMPUTED_VALUE"""),"") | AP23: =IFERROR(__xludf.DUMMYFUNCTION("""COMPUTED_VALUE"""),"Serperior") -> Serperior | AQ23: - | AT23: =IFERROR(__xludf.DUMMYFUNCTION("""COMPUTED_VALUE"""),"") | AU23: =IFERROR(__xludf.DUMMYFUNCTION("""COMPUTED_VALUE"""),"Rillaboom") -> Rillaboom | AV23: - | AW23: 13 | AY23: =IFERROR(__xludf.DUMMYFUNCTION("""COMPUTED_VALUE"""),"") | AZ23: =IFERROR(__xludf.DUMMYFUNCTION("""COMPUTED_VALUE"""),"Talonflame") -> Talonflame | BA23: - | BB23: 11 | BD23: =IFERROR(__xludf.DUMMYFUNCTION("""COMPUTED_VALUE"""),"") | BE23: =IFERROR(__xludf.DUMMYFUNCTION("""COMPUTED_VALUE"""),"Meloetta") -> Meloetta | BF23: - | BG23: 11 | BI23: =IFERROR(__xludf.DUMMYFUNCTION("""COMPUTED_VALUE"""),"") | BJ23: =IFERROR(__xludf.DUMMYFUNCTION("""COMPUTED_VALUE"""),"Quagsire") -> Quagsire | BK23: - | BL23: 9 | BN23: =IFERROR(__xludf.DUMMYFUNCTION("""COMPUTED_VALUE"""),"") | BO23: =IFERROR(__xludf.DUMMYFUNCTION("""COMPUTED_VALUE"""),"Lucario") -> Lucario | BP23: - | BQ23: 10 | BS23: =IFERROR(__xludf.DUMMYFUNCTION("""COMPUTED_VALUE"""),"") | BT23: =IFERROR(__xludf.DUMMYFUNCTION("""COMPUTED_VALUE"""),"Piloswine") -> Piloswine | BU23: - | BV23: 7 | BX23: =IFERROR(__xludf.DUMMYFUNCTION("""COMPUTED_VALUE"""),"") | BY23: =IFERROR(__xludf.DUMMYFUNCTION("""COMPUTED_VALUE"""),"Muk") -> Muk | BZ23: - | CA23: 6 | CC23: =IFERROR(__xludf.DUMMYFUNCTION("""COMPUTED_VALUE"""),"") | CD23: =IFERROR(__xludf.DUMMYFUNCTION("""COMPUTED_VALUE"""),"Scovillain") -> Scovillain | CE23: - | CF23: 6 | CH23: =IFERROR(__xludf.DUMMYFUNCTION("""COMPUTED_VALUE"""),"") | CI23: =IFERROR(__xludf.DUMMYFUNCTION("""COMPUTED_VALUE"""),"Lapras") -> Lapras | CJ23: - | CK23: 4 | CM23: =IFERROR(__xludf.DUMMYFUNCTION("""COMPUTED_VALUE"""),"") | CN23: =IFERROR(__xludf.DUMMYFUNCTION("""COMPUTED_VALUE"""),"Exeggutor") -> Exeggutor | CO23: - | CP23: 3 | CR23: =IFERROR(__xludf.DUMMYFUNCTION("""COMPUTED_VALUE"""),"") | CS23: =IFERROR(__xludf.DUMMYFUNCTION("""COMPUTED_VALUE"""),"Diglett") -> Diglett | CT23: - | CU23: 1
D24: Necrozma-Dawn | AJ24: =IFERROR(__xludf.DUMMYFUNCTION("""COMPUTED_VALUE"""),"") | AK24: =IFERROR(__xludf.DUMMYFUNCTION("""COMPUTED_VALUE"""),"Terapagos") -> Terapagos | AL24: - | AO24: =IFERROR(__xludf.DUMMYFUNCTION("""COMPUTED_VALUE"""),"") | AP24: =IFERROR(__xludf.DUMMYFUNCTION("""COMPUTED_VALUE"""),"Slither Wing") -> Slither Wing | AQ24: - | AT24: =IFERROR(__xludf.DUMMYFUNCTION("""COMPUTED_VALUE"""),"") | AU24: =IFERROR(__xludf.DUMMYFUNCTION("""COMPUTED_VALUE"""),"Sandy Shocks") -> Sandy Shocks | AV24: X | AW24: 13 | AY24: =IFERROR(__xludf.DUMMYFUNCTION("""COMPUTED_VALUE"""),"") | AZ24: =IFERROR(__xludf.DUMMYFUNCTION("""COMPUTED_VALUE"""),"Tinkaton") -> Tinkaton | BA24: - | BB24: 11 | BD24: =IFERROR(__xludf.DUMMYFUNCTION("""COMPUTED_VALUE"""),"") | BE24: =IFERROR(__xludf.DUMMYFUNCTION("""COMPUTED_VALUE"""),"Mesprit") -> Mesprit | BF24: - | BG24: 10 | BI24: =IFERROR(__xludf.DUMMYFUNCTION("""COMPUTED_VALUE"""),"") | BJ24: =IFERROR(__xludf.DUMMYFUNCTION("""COMPUTED_VALUE"""),"Regieleki") -> Regieleki | BK24: X | BL24: - | BN24: =IFERROR(__xludf.DUMMYFUNCTION("""COMPUTED_VALUE"""),"") | BO24: =IFERROR(__xludf.DUMMYFUNCTION("""COMPUTED_VALUE"""),"Magnezone") -> Magnezone | BP24: - | BQ24: 9 | BS24: =IFERROR(__xludf.DUMMYFUNCTION("""COMPUTED_VALUE"""),"") | BT24: =IFERROR(__xludf.DUMMYFUNCTION("""COMPUTED_VALUE"""),"Rhyperior") -> Rhyperior | BU24: - | BV24: 8 | BX24: =IFERROR(__xludf.DUMMYFUNCTION("""COMPUTED_VALUE"""),"") | BY24: =IFERROR(__xludf.DUMMYFUNCTION("""COMPUTED_VALUE"""),"Palossand") -> Palossand | BZ24: - | CA24: 6 | CC24: =IFERROR(__xludf.DUMMYFUNCTION("""COMPUTED_VALUE"""),"") | CD24: =IFERROR(__xludf.DUMMYFUNCTION("""COMPUTED_VALUE"""),"Scyther") -> Scyther | CE24: - | CF24: 5 | CH24: =IFERROR(__xludf.DUMMYFUNCTION("""COMPUTED_VALUE"""),"") | CI24: =IFERROR(__xludf.DUMMYFUNCTION("""COMPUTED_VALUE"""),"Leafeon") -> Leafeon | CJ24: - | CK24: 4 | CM24: =IFERROR(__xludf.DUMMYFUNCTION("""COMPUTED_VALUE"""),"") | CN24: =IFERROR(__xludf.DUMMYFUNCTION("""COMPUTED_VALUE"""),"Falinks") -> Falinks | CO24: - | CP24: 3 | CR24: =IFERROR(__xludf.DUMMYFUNCTION("""COMPUTED_VALUE"""),"") | CS24: =IFERROR(__xludf.DUMMYFUNCTION("""COMPUTED_VALUE"""),"Dipplin") -> Dipplin | CT24: - | CU24: 1
D25: Necrozma-Dusk | AJ25: =IFERROR(__xludf.DUMMYFUNCTION("""COMPUTED_VALUE"""),"") | AK25: =IFERROR(__xludf.DUMMYFUNCTION("""COMPUTED_VALUE"""),"Thundurus-Therian") -> Thundurus-Therian | AL25: - | AO25: =IFERROR(__xludf.DUMMYFUNCTION("""COMPUTED_VALUE"""),"") | AP25: =IFERROR(__xludf.DUMMYFUNCTION("""COMPUTED_VALUE"""),"Thundurus-Incarnate") -> Thundurus-Incarnate | AQ25: X | AT25: =IFERROR(__xludf.DUMMYFUNCTION("""COMPUTED_VALUE"""),"") | AU25: =IFERROR(__xludf.DUMMYFUNCTION("""COMPUTED_VALUE"""),"Shaymin") -> Shaymin | AV25: X | AW25: 13 | AY25: =IFERROR(__xludf.DUMMYFUNCTION("""COMPUTED_VALUE"""),"") | AZ25: =IFERROR(__xludf.DUMMYFUNCTION("""COMPUTED_VALUE"""),"Toxapex") -> Toxapex | BA25: - | BB25: 11 | BD25: =IFERROR(__xludf.DUMMYFUNCTION("""COMPUTED_VALUE"""),"") | BE25: =IFERROR(__xludf.DUMMYFUNCTION("""COMPUTED_VALUE"""),"Mimikyu") -> Mimikyu | BF25: - | BG25: 10 | BI25: =IFERROR(__xludf.DUMMYFUNCTION("""COMPUTED_VALUE"""),"") | BJ25: =IFERROR(__xludf.DUMMYFUNCTION("""COMPUTED_VALUE"""),"Registeel") -> Registeel | BK25: - | BL25: 9 | BN25: =IFERROR(__xludf.DUMMYFUNCTION("""COMPUTED_VALUE"""),"") | BO25: =IFERROR(__xludf.DUMMYFUNCTION("""COMPUTED_VALUE"""),"Mismagius") -> Mismagius | BP25: - | BQ25: 9 | BS25: =IFERROR(__xludf.DUMMYFUNCTION("""COMPUTED_VALUE"""),"") | BT25: =IFERROR(__xludf.DUMMYFUNCTION("""COMPUTED_VALUE"""),"Rotom-Frost") -> Rotom-Frost | BU25: - | BV25: 7 | BX25: =IFERROR(__xludf.DUMMYFUNCTION("""COMPUTED_VALUE"""),"") | BY25: =IFERROR(__xludf.DUMMYFUNCTION("""COMPUTED_VALUE"""),"Polteageist") -> Polteageist | BZ25: - | CA25: 8 | CC25: =IFERROR(__xludf.DUMMYFUNCTION("""COMPUTED_VALUE"""),"") | CD25: =IFERROR(__xludf.DUMMYFUNCTION("""COMPUTED_VALUE"""),"Shiftry") -> Shiftry | CE25: - | CF25: 6 | CH25: =IFERROR(__xludf.DUMMYFUNCTION("""COMPUTED_VALUE"""),"") | CI25: =IFERROR(__xludf.DUMMYFUNCTION("""COMPUTED_VALUE"""),"Ludicolo") -> Ludicolo | CJ25: - | CK25: 4 | CM25: =IFERROR(__xludf.DUMMYFUNCTION("""COMPUTED_VALUE"""),"") | CN25: =IFERROR(__xludf.DUMMYFUNCTION("""COMPUTED_VALUE"""),"Flareon") -> Flareon | CO25: - | CP25: 3 | CR25: =IFERROR(__xludf.DUMMYFUNCTION("""COMPUTED_VALUE"""),"") | CS25: =IFERROR(__xludf.DUMMYFUNCTION("""COMPUTED_VALUE"""),"Dragonair") -> Dragonair | CT25: - | CU25: 2
D26: Necrozma-Ultra | AJ26: =IFERROR(__xludf.DUMMYFUNCTION("""COMPUTED_VALUE"""),"") | AK26: =IFERROR(__xludf.DUMMYFUNCTION("""COMPUTED_VALUE"""),"Ursaluna") -> Ursaluna | AL26: - | AO26: =IFERROR(__xludf.DUMMYFUNCTION("""COMPUTED_VALUE"""),"") | AP26: =IFERROR(__xludf.DUMMYFUNCTION("""COMPUTED_VALUE"""),"Tyranitar") -> Tyranitar | AQ26: - | AT26: =IFERROR(__xludf.DUMMYFUNCTION("""COMPUTED_VALUE"""),"") | AU26: =IFERROR(__xludf.DUMMYFUNCTION("""COMPUTED_VALUE"""),"Skeledirge") -> Skeledirge | AV26: X | AW26: 14 | AY26: =IFERROR(__xludf.DUMMYFUNCTION("""COMPUTED_VALUE"""),"") | AZ26: =IFERROR(__xludf.DUMMYFUNCTION("""COMPUTED_VALUE"""),"Tsareena") -> Tsareena | BA26: - | BB26: 11 | BD26: =IFERROR(__xludf.DUMMYFUNCTION("""COMPUTED_VALUE"""),"") | BE26: =IFERROR(__xludf.DUMMYFUNCTION("""COMPUTED_VALUE"""),"Moltres") -> Moltres | BF26: - | BG26: 10 | BI26: =IFERROR(__xludf.DUMMYFUNCTION("""COMPUTED_VALUE"""),"") | BJ26: =IFERROR(__xludf.DUMMYFUNCTION("""COMPUTED_VALUE"""),"Rotom-Mow") -> Rotom-Mow | BK26: - | BL26: 9 | BN26: =IFERROR(__xludf.DUMMYFUNCTION("""COMPUTED_VALUE"""),"") | BO26: =IFERROR(__xludf.DUMMYFUNCTION("""COMPUTED_VALUE"""),"Mudsdale") -> Mudsdale | BP26: - | BQ26: 8 | BS26: =IFERROR(__xludf.DUMMYFUNCTION("""COMPUTED_VALUE"""),"") | BT26: =IFERROR(__xludf.DUMMYFUNCTION("""COMPUTED_VALUE"""),"Sableye") -> Sableye | BU26: - | BV26: 7 | BX26: =IFERROR(__xludf.DUMMYFUNCTION("""COMPUTED_VALUE"""),"") | BY26: =IFERROR(__xludf.DUMMYFUNCTION("""COMPUTED_VALUE"""),"Primeape") -> Primeape | BZ26: - | CA26: 6 | CC26: =IFERROR(__xludf.DUMMYFUNCTION("""COMPUTED_VALUE"""),"") | CD26: =IFERROR(__xludf.DUMMYFUNCTION("""COMPUTED_VALUE"""),"Skuntank") -> Skuntank | CE26: - | CF26: 5 | CH26: =IFERROR(__xludf.DUMMYFUNCTION("""COMPUTED_VALUE"""),"") | CI26: =IFERROR(__xludf.DUMMYFUNCTION("""COMPUTED_VALUE"""),"Lurantis") -> Lurantis | CJ26: - | CK26: 4 | CM26: =IFERROR(__xludf.DUMMYFUNCTION("""COMPUTED_VALUE"""),"") | CN26: =IFERROR(__xludf.DUMMYFUNCTION("""COMPUTED_VALUE"""),"Floragato") -> Floragato | CO26: - | CP26: 3 | CR26: =IFERROR(__xludf.DUMMYFUNCTION("""COMPUTED_VALUE"""),"") | CS26: =IFERROR(__xludf.DUMMYFUNCTION("""COMPUTED_VALUE"""),"Drakloak") -> Drakloak | CT26: - | CU26: 1
D27: Palkia | AJ27: =IFERROR(__xludf.DUMMYFUNCTION("""COMPUTED_VALUE"""),"") | AK27: =IFERROR(__xludf.DUMMYFUNCTION("""COMPUTED_VALUE"""),"Volcarona") -> Volcarona | AL27: - | AO27: =IFERROR(__xludf.DUMMYFUNCTION("""COMPUTED_VALUE"""),"") | AP27: =IFERROR(__xludf.DUMMYFUNCTION("""COMPUTED_VALUE"""),"Uxie") -> Uxie | AQ27: - | AT27: =IFERROR(__xludf.DUMMYFUNCTION("""COMPUTED_VALUE"""),"") | AU27: =IFERROR(__xludf.DUMMYFUNCTION("""COMPUTED_VALUE"""),"Terrakion") -> Terrakion | AV27: - | AW27: 12 | AY27: =IFERROR(__xludf.DUMMYFUNCTION("""COMPUTED_VALUE"""),"") | AZ27: =IFERROR(__xludf.DUMMYFUNCTION("""COMPUTED_VALUE"""),"Volcanion") -> Volcanion | BA27: - | BB27: 11 | BD27: =IFERROR(__xludf.DUMMYFUNCTION("""COMPUTED_VALUE"""),"") | BE27: =IFERROR(__xludf.DUMMYFUNCTION("""COMPUTED_VALUE"""),"Paldean Tauros-Fire") -> Paldean Tauros-Fire | BF27: - | BG27: 10 | BI27: =IFERROR(__xludf.DUMMYFUNCTION("""COMPUTED_VALUE"""),"") | BJ27: =IFERROR(__xludf.DUMMYFUNCTION("""COMPUTED_VALUE"""),"Salazzle") -> Salazzle | BK27: - | BL27: 9 | BN27: =IFERROR(__xludf.DUMMYFUNCTION("""COMPUTED_VALUE"""),"") | BO27: =IFERROR(__xludf.DUMMYFUNCTION("""COMPUTED_VALUE"""),"Ninetales") -> Ninetales | BP27: X | BQ27: 8 | BS27: =IFERROR(__xludf.DUMMYFUNCTION("""COMPUTED_VALUE"""),"") | BT27: =IFERROR(__xludf.DUMMYFUNCTION("""COMPUTED_VALUE"""),"Staraptor") -> Staraptor | BU27: - | BV27: 7 | BX27: =IFERROR(__xludf.DUMMYFUNCTION("""COMPUTED_VALUE"""),"") | BY27: =IFERROR(__xludf.DUMMYFUNCTION("""COMPUTED_VALUE"""),"Rabsca") -> Rabsca | BZ27: - | CA27: 6 | CC27: =IFERROR(__xludf.DUMMYFUNCTION("""COMPUTED_VALUE"""),"") | CD27: =IFERROR(__xludf.DUMMYFUNCTION("""COMPUTED_VALUE"""),"Sneasel") -> Sneasel | CE27: - | CF27: 5 | CH27: =IFERROR(__xludf.DUMMYFUNCTION("""COMPUTED_VALUE"""),"") | CI27: =IFERROR(__xludf.DUMMYFUNCTION("""COMPUTED_VALUE"""),"Magmortar") -> Magmortar | CJ27: - | CK27: 4 | CM27: =IFERROR(__xludf.DUMMYFUNCTION("""COMPUTED_VALUE"""),"") | CN27: =IFERROR(__xludf.DUMMYFUNCTION("""COMPUTED_VALUE"""),"Frogadier") -> Frogadier | CO27: - | CP27: 2 | CR27: =IFERROR(__xludf.DUMMYFUNCTION("""COMPUTED_VALUE"""),"") | CS27: =IFERROR(__xludf.DUMMYFUNCTION("""COMPUTED_VALUE"""),"Eelektrik") -> Eelektrik | CT27: - | CU27: 1
D28: Rayquaza | AJ28: =IFERROR(__xludf.DUMMYFUNCTION("""COMPUTED_VALUE"""),"") | AK28: =IFERROR(__xludf.DUMMYFUNCTION("""COMPUTED_VALUE"""),"Zarude") -> Zarude | AL28: - | AT28: =IFERROR(__xludf.DUMMYFUNCTION("""COMPUTED_VALUE"""),"") | AU28: =IFERROR(__xludf.DUMMYFUNCTION("""COMPUTED_VALUE"""),"Torkoal") -> Torkoal | AV28: X | AW28: 12 | BD28: =IFERROR(__xludf.DUMMYFUNCTION("""COMPUTED_VALUE"""),"") | BE28: =IFERROR(__xludf.DUMMYFUNCTION("""COMPUTED_VALUE"""),"Pelipper") -> Pelipper | BF28: X | BG28: 10 | BI28: =IFERROR(__xludf.DUMMYFUNCTION("""COMPUTED_VALUE"""),"") | BJ28: =IFERROR(__xludf.DUMMYFUNCTION("""COMPUTED_VALUE"""),"Sylveon") -> Sylveon | BK28: X | BL28: 9 | BN28: =IFERROR(__xludf.DUMMYFUNCTION("""COMPUTED_VALUE"""),"") | BO28: =IFERROR(__xludf.DUMMYFUNCTION("""COMPUTED_VALUE"""),"Oricorio") -> Oricorio | BP28: - | BQ28: 9 | BS28: =IFERROR(__xludf.DUMMYFUNCTION("""COMPUTED_VALUE"""),"") | BT28: =IFERROR(__xludf.DUMMYFUNCTION("""COMPUTED_VALUE"""),"Tauros") -> Tauros | BU28: - | BV28: 7 | BX28: =IFERROR(__xludf.DUMMYFUNCTION("""COMPUTED_VALUE"""),"") | BY28: =IFERROR(__xludf.DUMMYFUNCTION("""COMPUTED_VALUE"""),"Regigigas") -> Regigigas | BZ28: - | CA28: 7 | CC28: =IFERROR(__xludf.DUMMYFUNCTION("""COMPUTED_VALUE"""),"") | CD28: =IFERROR(__xludf.DUMMYFUNCTION("""COMPUTED_VALUE"""),"Spiritomb") -> Spiritomb | CE28: - | CF28: 5 | CH28: =IFERROR(__xludf.DUMMYFUNCTION("""COMPUTED_VALUE"""),"") | CI28: =IFERROR(__xludf.DUMMYFUNCTION("""COMPUTED_VALUE"""),"Meganium") -> Meganium | CJ28: - | CK28: 4 | CM28: =IFERROR(__xludf.DUMMYFUNCTION("""COMPUTED_VALUE"""),"") | CN28: =IFERROR(__xludf.DUMMYFUNCTION("""COMPUTED_VALUE"""),"Glaceon") -> Glaceon | CO28: - | CP28: 3 | CR28: =IFERROR(__xludf.DUMMYFUNCTION("""COMPUTED_VALUE"""),"") | CS28: =IFERROR(__xludf.DUMMYFUNCTION("""COMPUTED_VALUE"""),"Finneon") -> Finneon | CT28: - | CU28: 1
D29: Reshiram | BD29: =IFERROR(__xludf.DUMMYFUNCTION("""COMPUTED_VALUE"""),"") | BE29: =IFERROR(__xludf.DUMMYFUNCTION("""COMPUTED_VALUE"""),"Porygon-Z") -> Porygon-Z | BF29: - | BG29: 12 | BI29: =IFERROR(__xludf.DUMMYFUNCTION("""COMPUTED_VALUE"""),"") | BJ29: =IFERROR(__xludf.DUMMYFUNCTION("""COMPUTED_VALUE"""),"Tentacruel") -> Tentacruel | BK29: - | BL29: 9 | BN29: =IFERROR(__xludf.DUMMYFUNCTION("""COMPUTED_VALUE"""),"") | BO29: =IFERROR(__xludf.DUMMYFUNCTION("""COMPUTED_VALUE"""),"Orthworm") -> Orthworm | BP29: - | BQ29: 8 | BS29: =IFERROR(__xludf.DUMMYFUNCTION("""COMPUTED_VALUE"""),"") | BT29: =IFERROR(__xludf.DUMMYFUNCTION("""COMPUTED_VALUE"""),"Torterra") -> Torterra | BU29: - | BV29: 9 | BX29: =IFERROR(__xludf.DUMMYFUNCTION("""COMPUTED_VALUE"""),"") | BY29: =IFERROR(__xludf.DUMMYFUNCTION("""COMPUTED_VALUE"""),"Rotom") -> Rotom | BZ29: - | CA29: 6 | CC29: =IFERROR(__xludf.DUMMYFUNCTION("""COMPUTED_VALUE"""),"") | CD29: =IFERROR(__xludf.DUMMYFUNCTION("""COMPUTED_VALUE"""),"Tatsugiri") -> Tatsugiri | CE29: - | CF29: 5 | CH29: =IFERROR(__xludf.DUMMYFUNCTION("""COMPUTED_VALUE"""),"") | CI29: =IFERROR(__xludf.DUMMYFUNCTION("""COMPUTED_VALUE"""),"Minior") -> Minior | CJ29: - | CK29: 4 | CM29: =IFERROR(__xludf.DUMMYFUNCTION("""COMPUTED_VALUE"""),"") | CN29: =IFERROR(__xludf.DUMMYFUNCTION("""COMPUTED_VALUE"""),"Gligar") -> Gligar | CO29: - | CP29: 3 | CR29: =IFERROR(__xludf.DUMMYFUNCTION("""COMPUTED_VALUE"""),"") | CS29: =IFERROR(__xludf.DUMMYFUNCTION("""COMPUTED_VALUE"""),"Flaaffy") -> Flaaffy | CT29: - | CU29: 1
D30: Solgaleo | BD30: =IFERROR(__xludf.DUMMYFUNCTION("""COMPUTED_VALUE"""),"") | BE30: =IFERROR(__xludf.DUMMYFUNCTION("""COMPUTED_VALUE"""),"Revavroom") -> Revavroom | BF30: - | BG30: 12 | BI30: =IFERROR(__xludf.DUMMYFUNCTION("""COMPUTED_VALUE"""),"") | BJ30: =IFERROR(__xludf.DUMMYFUNCTION("""COMPUTED_VALUE"""),"Tornadus-Incarnate") -> Tornadus-Incarnate | BK30: X | BL30: 9 | BN30: =IFERROR(__xludf.DUMMYFUNCTION("""COMPUTED_VALUE"""),"") | BO30: =IFERROR(__xludf.DUMMYFUNCTION("""COMPUTED_VALUE"""),"Politoed") -> Politoed | BP30: - | BQ30: 8 | BS30: =IFERROR(__xludf.DUMMYFUNCTION("""COMPUTED_VALUE"""),"") | BT30: =IFERROR(__xludf.DUMMYFUNCTION("""COMPUTED_VALUE"""),"Ursaring") -> Ursaring | BU30: - | BV30: 8 | BX30: =IFERROR(__xludf.DUMMYFUNCTION("""COMPUTED_VALUE"""),"") | BY30: =IFERROR(__xludf.DUMMYFUNCTION("""COMPUTED_VALUE"""),"Rotom-Fan") -> Rotom-Fan | BZ30: - | CA30: 6 | CC30: =IFERROR(__xludf.DUMMYFUNCTION("""COMPUTED_VALUE"""),"") | CD30: =IFERROR(__xludf.DUMMYFUNCTION("""COMPUTED_VALUE"""),"Toxicroak") -> Toxicroak | CE30: - | CF30: 5 | CH30: =IFERROR(__xludf.DUMMYFUNCTION("""COMPUTED_VALUE"""),"") | CI30: =IFERROR(__xludf.DUMMYFUNCTION("""COMPUTED_VALUE"""),"Misdreavus") -> Misdreavus | CJ30: - | CK30: 4 | CM30: =IFERROR(__xludf.DUMMYFUNCTION("""COMPUTED_VALUE"""),"") | CN30: =IFERROR(__xludf.DUMMYFUNCTION("""COMPUTED_VALUE"""),"Gogoat") -> Gogoat | CO30: - | CP30: 3 | CR30: =IFERROR(__xludf.DUMMYFUNCTION("""COMPUTED_VALUE"""),"") | CS30: =IFERROR(__xludf.DUMMYFUNCTION("""COMPUTED_VALUE"""),"Fletchinder") -> Fletchinder | CT30: - | CU30: 1
D31: Xerneas | BD31: =IFERROR(__xludf.DUMMYFUNCTION("""COMPUTED_VALUE"""),"") | BE31: =IFERROR(__xludf.DUMMYFUNCTION("""COMPUTED_VALUE"""),"Suicune") -> Suicune | BF31: - | BG31: 11 | BI31: =IFERROR(__xludf.DUMMYFUNCTION("""COMPUTED_VALUE"""),"") | BJ31: =IFERROR(__xludf.DUMMYFUNCTION("""COMPUTED_VALUE"""),"Toxtricity") -> Toxtricity | BK31: - | BL31: 11 | BN31: =IFERROR(__xludf.DUMMYFUNCTION("""COMPUTED_VALUE"""),"") | BO31: =IFERROR(__xludf.DUMMYFUNCTION("""COMPUTED_VALUE"""),"Porygon2") -> Porygon2 | BP31: - | BQ31: 9 | BS31: =IFERROR(__xludf.DUMMYFUNCTION("""COMPUTED_VALUE"""),"") | BT31: =IFERROR(__xludf.DUMMYFUNCTION("""COMPUTED_VALUE"""),"Venomoth") -> Venomoth | BU31: - | BV31: 8 | BX31: =IFERROR(__xludf.DUMMYFUNCTION("""COMPUTED_VALUE"""),"") | BY31: =IFERROR(__xludf.DUMMYFUNCTION("""COMPUTED_VALUE"""),"Sceptile") -> Sceptile | BZ31: - | CA31: 6 | CC31: =IFERROR(__xludf.DUMMYFUNCTION("""COMPUTED_VALUE"""),"") | CD31: =IFERROR(__xludf.DUMMYFUNCTION("""COMPUTED_VALUE"""),"Typhlosion") -> Typhlosion | CE31: - | CF31: 5 | CH31: =IFERROR(__xludf.DUMMYFUNCTION("""COMPUTED_VALUE"""),"") | CI31: =IFERROR(__xludf.DUMMYFUNCTION("""COMPUTED_VALUE"""),"Morpeko") -> Morpeko | CJ31: - | CK31: 4 | CM31: =IFERROR(__xludf.DUMMYFUNCTION("""COMPUTED_VALUE"""),"") | CN31: =IFERROR(__xludf.DUMMYFUNCTION("""COMPUTED_VALUE"""),"Golduck") -> Golduck | CO31: - | CP31: 3 | CR31: =IFERROR(__xludf.DUMMYFUNCTION("""COMPUTED_VALUE"""),"") | CS31: =IFERROR(__xludf.DUMMYFUNCTION("""COMPUTED_VALUE"""),"Fraxure") -> Fraxure | CT31: - | CU31: 2
D32: Yveltal | BN32: =IFERROR(__xludf.DUMMYFUNCTION("""COMPUTED_VALUE"""),"") | BO32: =IFERROR(__xludf.DUMMYFUNCTION("""COMPUTED_VALUE"""),"Qwilfish") -> Qwilfish | BP32: - | BQ32: 8 | BS32: =IFERROR(__xludf.DUMMYFUNCTION("""COMPUTED_VALUE"""),"") | BT32: =IFERROR(__xludf.DUMMYFUNCTION("""COMPUTED_VALUE"""),"Virizion") -> Virizion | BU32: - | BV32: 7 | BX32: =IFERROR(__xludf.DUMMYFUNCTION("""COMPUTED_VALUE"""),"") | BY32: =IFERROR(__xludf.DUMMYFUNCTION("""COMPUTED_VALUE"""),"Smeargle") -> Smeargle | BZ32: - | CA32: 6 | CC32: =IFERROR(__xludf.DUMMYFUNCTION("""COMPUTED_VALUE"""),"") | CD32: =IFERROR(__xludf.DUMMYFUNCTION("""COMPUTED_VALUE"""),"Vileplume") -> Vileplume | CE32: - | CF32: 5 | CH32: =IFERROR(__xludf.DUMMYFUNCTION("""COMPUTED_VALUE"""),"") | CI32: =IFERROR(__xludf.DUMMYFUNCTION("""COMPUTED_VALUE"""),"Perrserker") -> Perrserker | CJ32: - | CK32: 4 | CM32: =IFERROR(__xludf.DUMMYFUNCTION("""COMPUTED_VALUE"""),"") | CN32: =IFERROR(__xludf.DUMMYFUNCTION("""COMPUTED_VALUE"""),"Golem") -> Golem | CO32: - | CP32: 3 | CR32: =IFERROR(__xludf.DUMMYFUNCTION("""COMPUTED_VALUE"""),"") | CS32: =IFERROR(__xludf.DUMMYFUNCTION("""COMPUTED_VALUE"""),"Furret") -> Furret | CT32: - | CU32: 2
D33: Zacian | BN33: =IFERROR(__xludf.DUMMYFUNCTION("""COMPUTED_VALUE"""),"") | BO33: =IFERROR(__xludf.DUMMYFUNCTION("""COMPUTED_VALUE"""),"Regidrago") -> Regidrago | BP33: - | BQ33: 10 | BS33: =IFERROR(__xludf.DUMMYFUNCTION("""COMPUTED_VALUE"""),"") | BT33: =IFERROR(__xludf.DUMMYFUNCTION("""COMPUTED_VALUE"""),"Weezing") -> Weezing | BU33: - | BV33: 7 | BX33: =IFERROR(__xludf.DUMMYFUNCTION("""COMPUTED_VALUE"""),"") | BY33: =IFERROR(__xludf.DUMMYFUNCTION("""COMPUTED_VALUE"""),"Vikavolt") -> Vikavolt | BZ33: - | CA33: 6 | CC33: =IFERROR(__xludf.DUMMYFUNCTION("""COMPUTED_VALUE"""),"") | CD33: =IFERROR(__xludf.DUMMYFUNCTION("""COMPUTED_VALUE"""),"Yanmega") -> Yanmega | CE33: - | CF33: 5 | CH33: =IFERROR(__xludf.DUMMYFUNCTION("""COMPUTED_VALUE"""),"") | CI33: =IFERROR(__xludf.DUMMYFUNCTION("""COMPUTED_VALUE"""),"Pincurchin") -> Pincurchin | CJ33: - | CK33: 4 | CM33: =IFERROR(__xludf.DUMMYFUNCTION("""COMPUTED_VALUE"""),"") | CN33: =IFERROR(__xludf.DUMMYFUNCTION("""COMPUTED_VALUE"""),"Grotle") -> Grotle | CO33: - | CP33: 3 | CR33: =IFERROR(__xludf.DUMMYFUNCTION("""COMPUTED_VALUE"""),"") | CS33: =IFERROR(__xludf.DUMMYFUNCTION("""COMPUTED_VALUE"""),"Gabite") -> Gabite | CT33: - | CU33: 2
D34: Zacian-C | BN34: =IFERROR(__xludf.DUMMYFUNCTION("""COMPUTED_VALUE"""),"") | BO34: =IFERROR(__xludf.DUMMYFUNCTION("""COMPUTED_VALUE"""),"Ribombee") -> Ribombee | BP34: X | BQ34: 8 | CC34: =IFERROR(__xludf.DUMMYFUNCTION("""COMPUTED_VALUE"""),"") | CD34: =IFERROR(__xludf.DUMMYFUNCTION("""COMPUTED_VALUE"""),"Zangoose") -> Zangoose | CE34: - | CF34: 5 | CH34: =IFERROR(__xludf.DUMMYFUNCTION("""COMPUTED_VALUE"""),"") | CI34: =IFERROR(__xludf.DUMMYFUNCTION("""COMPUTED_VALUE"""),"Pyroar") -> Pyroar | CJ34: - | CK34: 4 | CM34: =IFERROR(__xludf.DUMMYFUNCTION("""COMPUTED_VALUE"""),"") | CN34: =IFERROR(__xludf.DUMMYFUNCTION("""COMPUTED_VALUE"""),"Gumshoos") -> Gumshoos | CO34: - | CP34: 3 | CR34: =IFERROR(__xludf.DUMMYFUNCTION("""COMPUTED_VALUE"""),"") | CS34: =IFERROR(__xludf.DUMMYFUNCTION("""COMPUTED_VALUE"""),"Girafarig") -> Girafarig | CT34: - | CU34: 2
D35: Zamazenta | BN35: =IFERROR(__xludf.DUMMYFUNCTION("""COMPUTED_VALUE"""),"") | BO35: =IFERROR(__xludf.DUMMYFUNCTION("""COMPUTED_VALUE"""),"Scrafty") -> Scrafty | BP35: - | BQ35: 8 | CH35: =IFERROR(__xludf.DUMMYFUNCTION("""COMPUTED_VALUE"""),"") | CI35: =IFERROR(__xludf.DUMMYFUNCTION("""COMPUTED_VALUE"""),"Samurott") -> Samurott | CJ35: - | CK35: 4 | CM35: =IFERROR(__xludf.DUMMYFUNCTION("""COMPUTED_VALUE"""),"") | CN35: =IFERROR(__xludf.DUMMYFUNCTION("""COMPUTED_VALUE"""),"Hisuian Avalugg") -> Hisuian Avalugg | CO35: - | CP35: 4 | CR35: =IFERROR(__xludf.DUMMYFUNCTION("""COMPUTED_VALUE"""),"") | CS35: =IFERROR(__xludf.DUMMYFUNCTION("""COMPUTED_VALUE"""),"Glalie") -> Glalie | CT35: - | CU35: 2
D36: Zekrom | BN36: =IFERROR(__xludf.DUMMYFUNCTION("""COMPUTED_VALUE"""),"") | BO36: =IFERROR(__xludf.DUMMYFUNCTION("""COMPUTED_VALUE"""),"Sinistcha") -> Sinistcha | BP36: X | BQ36: 8 | CH36: =IFERROR(__xludf.DUMMYFUNCTION("""COMPUTED_VALUE"""),"") | CI36: =IFERROR(__xludf.DUMMYFUNCTION("""COMPUTED_VALUE"""),"Sandaconda") -> Sandaconda | CJ36: - | CK36: 4 | CM36: =IFERROR(__xludf.DUMMYFUNCTION("""COMPUTED_VALUE"""),"") | CN36: =IFERROR(__xludf.DUMMYFUNCTION("""COMPUTED_VALUE"""),"Houndoom") -> Houndoom | CO36: - | CP36: 3 | CR36: =IFERROR(__xludf.DUMMYFUNCTION("""COMPUTED_VALUE"""),"") | CS36: =IFERROR(__xludf.DUMMYFUNCTION("""COMPUTED_VALUE"""),"Glimmet") -> Glimmet | CT36: - | CU36: 1
D37: Zygarde-C | BN37: =IFERROR(__xludf.DUMMYFUNCTION("""COMPUTED_VALUE"""),"") | BO37: =IFERROR(__xludf.DUMMYFUNCTION("""COMPUTED_VALUE"""),"Toedscruel") -> Toedscruel | BP37: - | BQ37: 8 | CH37: =IFERROR(__xludf.DUMMYFUNCTION("""COMPUTED_VALUE"""),"") | CI37: =IFERROR(__xludf.DUMMYFUNCTION("""COMPUTED_VALUE"""),"Swalot") -> Swalot | CJ37: - | CK37: 4 | CM37: =IFERROR(__xludf.DUMMYFUNCTION("""COMPUTED_VALUE"""),"") | CN37: =IFERROR(__xludf.DUMMYFUNCTION("""COMPUTED_VALUE"""),"Illumise") -> Illumise | CO37: - | CP37: 3 | CR37: =IFERROR(__xludf.DUMMYFUNCTION("""COMPUTED_VALUE"""),"") | CS37: =IFERROR(__xludf.DUMMYFUNCTION("""COMPUTED_VALUE"""),"Grumpig") -> Grumpig | CT37: - | CU37: 2
D38: Zamazenta-Crowned | BN38: =IFERROR(__xludf.DUMMYFUNCTION("""COMPUTED_VALUE"""),"") | BO38: =IFERROR(__xludf.DUMMYFUNCTION("""COMPUTED_VALUE"""),"Umbreon") -> Umbreon | BP38: - | BQ38: 8 | CH38: =IFERROR(__xludf.DUMMYFUNCTION("""COMPUTED_VALUE"""),"") | CI38: =IFERROR(__xludf.DUMMYFUNCTION("""COMPUTED_VALUE"""),"Thwackey") -> Thwackey | CJ38: - | CK38: 4 | CM38: =IFERROR(__xludf.DUMMYFUNCTION("""COMPUTED_VALUE"""),"") | CN38: =IFERROR(__xludf.DUMMYFUNCTION("""COMPUTED_VALUE"""),"Klawf") -> Klawf | CO38: - | CP38: 3 | CR38: =IFERROR(__xludf.DUMMYFUNCTION("""COMPUTED_VALUE"""),"") | CS38: =IFERROR(__xludf.DUMMYFUNCTION("""COMPUTED_VALUE"""),"Hakamo-o") -> Hakamo-o | CT38: - | CU38: 2
BN39: =IFERROR(__xludf.DUMMYFUNCTION("""COMPUTED_VALUE"""),"") | BO39: =IFERROR(__xludf.DUMMYFUNCTION("""COMPUTED_VALUE"""),"Vaporeon") -> Vaporeon | BP39: - | BQ39: 8 | CH39: =IFERROR(__xludf.DUMMYFUNCTION("""COMPUTED_VALUE"""),"") | CI39: =IFERROR(__xludf.DUMMYFUNCTION("""COMPUTED_VALUE"""),"Victreebel") -> Victreebel | CJ39: - | CK39: 4 | CM39: =IFERROR(__xludf.DUMMYFUNCTION("""COMPUTED_VALUE"""),"") | CN39: =IFERROR(__xludf.DUMMYFUNCTION("""COMPUTED_VALUE"""),"Komala") -> Komala | CO39: - | CP39: 3 | CR39: =IFERROR(__xludf.DUMMYFUNCTION("""COMPUTED_VALUE"""),"") | CS39: =IFERROR(__xludf.DUMMYFUNCTION("""COMPUTED_VALUE"""),"Hattrem") -> Hattrem | CT39: - | CU39: 1
BN40: =IFERROR(__xludf.DUMMYFUNCTION("""COMPUTED_VALUE"""),"") | BO40: =IFERROR(__xludf.DUMMYFUNCTION("""COMPUTED_VALUE"""),"Venusaur") -> Venusaur | BP40: X | BQ40: 9 | CH40: =IFERROR(__xludf.DUMMYFUNCTION("""COMPUTED_VALUE"""),"") | CI40: =IFERROR(__xludf.DUMMYFUNCTION("""COMPUTED_VALUE"""),"Wyrdeer") -> Wyrdeer | CJ40: - | CK40: 4 | CM40: =IFERROR(__xludf.DUMMYFUNCTION("""COMPUTED_VALUE"""),"") | CN40: =IFERROR(__xludf.DUMMYFUNCTION("""COMPUTED_VALUE"""),"Leavanny") -> Leavanny | CO40: - | CP40: 3 | CR40: =IFERROR(__xludf.DUMMYFUNCTION("""COMPUTED_VALUE"""),"") | CS40: =IFERROR(__xludf.DUMMYFUNCTION("""COMPUTED_VALUE"""),"Haunter") -> Haunter | CT40: - | CU40: 2
BN41: =IFERROR(__xludf.DUMMYFUNCTION("""COMPUTED_VALUE"""),"") | BO41: =IFERROR(__xludf.DUMMYFUNCTION("""COMPUTED_VALUE"""),"Whimsicott") -> Whimsicott | BP41: - | BQ41: 8 | CM41: =IFERROR(__xludf.DUMMYFUNCTION("""COMPUTED_VALUE"""),"") | CN41: =IFERROR(__xludf.DUMMYFUNCTION("""COMPUTED_VALUE"""),"Lilligant") -> Lilligant | CO41: - | CP41: 5 | CR41: =IFERROR(__xludf.DUMMYFUNCTION("""COMPUTED_VALUE"""),"") | CS41: =IFERROR(__xludf.DUMMYFUNCTION("""COMPUTED_VALUE"""),"Hippopotas") -> Hippopotas | CT41: - | CU41: 1
BN42: =IFERROR(__xludf.DUMMYFUNCTION("""COMPUTED_VALUE"""),"") | BO42: =IFERROR(__xludf.DUMMYFUNCTION("""COMPUTED_VALUE"""),"Wo-Chien") -> Wo-Chien | BP42: - | BQ42: 8 | CM42: =IFERROR(__xludf.DUMMYFUNCTION("""COMPUTED_VALUE"""),"") | CN42: =IFERROR(__xludf.DUMMYFUNCTION("""COMPUTED_VALUE"""),"Luxray") -> Luxray | CO42: - | CP42: 3 | CR42: =IFERROR(__xludf.DUMMYFUNCTION("""COMPUTED_VALUE"""),"") | CS42: =IFERROR(__xludf.DUMMYFUNCTION("""COMPUTED_VALUE"""),"Hisuian Sliggoo") -> Hisuian Sliggoo | CT42: - | CU42: 1
BN43: =IFERROR(__xludf.DUMMYFUNCTION("""COMPUTED_VALUE"""),"") | BO43: =IFERROR(__xludf.DUMMYFUNCTION("""COMPUTED_VALUE"""),"Zoroark") -> Zoroark | BP43: - | BQ43: 8 | CM43: =IFERROR(__xludf.DUMMYFUNCTION("""COMPUTED_VALUE"""),"") | CN43: =IFERROR(__xludf.DUMMYFUNCTION("""COMPUTED_VALUE"""),"Lycanroc-Midnight") -> Lycanroc-Midnight | CO43: - | CP43: 3 | CR43: =IFERROR(__xludf.DUMMYFUNCTION("""COMPUTED_VALUE"""),"") | CS43: =IFERROR(__xludf.DUMMYFUNCTION("""COMPUTED_VALUE"""),"Hisuian Sneasel") -> Hisuian Sneasel | CT43: - | CU43: 2
CM44: =IFERROR(__xludf.DUMMYFUNCTION("""COMPUTED_VALUE"""),"") | CN44: =IFERROR(__xludf.DUMMYFUNCTION("""COMPUTED_VALUE"""),"Malamar") -> Malamar | CO44: - | CP44: 3 | CR44: =IFERROR(__xludf.DUMMYFUNCTION("""COMPUTED_VALUE"""),"") | CS44: =IFERROR(__xludf.DUMMYFUNCTION("""COMPUTED_VALUE"""),"Hisuian Zorua") -> Hisuian Zorua | CT44: - | CU44: 1
CM45: =IFERROR(__xludf.DUMMYFUNCTION("""COMPUTED_VALUE"""),"") | CN45: =IFERROR(__xludf.DUMMYFUNCTION("""COMPUTED_VALUE"""),"Masquerain") -> Masquerain | CO45: - | CP45: 3 | CR45: =IFERROR(__xludf.DUMMYFUNCTION("""COMPUTED_VALUE"""),"") | CS45: =IFERROR(__xludf.DUMMYFUNCTION("""COMPUTED_VALUE"""),"Hypno") -> Hypno | CT45: - | CU45: 2
CM46: =IFERROR(__xludf.DUMMYFUNCTION("""COMPUTED_VALUE"""),"") | CN46: =IFERROR(__xludf.DUMMYFUNCTION("""COMPUTED_VALUE"""),"Meowstic-female") -> Meowstic-female | CO46: - | CP46: 3 | CR46: =IFERROR(__xludf.DUMMYFUNCTION("""COMPUTED_VALUE"""),"") | CS46: =IFERROR(__xludf.DUMMYFUNCTION("""COMPUTED_VALUE"""),"Impidimp") -> Impidimp | CT46: - | CU46: 1
CM47: =IFERROR(__xludf.DUMMYFUNCTION("""COMPUTED_VALUE"""),"") | CN47: =IFERROR(__xludf.DUMMYFUNCTION("""COMPUTED_VALUE"""),"Monferno") -> Monferno | CO47: - | CP47: 3 | CR47: =IFERROR(__xludf.DUMMYFUNCTION("""COMPUTED_VALUE"""),"") | CS47: =IFERROR(__xludf.DUMMYFUNCTION("""COMPUTED_VALUE"""),"Jumpluff") -> Jumpluff | CT47: - | CU47: 2
CM48: =IFERROR(__xludf.DUMMYFUNCTION("""COMPUTED_VALUE"""),"") | CN48: =IFERROR(__xludf.DUMMYFUNCTION("""COMPUTED_VALUE"""),"Morgrem") -> Morgrem | CO48: - | CP48: 2 | CR48: =IFERROR(__xludf.DUMMYFUNCTION("""COMPUTED_VALUE"""),"") | CS48: =IFERROR(__xludf.DUMMYFUNCTION("""COMPUTED_VALUE"""),"Koffing") -> Koffing | CT48: - | CU48: 1
CM49: =IFERROR(__xludf.DUMMYFUNCTION("""COMPUTED_VALUE"""),"") | CN49: =IFERROR(__xludf.DUMMYFUNCTION("""COMPUTED_VALUE"""),"Munchlax") -> Munchlax | CO49: - | CP49: 3 | CR49: =IFERROR(__xludf.DUMMYFUNCTION("""COMPUTED_VALUE"""),"") | CS49: =IFERROR(__xludf.DUMMYFUNCTION("""COMPUTED_VALUE"""),"Kricketune") -> Kricketune | CT49: - | CU49: 1
CM50: =IFERROR(__xludf.DUMMYFUNCTION("""COMPUTED_VALUE"""),"") | CN50: =IFERROR(__xludf.DUMMYFUNCTION("""COMPUTED_VALUE"""),"Naclstack") -> Naclstack | CO50: - | CP50: 4 | CR50: =IFERROR(__xludf.DUMMYFUNCTION("""COMPUTED_VALUE"""),"") | CS50: =IFERROR(__xludf.DUMMYFUNCTION("""COMPUTED_VALUE"""),"Krokorok") -> Krokorok | CT50: - | CU50: 1
CM51: =IFERROR(__xludf.DUMMYFUNCTION("""COMPUTED_VALUE"""),"") | CN51: =IFERROR(__xludf.DUMMYFUNCTION("""COMPUTED_VALUE"""),"Oinkologne") -> Oinkologne | CO51: - | CP51: 3 | CR51: =IFERROR(__xludf.DUMMYFUNCTION("""COMPUTED_VALUE"""),"") | CS51: =IFERROR(__xludf.DUMMYFUNCTION("""COMPUTED_VALUE"""),"Lumineon") -> Lumineon | CT51: - | CU51: 2
CM52: =IFERROR(__xludf.DUMMYFUNCTION("""COMPUTED_VALUE"""),"") | CN52: =IFERROR(__xludf.DUMMYFUNCTION("""COMPUTED_VALUE"""),"Oranguru") -> Oranguru | CO52: - | CP52: 3 | CR52: =IFERROR(__xludf.DUMMYFUNCTION("""COMPUTED_VALUE"""),"") | CS52: =IFERROR(__xludf.DUMMYFUNCTION("""COMPUTED_VALUE"""),"Magcargo") -> Magcargo | CT52: - | CU52: 2
CM53: =IFERROR(__xludf.DUMMYFUNCTION("""COMPUTED_VALUE"""),"") | CN53: =IFERROR(__xludf.DUMMYFUNCTION("""COMPUTED_VALUE"""),"Phione") -> Phione | CO53: - | CP53: 3 | CR53: =IFERROR(__xludf.DUMMYFUNCTION("""COMPUTED_VALUE"""),"") | CS53: =IFERROR(__xludf.DUMMYFUNCTION("""COMPUTED_VALUE"""),"Magmar") -> Magmar | CT53: - | CU53: 2
CM54: =IFERROR(__xludf.DUMMYFUNCTION("""COMPUTED_VALUE"""),"") | CN54: =IFERROR(__xludf.DUMMYFUNCTION("""COMPUTED_VALUE"""),"Prinplup") -> Prinplup | CO54: - | CP54: 3 | CR54: =IFERROR(__xludf.DUMMYFUNCTION("""COMPUTED_VALUE"""),"") | CS54: =IFERROR(__xludf.DUMMYFUNCTION("""COMPUTED_VALUE"""),"Mareanie") -> Mareanie | CT54: - | CU54: 1
CM55: =IFERROR(__xludf.DUMMYFUNCTION("""COMPUTED_VALUE"""),"") | CN55: =IFERROR(__xludf.DUMMYFUNCTION("""COMPUTED_VALUE"""),"Quaxwell") -> Quaxwell | CO55: - | CP55: 3 | CR55: =IFERROR(__xludf.DUMMYFUNCTION("""COMPUTED_VALUE"""),"") | CS55: =IFERROR(__xludf.DUMMYFUNCTION("""COMPUTED_VALUE"""),"Marill") -> Marill | CT55: - | CU55: 1
CM56: =IFERROR(__xludf.DUMMYFUNCTION("""COMPUTED_VALUE"""),"") | CN56: =IFERROR(__xludf.DUMMYFUNCTION("""COMPUTED_VALUE"""),"Raboot") -> Raboot | CO56: - | CP56: 2 | CR56: =IFERROR(__xludf.DUMMYFUNCTION("""COMPUTED_VALUE"""),"") | CS56: =IFERROR(__xludf.DUMMYFUNCTION("""COMPUTED_VALUE"""),"Meditite") -> Meditite | CT56: - | CU56: 1
CM57: =IFERROR(__xludf.DUMMYFUNCTION("""COMPUTED_VALUE"""),"") | CN57: =IFERROR(__xludf.DUMMYFUNCTION("""COMPUTED_VALUE"""),"Rampardos") -> Rampardos | CO57: - | CP57: 3 | CR57: =IFERROR(__xludf.DUMMYFUNCTION("""COMPUTED_VALUE"""),"") | CS57: =IFERROR(__xludf.DUMMYFUNCTION("""COMPUTED_VALUE"""),"Metang") -> Metang | CT57: - | CU57: 1
CM58: =IFERROR(__xludf.DUMMYFUNCTION("""COMPUTED_VALUE"""),"") | CN58: =IFERROR(__xludf.DUMMYFUNCTION("""COMPUTED_VALUE"""),"Regice") -> Regice | CO58: - | CP58: 3 | CR58: =IFERROR(__xludf.DUMMYFUNCTION("""COMPUTED_VALUE"""),"") | CS58: =IFERROR(__xludf.DUMMYFUNCTION("""COMPUTED_VALUE"""),"Mightyena") -> Mightyena | CT58: - | CU58: 2
CM59: =IFERROR(__xludf.DUMMYFUNCTION("""COMPUTED_VALUE"""),"") | CN59: =IFERROR(__xludf.DUMMYFUNCTION("""COMPUTED_VALUE"""),"Sandslash") -> Sandslash | CO59: - | CP59: 3 | CR59: =IFERROR(__xludf.DUMMYFUNCTION("""COMPUTED_VALUE"""),"") | CS59: =IFERROR(__xludf.DUMMYFUNCTION("""COMPUTED_VALUE"""),"Minun") -> Minun | CT59: - | CU59: 1
CM60: =IFERROR(__xludf.DUMMYFUNCTION("""COMPUTED_VALUE"""),"") | CN60: =IFERROR(__xludf.DUMMYFUNCTION("""COMPUTED_VALUE"""),"Sawsbuck") -> Sawsbuck | CO60: - | CP60: 3 | CR60: =IFERROR(__xludf.DUMMYFUNCTION("""COMPUTED_VALUE"""),"") | CS60: =IFERROR(__xludf.DUMMYFUNCTION("""COMPUTED_VALUE"""),"Mudbray") -> Mudbray | CT60: - | CU60: 1
CM61: =IFERROR(__xludf.DUMMYFUNCTION("""COMPUTED_VALUE"""),"") | CN61: =IFERROR(__xludf.DUMMYFUNCTION("""COMPUTED_VALUE"""),"Servine") -> Servine | CO61: - | CP61: 3 | CR61: =IFERROR(__xludf.DUMMYFUNCTION("""COMPUTED_VALUE"""),"") | CS61: =IFERROR(__xludf.DUMMYFUNCTION("""COMPUTED_VALUE"""),"Murkrow") -> Murkrow | CT61: - | CU61: 1
CM62: =IFERROR(__xludf.DUMMYFUNCTION("""COMPUTED_VALUE"""),"") | CN62: =IFERROR(__xludf.DUMMYFUNCTION("""COMPUTED_VALUE"""),"Slaking") -> Slaking | CO62: - | CP62: 3 | CR62: =IFERROR(__xludf.DUMMYFUNCTION("""COMPUTED_VALUE"""),"") | CS62: =IFERROR(__xludf.DUMMYFUNCTION("""COMPUTED_VALUE"""),"Noctowl") -> Noctowl | CT62: - | CU62: 2
CM63: =IFERROR(__xludf.DUMMYFUNCTION("""COMPUTED_VALUE"""),"") | CN63: =IFERROR(__xludf.DUMMYFUNCTION("""COMPUTED_VALUE"""),"Spidops") -> Spidops | CO63: - | CP63: 3 | CR63: =IFERROR(__xludf.DUMMYFUNCTION("""COMPUTED_VALUE"""),"") | CS63: =IFERROR(__xludf.DUMMYFUNCTION("""COMPUTED_VALUE"""),"Pachirisu") -> Pachirisu | CT63: - | CU63: 1
CM64: =IFERROR(__xludf.DUMMYFUNCTION("""COMPUTED_VALUE"""),"") | CN64: =IFERROR(__xludf.DUMMYFUNCTION("""COMPUTED_VALUE"""),"Squawkabilly") -> Squawkabilly | CO64: - | CP64: 3 | CR64: =IFERROR(__xludf.DUMMYFUNCTION("""COMPUTED_VALUE"""),"") | CS64: =IFERROR(__xludf.DUMMYFUNCTION("""COMPUTED_VALUE"""),"Pawniard") -> Pawniard | CT64: - | CU64: 1
CM65: =IFERROR(__xludf.DUMMYFUNCTION("""COMPUTED_VALUE"""),"") | CN65: =IFERROR(__xludf.DUMMYFUNCTION("""COMPUTED_VALUE"""),"Stonjourner") -> Stonjourner | CO65: - | CP65: 3 | CR65: =IFERROR(__xludf.DUMMYFUNCTION("""COMPUTED_VALUE"""),"") | CS65: =IFERROR(__xludf.DUMMYFUNCTION("""COMPUTED_VALUE"""),"Persian") -> Persian | CT65: - | CU65: 1
CM66: =IFERROR(__xludf.DUMMYFUNCTION("""COMPUTED_VALUE"""),"") | CN66: =IFERROR(__xludf.DUMMYFUNCTION("""COMPUTED_VALUE"""),"Toucannon") -> Toucannon | CO66: - | CP66: 3 | CR66: =IFERROR(__xludf.DUMMYFUNCTION("""COMPUTED_VALUE"""),"") | CS66: =IFERROR(__xludf.DUMMYFUNCTION("""COMPUTED_VALUE"""),"Pignite") -> Pignite | CT66: - | CU66: 1
CM67: =IFERROR(__xludf.DUMMYFUNCTION("""COMPUTED_VALUE"""),"") | CN67: =IFERROR(__xludf.DUMMYFUNCTION("""COMPUTED_VALUE"""),"Trevenant") -> Trevenant | CO67: - | CP67: 3 | CR67: =IFERROR(__xludf.DUMMYFUNCTION("""COMPUTED_VALUE"""),"") | CS67: =IFERROR(__xludf.DUMMYFUNCTION("""COMPUTED_VALUE"""),"Pikachu") -> Pikachu | CT67: - | CU67: 1
CM68: =IFERROR(__xludf.DUMMYFUNCTION("""COMPUTED_VALUE"""),"") | CN68: =IFERROR(__xludf.DUMMYFUNCTION("""COMPUTED_VALUE"""),"Veluza") -> Veluza | CO68: - | CP68: 3 | CR68: =IFERROR(__xludf.DUMMYFUNCTION("""COMPUTED_VALUE"""),"") | CS68: =IFERROR(__xludf.DUMMYFUNCTION("""COMPUTED_VALUE"""),"Pineco") -> Pineco | CT68: - | CU68: 1
CM69: =IFERROR(__xludf.DUMMYFUNCTION("""COMPUTED_VALUE"""),"") | CN69: =IFERROR(__xludf.DUMMYFUNCTION("""COMPUTED_VALUE"""),"Vivillon") -> Vivillon | CO69: - | CP69: 3 | CR69: =IFERROR(__xludf.DUMMYFUNCTION("""COMPUTED_VALUE"""),"") | CS69: =IFERROR(__xludf.DUMMYFUNCTION("""COMPUTED_VALUE"""),"Plusle") -> Plusle | CT69: - | CU69: 1
E70: v | CM70: =IFERROR(__xludf.DUMMYFUNCTION("""COMPUTED_VALUE"""),"") | CN70: =IFERROR(__xludf.DUMMYFUNCTION("""COMPUTED_VALUE"""),"Volbeat") -> Volbeat | CO70: - | CP70: 3 | CR70: =IFERROR(__xludf.DUMMYFUNCTION("""COMPUTED_VALUE"""),"") | CS70: =IFERROR(__xludf.DUMMYFUNCTION("""COMPUTED_VALUE"""),"Poltchageist") -> Poltchageist | CT70: - | CU70: 1
CM71: =IFERROR(__xludf.DUMMYFUNCTION("""COMPUTED_VALUE"""),"") | CN71: =IFERROR(__xludf.DUMMYFUNCTION("""COMPUTED_VALUE"""),"Whiscash") -> Whiscash | CO71: - | CP71: 3 | CR71: =IFERROR(__xludf.DUMMYFUNCTION("""COMPUTED_VALUE"""),"") | CS71: =IFERROR(__xludf.DUMMYFUNCTION("""COMPUTED_VALUE"""),"Porygon") -> Porygon | CT71: - | CU71: 2
CM72: =IFERROR(__xludf.DUMMYFUNCTION("""COMPUTED_VALUE"""),"") | CN72: =IFERROR(__xludf.DUMMYFUNCTION("""COMPUTED_VALUE"""),"Wigglytuff") -> Wigglytuff | CO72: - | CP72: 3 | CR72: =IFERROR(__xludf.DUMMYFUNCTION("""COMPUTED_VALUE"""),"") | CS72: =IFERROR(__xludf.DUMMYFUNCTION("""COMPUTED_VALUE"""),"Probopass") -> Probopass | CT72: - | CU72: 2
CM73: =IFERROR(__xludf.DUMMYFUNCTION("""COMPUTED_VALUE"""),"") | CN73: =IFERROR(__xludf.DUMMYFUNCTION("""COMPUTED_VALUE"""),"Zebstrika") -> Zebstrika | CO73: - | CP73: 3 | CR73: =IFERROR(__xludf.DUMMYFUNCTION("""COMPUTED_VALUE"""),"") | CS73: =IFERROR(__xludf.DUMMYFUNCTION("""COMPUTED_VALUE"""),"Quilava") -> Quilava | CT73: - | CU73: 1
CR74: =IFERROR(__xludf.DUMMYFUNCTION("""COMPUTED_VALUE"""),"") | CS74: =IFERROR(__xludf.DUMMYFUNCTION("""COMPUTED_VALUE"""),"Riolu") -> Riolu | CT74: - | CU74: 1
CR75: =IFERROR(__xludf.DUMMYFUNCTION("""COMPUTED_VALUE"""),"") | CS75: =IFERROR(__xludf.DUMMYFUNCTION("""COMPUTED_VALUE"""),"Rufflet") -> Rufflet | CT75: - | CU75: 1
CR76: =IFERROR(__xludf.DUMMYFUNCTION("""COMPUTED_VALUE"""),"") | CS76: =IFERROR(__xludf.DUMMYFUNCTION("""COMPUTED_VALUE"""),"Seviper") -> Seviper | CT76: - | CU76: 2
CR77: =IFERROR(__xludf.DUMMYFUNCTION("""COMPUTED_VALUE"""),"") | CS77: =IFERROR(__xludf.DUMMYFUNCTION("""COMPUTED_VALUE"""),"Shelgon") -> Shelgon | CT77: - | CU77: 1
CR78: =IFERROR(__xludf.DUMMYFUNCTION("""COMPUTED_VALUE"""),"") | CS78: =IFERROR(__xludf.DUMMYFUNCTION("""COMPUTED_VALUE"""),"Sliggoo") -> Sliggoo | CT78: - | CU78: 1
CR79: =IFERROR(__xludf.DUMMYFUNCTION("""COMPUTED_VALUE"""),"") | CS79: =IFERROR(__xludf.DUMMYFUNCTION("""COMPUTED_VALUE"""),"Slowpoke") -> Slowpoke | CT79: - | CU79: 1
CR80: =IFERROR(__xludf.DUMMYFUNCTION("""COMPUTED_VALUE"""),"") | CS80: =IFERROR(__xludf.DUMMYFUNCTION("""COMPUTED_VALUE"""),"Snover") -> Snover | CT80: - | CU80: 1
CR81: =IFERROR(__xludf.DUMMYFUNCTION("""COMPUTED_VALUE"""),"") | CS81: =IFERROR(__xludf.DUMMYFUNCTION("""COMPUTED_VALUE"""),"Stantler") -> Stantler | CT81: - | CU81: 2
CR82: =IFERROR(__xludf.DUMMYFUNCTION("""COMPUTED_VALUE"""),"") | CS82: =IFERROR(__xludf.DUMMYFUNCTION("""COMPUTED_VALUE"""),"Staravia") -> Staravia | CT82: - | CU82: 1
CR83: =IFERROR(__xludf.DUMMYFUNCTION("""COMPUTED_VALUE"""),"") | CS83: =IFERROR(__xludf.DUMMYFUNCTION("""COMPUTED_VALUE"""),"Sudowoodo") -> Sudowoodo | CT83: - | CU83: 2
CR84: =IFERROR(__xludf.DUMMYFUNCTION("""COMPUTED_VALUE"""),"") | CS84: =IFERROR(__xludf.DUMMYFUNCTION("""COMPUTED_VALUE"""),"Sunflora") -> Sunflora | CT84: - | CU84: 1
CR85: =IFERROR(__xludf.DUMMYFUNCTION("""COMPUTED_VALUE"""),"") | CS85: =IFERROR(__xludf.DUMMYFUNCTION("""COMPUTED_VALUE"""),"Swanna") -> Swanna | CT85: - | CU85: 2
CR86: =IFERROR(__xludf.DUMMYFUNCTION("""COMPUTED_VALUE"""),"") | CS86: =IFERROR(__xludf.DUMMYFUNCTION("""COMPUTED_VALUE"""),"Tinkatuff") -> Tinkatuff | CT86: - | CU86: 1
CR87: =IFERROR(__xludf.DUMMYFUNCTION("""COMPUTED_VALUE"""),"") | CS87: =IFERROR(__xludf.DUMMYFUNCTION("""COMPUTED_VALUE"""),"Torracat") -> Torracat | CT87: - | CU87: 1
CR88: =IFERROR(__xludf.DUMMYFUNCTION("""COMPUTED_VALUE"""),"") | CS88: =IFERROR(__xludf.DUMMYFUNCTION("""COMPUTED_VALUE"""),"Trapinch") -> Trapinch | CT88: - | CU88: 2
CR89: =IFERROR(__xludf.DUMMYFUNCTION("""COMPUTED_VALUE"""),"") | CS89: =IFERROR(__xludf.DUMMYFUNCTION("""COMPUTED_VALUE"""),"Tropius") -> Tropius | CT89: - | CU89: 2
CR90: =IFERROR(__xludf.DUMMYFUNCTION("""COMPUTED_VALUE"""),"") | CS90: =IFERROR(__xludf.DUMMYFUNCTION("""COMPUTED_VALUE"""),"Vespiquen") -> Vespiquen | CT90: - | CU90: 2
CR91: =IFERROR(__xludf.DUMMYFUNCTION("""COMPUTED_VALUE"""),"") | CS91: =IFERROR(__xludf.DUMMYFUNCTION("""COMPUTED_VALUE"""),"Vigoroth") -> Vigoroth | CT91: - | CU91: 2
CR92: =IFERROR(__xludf.DUMMYFUNCTION("""COMPUTED_VALUE"""),"") | CS92: =IFERROR(__xludf.DUMMYFUNCTION("""COMPUTED_VALUE"""),"Vullaby") -> Vullaby | CT92: - | CU92: 2
CR93: =IFERROR(__xludf.DUMMYFUNCTION("""COMPUTED_VALUE"""),"") | CS93: =IFERROR(__xludf.DUMMYFUNCTION("""COMPUTED_VALUE"""),"Vulpix") -> Vulpix | CT93: - | CU93: 2
CR94: =IFERROR(__xludf.DUMMYFUNCTION("""COMPUTED_VALUE"""),"") | CS94: =IFERROR(__xludf.DUMMYFUNCTION("""COMPUTED_VALUE"""),"Wugtrio") -> Wugtrio | CT94: - | CU94: 2
CR95: =IFERROR(__xludf.DUMMYFUNCTION("""COMPUTED_VALUE"""),"") | CS95: =IFERROR(__xludf.DUMMYFUNCTION("""COMPUTED_VALUE"""),"Zweilous") -> Zweilous | CT95: X | CU95: 1

Sheet Standings
A1: x
C3: Drizzle Standings
C4: 1 | D4: =vlookup(E4,Source!$G$3:$L$18,5,FALSE) | E4: =Data!$AO$5 -> Ian Heslin | F4: =CountIF(G4:K5,"W")&"-"&CountIF(G4:K5,"L") -> 7-0 | G4: =vlookup($E4,Data!$T$5:$AD$12,5,FALSE) -> W | H4: =vlookup($E4,Data!$T$5:$AD$12,6,FALSE) -> W | I4: =vlookup($E4,Data!$T$5:$AD$12,7,FALSE) -> W | J4: =vlookup($E4,Data!$T$5:$AD$12,8,FALSE) -> W | K4: =vlookup($E4,Data!$T$5:$AD$12,9,FALSE) -> W
E5: =vlookup(E4,Source!$G$3:$L$18,2,FALSE) -> RIP Zamazentas | G5: =vlookup($E4,Data!$T$5:$AAD$12,10,FALSE) -> W | H5: =vlookup($E4,Data!$T$5:$AD$12,11,FALSE) -> W
C6: 2 | D6: =vlookup(E6,Source!$G$3:$L$18,5,FALSE) | E6: =Data!$AO$6 -> Jackson McLoughlin | F6: =CountIF(G6:K7,"W")&"-"&CountIF(G6:K7,"L") -> 5-1 | G6: =vlookup(E6,Data!$T$5:$AD$12,5,FALSE) -> L | H6: =vlookup(E6,Data!$T$5:$AD$12,6,FALSE) -> W | I6: =vlookup(E6,Data!$T$5:$AD$12,7,FALSE) -> W | J6: =vlookup(E6,Data!$T$5:$AD$12,8,FALSE) -> W | K6: =vlookup(E6,Data!$T$5:$AD$12,9,FALSE) -> W
E7: =vlookup(E6,Source!$G$3:$L$18,2,FALSE) -> Jackson's Team | G7: =vlookup(E6,Data!$T$5:$AD$12,10,FALSE) -> W | H7: =vlookup(E6,Data!$T$5:$AD$12,11,FALSE)
C8: 3 | D8: =vlookup(E8,Source!$G$3:$L$18,5,FALSE) | E8: =Data!$AO$7 -> Ryan Evans | F8: =CountIF(G8:K9,"W")&"-"&CountIF(G8:K9,"L") -> 4-3 | G8: =vlookup(E8,Data!$T$5:$AD$12,5,FALSE) -> L | H8: =vlookup(E8,Data!$T$5:$AD$12,6,FALSE) -> W | I8: =vlookup(E8,Data!$T$5:$AD$12,7,FALSE) -> W | J8: =vlookup(E8,Data!$T$5:$AD$12,8,FALSE) -> W | K8: =vlookup(E8,Data!$T$5:$AD$12,9,FALSE) -> L
E9: =vlookup(E8,Source!$G$3:$L$18,2,FALSE) -> Sweepers | G9: =vlookup(E8,Data!$T$5:$AD$12,10,FALSE) -> W | H9: =vlookup(E8,Data!$T$5:$AD$12,11,FALSE) -> L
C10: 4 | D10: =vlookup(E10,Source!$G$3:$L$18,5,FALSE) | E10: =Data!$AO$8 -> Zach VanSickle | F10: =CountIF(G10:K11,"W")&"-"&CountIF(G10:K11,"L") -> 2-2 | G10: =vlookup(E10,Data!$T$5:$AD$12,5,FALSE) -> W | H10: =vlookup(E10,Data!$T$5:$AD$12,6,FALSE) -> L | I10: =vlookup(E10,Data!$T$5:$AD$12,7,FALSE) -> W | J10: =vlookup(E10,Data!$T$5:$AD$12,8,FALSE) -> L | K10: =vlookup(E10,Data!$T$5:$AD$12,9,FALSE)
E11: =vlookup(E10,Source!$G$3:$L$18,2,FALSE) -> Zach's Team | G11: =vlookup(E10,Data!$T$5:$AD$12,10,FALSE) | H11: =vlookup(E10,Data!$T$5:$AD$12,11,FALSE)
C12: 5 | D12: =vlookup(E12,Source!$G$3:$L$18,5,FALSE) | E12: =Data!$AO$9 -> Marcus | F12: =CountIF(G12:K13,"W")&"-"&CountIF(G12:K13,"L") -> 2-3 | G12: =vlookup(E12,Data!$T$5:$AD$12,5,FALSE) -> W | H12: =vlookup(E12,Data!$T$5:$AD$12,6,FALSE) -> W | I12: =vlookup(E12,Data!$T$5:$AD$12,7,FALSE) -> L | J12: =vlookup(E12,Data!$T$5:$AD$12,8,FALSE) -> L | K12: =vlookup(E12,Data!$T$5:$AD$12,9,FALSE)
E13: =vlookup(E12,Source!$G$3:$L$18,2,FALSE) -> Marcus' Team | G13: =vlookup(E12,Data!$T$5:$AD$12,10,FALSE) -> L | H13: =vlookup(E12,Data!$T$5:$AD$12,11,FALSE)
C14: 6 | D14: =vlookup(E14,Source!$G$3:$L$18,5,FALSE) | E14: =Data!$AO$10 -> Ryan Tidey | F14: =CountIF(G14:K15,"W")&"-"&CountIF(G14:K15,"L") -> 1-4 | G14: =vlookup(E14,Data!$T$5:$AD$12,5,FALSE) -> W | H14: =vlookup(E14,Data!$T$5:$AD$12,6,FALSE) -> L | I14: =vlookup(E14,Data!$T$5:$AD$12,7,FALSE) -> L | J14: =vlookup(E14,Data!$T$5:$AD$12,8,FALSE) -> L | K14: =vlookup(E14,Data!$T$5:$AD$12,9,FALSE)
E15: =vlookup(E14,Source!$G$3:$L$18,2,FALSE) -> Ryan T.'s Team | G15: =vlookup(E14,Data!$T$5:$AD$12,10,FALSE) -> L | H15: =vlookup(E14,Data!$T$5:$AD$12,11,FALSE)
C16: 7 | D16: =vlookup(E16,Source!$G$3:$L$18,5,FALSE) | E16: =Data!$AO$11 -> Tyler Gottfredsen | F16: =CountIF(G16:K17,"W")&"-"&CountIF(G16:K17,"L") -> 1-4 | G16: =vlookup(E16,Data!$T$5:$AD$12,5,FALSE) -> L | H16: =vlookup(E16,Data!$T$5:$AD$12,6,FALSE) -> L | I16: =vlookup(E16,Data!$T$5:$AD$12,7,FALSE) -> L | J16: =vlookup(E16,Data!$T$5:$AD$12,8,FALSE) -> W | K16: =vlookup(E16,Data!$T$5:$AD$12,9,FALSE)
E17: =vlookup(E16,Source!$G$3:$L$18,2,FALSE) -> Tyler's Team | G17: =vlookup(E16,Data!$T$5:$AD$12,10,FALSE) -> L | H17: =vlookup(E16,Data!$T$5:$AD$12,11,FALSE)
C18: 8 | D18: =vlookup(E18,Source!$G$3:$L$18,5,FALSE) | E18: =Data!$AO$12 -> Dick Hansen | F18: =CountIF(G18:K19,"W")&"-"&CountIF(G18:K19,"L") -> 0-5 | G18: =vlookup(E18,Data!$T$5:$AD$12,5,FALSE) -> L | H18: =vlookup(E18,Data!$T$5:$AD$12,6,FALSE) -> L | I18: =vlookup(E18,Data!$T$5:$AD$12,7,FALSE) -> L | J18: =vlookup(E18,Data!$T$5:$AD$12,8,FALSE) -> L | K18: =vlookup(E18,Data!$T$5:$AD$12,9,FALSE) -> L
E19: =vlookup(E18,Source!$G$3:$L$18,2,FALSE) -> Dick's Team | G19: =vlookup(E18,Data!$T$5:$AD$12,10,FALSE) | H19: =vlookup(E18,Data!$T$5:$AD$12,11,FALSE)

Sheet Teams
A1: 0
C3: =Source!H3 -> Ryan T.'s Team | J3: =Source!H4 -> Marcus' Team | Q3: =Source!H5 -> RIP Zamazentas | X3: =Source!H6 -> Sweepers
C4: =Source!G3 -> Ryan Tidey | E4: Tera | H4: =Source!J3 -> EST | J4: =Source!G4 -> Marcus | L4: Tera | O4: =Source!J4 -> EST | Q4: =Source!G5 -> Ian Heslin | S4: Tera | V4: =Source!J5 -> CST | X4: =Source!G6 -> Ryan Evans | Z4: Tera | AC4: =Source!J6 -> CST
C5: {=IFERROR(VLOOKUP(D5:D16,{Pokedex!$I$2:$I35,Pokedex!$H$2:$H35},2,FALSE),"")} | D5: Chien-Pao | E5: {=iferror(vlookup(Data!$G5:$I16,Data!$T$28:$U$46,2,0),"")} | H5: {=IFNA(VLOOKUP(SUBSTITUTE(D5:D16," (T)",""),{Source!$B$2:$B35,Source!$C$2:$D35},IF(RIGHT(D5:D16)=")",3,2),0),"")} -> 19 | J5: {=IFERROR(VLOOKUP(K5:K16,{Pokedex!$I$2:$I35,Pokedex!$H$2:$H35},2,FALSE),"")} | K5: Dragapult | L5: {=iferror(vlookup(Data!$G17:$I28,Data!$T$28:$U$46,2,0),"")} | O5: {=IFNA(VLOOKUP(SUBSTITUTE(K5:K16," (T)",""),{Source!$B$2:$B35,Source!$C$2:$D35},IF(RIGHT(K5:K16)=")",3,2),0),"")} -> 19 | Q5: {=IFERROR(VLOOKUP(R5:R16,{Pokedex!$I$2:$I35,Pokedex!$H$2:$H35},2,FALSE),"")} | R5: Annihilape | S5: {=iferror(vlookup(Data!$G29:$I40,Data!$T$28:$U$46,2,0),"")} | V5: {=IFNA(VLOOKUP(SUBSTITUTE(R5:R16," (T)",""),{Source!$B$2:$B35,Source!$C$2:$D35},IF(RIGHT(R5:R16)=")",3,2),0),"")} -> 14 | X5: {=IFERROR(VLOOKUP(Y5:Y16,{Pokedex!$I$2:$I35,Pokedex!$H$2:$H35},2,FALSE),"")} | Y5: Darkrai | Z5: {=iferror(vlookup(Data!$G41:$I52,Data!$T$28:$U$46,2,0),"")} | AC5: {=IFNA(VLOOKUP(SUBSTITUTE(Y5:Y16," (T)",""),{Source!$B$2:$B35,Source!$C$2:$D35},IF(RIGHT(Y5:Y16)=")",3,2),0),"")} -> 19
D6: ursaluna-bloodmoon | H6: 16 | K6: Meowscarada | O6: 16 | R6: Enamorus-Incarnate | V6: 16 | Y6: tornadus-therian | AC6: 17
D7: Iron Hands | H7: 15 | K7: Jirachi | O7: 14 | R7: Palafin | V7: 18 | Y7: Blaziken | AC7: 16
D8: Skeledirge (T) | H8: 14 | K8: Keldeo | O8: 13 | R8: ogerpon-hearthflame | V8: 13 | Y8: clefable | AC8: 13
D9: Walking Wake | H9: 14 | K9: Kleavor (T) | O9: 11 | R9: Hisuian Samurott | V9: 15 | Y9: Chansey | AC9: 5
D10: Alomomola (T) | H10: 11 | K10: Tornadus-Incarnate (T) | O10: 9 | R10: Mamoswine (T) | V10: 12 | Y10: Kingdra (T) | AC10: 8
D11: Cobalion | H11: 10 | K11: Grimmsnarl | O11: 12 | R11: Galarian Slowking | V11: 15 | Y11: Ninetales (T) | AC11: 8
D12: Hoopa-Unbound (T) | H12: 13 | K12: Cinderace | O12: 14 | R12: Scizor | V12: 13 | Y12: Dragonite | AC12: 15
D13: Krookodile | H13: 12 | K13: Landorus-Incarnate | O13: 14 | R13: Ribombee (T) | V13: 8 | Y13: Corviknight | AC13: 13 | AE13: v
D14: Zweilous | H14: 1 | K14: Dusclops | O14: 3 | R14: Alolan Vulpix | V14: 1 | Y14: Sandy Shocks | AC14: 11
C17: 8 FAs | D17: =125-SUM(H5:H16)&" points" -> 0 points | J17: 8 FAs | K17: =125-SUM(O5:O16)&" points" -> 0 points | Q17: 4 FAs | R17: =125-SUM(V5:V16)&" points" -> 0 points | X17: 7 FAs | Y17: =125-SUM(AC5:AC16)&" points" -> 0 points
AE18: vvvvvv
C19: =Source!H7 -> Tyler's Team | J19: =Source!H8 -> Dick's Team | Q19: =Source!H9 -> Jackson's Team | X19: =Source!H10 -> Zach's Team | AE19: v
C20: =Source!G7 -> Tyler Gottfredsen | E20: Tera | H20: =Source!J7 -> CST | J20: =Source!G8 -> Dick Hansen | L20: Tera | O20: =Source!J8 -> CST | Q20: =Source!G9 -> Jackson McLoughlin | S20: Tera | V20: =Source!J9 -> EST | X20: =Source!G10 -> Zach VanSickle | Z20: Tera | AC20: =Source!J10 -> CST
C21: {=IFERROR(VLOOKUP(D21:D32,{Pokedex!$I$2:$I35,Pokedex!$H$2:$H35},2,FALSE),"")} | D21: Iron Valiant | E21: {=iferror(vlookup(Data!$G53:$I64,Data!$T$28:$U$46,2,0),"")} | H21: {=IFNA(VLOOKUP(SUBSTITUTE(D21:D32," (T)",""),{Source!$B$2:$B35,Source!$C$2:$D35},IF(RIGHT(D21:D32)=")",3,2),0),"")} -> 19 | J21: {=IFERROR(VLOOKUP(K21:K32,{Pokedex!$I$2:$I35,Pokedex!$H$2:$H35},2,FALSE),"")} | K21: Garchomp | L21: {=iferror(vlookup(Data!$G65:$I76,Data!$T$28:$U$46,2,0),"")} | O21: {=IFNA(VLOOKUP(SUBSTITUTE(K21:K32," (T)",""),{Source!$B$2:$B35,Source!$C$2:$D35},IF(RIGHT(K21:K32)=")",3,2),0),"")} -> 18 | Q21: {=IFERROR(VLOOKUP(R21:R32,{Pokedex!$I$2:$I35,Pokedex!$H$2:$H35},2,FALSE),"")} | R21: ogerpon-wellspring | S21: {=iferror(vlookup(Data!$G77:$I88,Data!$T$28:$U$46,2,0),"")} | V21: {=IFNA(VLOOKUP(SUBSTITUTE(R21:R32," (T)",""),{Source!$B$2:$B35,Source!$C$2:$D35},IF(RIGHT(R21:R32)=")",3,2),0),"")} -> 15 | X21: {=IFERROR(VLOOKUP(Y21:Y32,{Pokedex!$I$2:$I35,Pokedex!$H$2:$H35},2,FALSE),"")} | Y21: Great Tusk | Z21: {=iferror(vlookup(Data!$G89:$I100,Data!$T$28:$U$46,2,0),"")} | AC21: {=IFNA(VLOOKUP(SUBSTITUTE(Y21:Y32," (T)",""),{Source!$B$2:$B35,Source!$C$2:$D35},IF(RIGHT(Y21:Y32)=")",3,2),0),"")} -> 18
D22: Zapdos | H22: 15 | K22: Deoxys-Speed | O22: 17 | R22: Kyurem-Black | V22: 15 | Y22: Urshifu-Single-Strike | AC22: 16
D23: Latias | H23: 13 | K23: Hisuian Arcanine | O23: 12 | R23: Heatran | V23: 13 | Y23: Torkoal (T) | AC23: 12
D24: Gliscor | H24: 12 | K24: Arcanine (T) | O24: 11 | R24: Sylveon (T) | V24: 9 | Y24: raging bolt | AC24: 12 | AE24: v
D25: Basculegion (T) | H25: 12 | K25: Thundurus-Incarnate | O25: 12 | R25: Sneasler | V25: 16 | Y25: Azelf | AC25: 11
D26: Pelipper | H26: 9 | K26: Noivern (T) | O26: 11 | R26: Shaymin (T) | V26: 13 | Y26: gouging fire | AC26: 16
D27: Spectrier | H27: 18 | K27: Froslass | O27: 6 | R27: iron boulder | V27: 15 | Y27: Rotom-Wash | AC27: 14
D28: Sinistcha (T) | H28: 8 | K28: Raikou | O28: 12 | R28: Regieleki | V28: 8 | Y28: Iron Jugulis | AC28: 12
D29: Archaludon (T) | H29: 12 | K29: Kyurem | O29: 16 | R29: Bisharp (T) | V29: 9 | Y29: Venusaur (T) | AC29: 9
D30: Cinccino | H30: 5 | K30: Dragalge (T) | O30: 10 | R30: Hisuian Zoroark | V30: 12 | Y30: Coalossal (T) | AC30: 5
Y31: Magikarp (T) | AC31: 0
Y32: Magikarp | AC32: 0
C33: 6 FAs | D33: =125-SUM(H21:H32)&" points" -> 2 points | J33: 3 FAs | K33: =125-SUM(O21:O32)&" points" -> 0 points | Q33: 2 FAs | R33: =125-SUM(V21:V32)&" points" -> 0 points | X33: 8 FAs | Y33: =125-SUM(AC21:AC32)&" points" -> 0 points
R35: vvvvvvv | S35: 7

Sheet Leaderboard
P3: Unsorted Total
C4: # | D4: Team | E4: Pokemon | G4: Tera | J4: G.P. | K4: K | L4: D | M4: Diff | P4: # | Q4: Pokemon | S4: G.P. | T4: K | U4: D | V4: Diff
C6: 1 | D6: {=SORT(Data!D5:M100,8,FALSE,10,FALSE,7,true)} -> RIP | F6: Mamoswine (T) | G6: Ground | H6: Water | I6: Steel | J6: 6 | K6: 9 | L6: 2 | M6: 7 | P6: 1 | Q6: {=IFERROR(VLOOKUP(R6:R156,Pokedex!$C$2:$D158,2,FALSE),"")} -> ursaluna-bloodmoon | R6: =IFERROR(__xludf.DUMMYFUNCTION("iferror(filter(UNIQUE({Data!F6:F64;#REF!}),UNIQUE({Data!F6:F64;#REF!})<>""""),"" "")"),"ursaluna-bloodmoon") -> ursaluna-bloodmoon | S6: {=SUMIF(Data!F6:F64,R6:R156,Data!J6:J64)+SUMIF(#REF!,R6:R156,#REF!)} -> #N/A | T6: {=SUMIF(Data!F6:F64,R6:R156,Data!K6:K64)+SUMIF(#REF!,R6:R156,#REF!)} -> #N/A | U6: {=SUMIF(Data!F6:F64,R6:R156,Data!L6:L64)+SUMIF(#REF!,R6:R156,#REF!)} -> #N/A | V6: {=SUMIF(Data!F6:F64,R6:R156,Data!M6:M64)+SUMIF(#REF!,R6:R156,#REF!)} -> #N/A
C7: =C6+1 -> 2 | D7: RE | F7: Dragonite | J7: 5 | K7: 9 | L7: 4 | M7: 5 | P7: =P6+1 -> 2 | R7: =IFERROR(__xludf.DUMMYFUNCTION("""COMPUTED_VALUE"""),"Iron Hands") -> Iron Hands | S7: #N/A | T7: #N/A | U7: #N/A | V7: #N/A
C8: =C7+1 -> 3 | D8: RT | F8: Chien-Pao | J8: 5 | K8: 8 | L8: 4 | M8: 4 | P8: =P7+1 -> 3 | R8: =IFERROR(__xludf.DUMMYFUNCTION("""COMPUTED_VALUE"""),"Skeledirge (T)") -> Skeledirge (T) | S8: #N/A | T8: #N/A | U8: #N/A | V8: #N/A
C9: =C8+1 -> 4 | D9: RT | F9: Iron Hands | J9: 5 | K9: 7 | L9: 4 | M9: 3 | P9: =P8+1 -> 4 | R9: =IFERROR(__xludf.DUMMYFUNCTION("""COMPUTED_VALUE"""),"Walking Wake") -> Walking Wake | S9: #N/A | T9: #N/A | U9: #N/A | V9: #N/A
C10: =C9+1 -> 5 | D10: JM | F10: Regieleki | J10: 5 | K10: 6 | L10: 0 | M10: 6 | P10: =P9+1 -> 5 | R10: =IFERROR(__xludf.DUMMYFUNCTION("""COMPUTED_VALUE"""),"Alomomola (T)") -> Alomomola (T) | S10: #N/A | T10: #N/A | U10: #N/A | V10: #N/A
C11: =C10+1 -> 6 | D11: JM | F11: Shaymin (T) | G11: grass | H11: ground | I11: Water | J11: 3 | K11: 6 | L11: 2 | M11: 4 | P11: =P10+1 -> 6 | Q11: cobalion | R11: =IFERROR(__xludf.DUMMYFUNCTION("""COMPUTED_VALUE"""),"Cobalion") -> Cobalion | S11: #N/A | T11: #N/A | U11: #N/A | V11: #N/A
C12: =C11+1 -> 7 | D12: RIP | F12: Enamorus-Incarnate | J12: 6 | K12: 6 | L12: 3 | M12: 3 | P12: =P11+1 -> 7 | R12: =IFERROR(__xludf.DUMMYFUNCTION("""COMPUTED_VALUE"""),"Hoopa-Unbound (T)") -> Hoopa-Unbound (T) | S12: #N/A | T12: #N/A | U12: #N/A | V12: #N/A
C13: =C12+1 -> 8 | D13: JM | F13: Heatran | J13: 6 | K13: 6 | L13: 4 | M13: 2 | P13: =P12+1 -> 8 | Q13: krookodile | R13: =IFERROR(__xludf.DUMMYFUNCTION("""COMPUTED_VALUE"""),"Krookodile") -> Krookodile | S13: #N/A | T13: #N/A | U13: #N/A | V13: #N/A
C14: =C13+1 -> 9 | D14: RIP | F14: Palafin | J14: 5 | K14: 5 | L14: 0 | M14: 5 | P14: =P13+1 -> 9 | Q14: zweilous | R14: =IFERROR(__xludf.DUMMYFUNCTION("""COMPUTED_VALUE"""),"Zweilous") -> Zweilous | S14: #N/A | T14: #N/A | U14: #N/A | V14: #N/A
C15: =C14+1 -> 10 | D15: PM | F15: Keldeo | J15: 3 | K15: 5 | L15: 2 | M15: 3 | P15: =P14+1 -> 10 | Q15: dragapult | R15: =IFERROR(__xludf.DUMMYFUNCTION("""COMPUTED_VALUE"""),"Dragapult") -> Dragapult | S15: #N/A | T15: #N/A | U15: #N/A | V15: #N/A
C16: =C15+1 -> 11 | D16: JM | F16: Kyurem-Black | J16: 5 | K16: 5 | L16: 5 | M16: 0 | P16: =P15+1 -> 11 | Q16: meowscarada | R16: =IFERROR(__xludf.DUMMYFUNCTION("""COMPUTED_VALUE"""),"Meowscarada") -> Meowscarada | S16: #N/A | T16: #N/A | U16: #N/A | V16: #N/A
C17: =C16+1 -> 12 | D17: ZV | F17: raging bolt | J17: 3 | K17: 4 | L17: 1 | M17: 3 | P17: =P16+1 -> 12 | Q17: jirachi | R17: =IFERROR(__xludf.DUMMYFUNCTION("""COMPUTED_VALUE"""),"Jirachi") -> Jirachi | S17: #N/A | T17: #N/A | U17: #N/A | V17: #N/A
C18: =C17+1 -> 13 | D18: PM | F18: Landorus-Incarnate | J18: 3 | K18: 4 | L18: 3 | M18: 1 | P18: =P17+1 -> 13 | Q18: keldeo | R18: =IFERROR(__xludf.DUMMYFUNCTION("""COMPUTED_VALUE"""),"Keldeo") -> Keldeo | S18: #N/A | T18: #N/A | U18: #N/A | V18: #N/A
C19: =C18+1 -> 14 | D19: TG | F19: Zapdos | J19: 3 | K19: 4 | L19: 3 | M19: 1 | P19: =P18+1 -> 14 | R19: =IFERROR(__xludf.DUMMYFUNCTION("""COMPUTED_VALUE"""),"Kleavor (T)") -> Kleavor (T) | S19: #N/A | T19: #N/A | U19: #N/A | V19: #N/A
C20: =C19+1 -> 15 | D20: RE | F20: Blaziken | J20: 5 | K20: 4 | L20: 3 | M20: 1 | P20: =P19+1 -> 15 | R20: =IFERROR(__xludf.DUMMYFUNCTION("""COMPUTED_VALUE"""),"Tornadus-Incarnate (T)") -> Tornadus-Incarnate (T) | S20: #N/A | T20: #N/A | U20: #N/A | V20: #N/A
C21: =C20+1 -> 16 | D21: RE | F21: Sandy Shocks | J21: 5 | K21: 4 | L21: 3 | M21: 1 | P21: =P20+1 -> 16 | Q21: grimmsnarl | R21: =IFERROR(__xludf.DUMMYFUNCTION("""COMPUTED_VALUE"""),"Grimmsnarl") -> Grimmsnarl | S21: #N/A | T21: #N/A | U21: #N/A | V21: #N/A
C22: =C21+1 -> 17 | D22: RIP | F22: Annihilape | J22: 2 | K22: 3 | L22: 0 | M22: 3 | P22: =P21+1 -> 17 | Q22: cinderace | R22: =IFERROR(__xludf.DUMMYFUNCTION("""COMPUTED_VALUE"""),"Cinderace") -> Cinderace | S22: #N/A | T22: #N/A | U22: #N/A | V22: #N/A
C23: =C22+1 -> 18 | D23: ZV | F23: Urshifu-Single-Strike | J23: 1 | K23: 3 | L23: 1 | M23: 2 | P23: =P22+1 -> 18 | R23: =IFERROR(__xludf.DUMMYFUNCTION("""COMPUTED_VALUE"""),"Landorus-Incarnate") -> Landorus-Incarnate | S23: #N/A | T23: #N/A | U23: #N/A | V23: #N/A
C24: =C23+1 -> 19 | D24: RE | F24: clefable | J24: 2 | K24: 3 | L24: 1 | M24: 2 | P24: =P23+1 -> 19 | Q24: dusclops | R24: =IFERROR(__xludf.DUMMYFUNCTION("""COMPUTED_VALUE"""),"Dusclops") -> Dusclops | S24: #N/A | T24: #N/A | U24: #N/A | V24: #N/A
C25: =C24+1 -> 20 | D25: RIP | F25: Hisuian Samurott | J25: 3 | K25: 3 | L25: 1 | M25: 2 | P25: =P24+1 -> 20 | Q25: annihilape | R25: =IFERROR(__xludf.DUMMYFUNCTION("""COMPUTED_VALUE"""),"Annihilape") -> Annihilape | S25: #N/A | T25: #N/A | U25: #N/A | V25: #N/A
C26: =C25+1 -> 21 | D26: PM | F26: Meowscarada | J26: 3 | K26: 3 | L26: 2 | M26: 1 | P26: =P25+1 -> 21 | R26: =IFERROR(__xludf.DUMMYFUNCTION("""COMPUTED_VALUE"""),"Enamorus-Incarnate") -> Enamorus-Incarnate | S26: #N/A | T26: #N/A | U26: #N/A | V26: #N/A
C27: =C26+1 -> 22 | D27: RT | F27: Walking Wake | J27: 4 | K27: 3 | L27: 3 | M27: 0 | P27: =P26+1 -> 22 | Q27: palafin | R27: =IFERROR(__xludf.DUMMYFUNCTION("""COMPUTED_VALUE"""),"Palafin") -> Palafin | S27: #N/A | T27: #N/A | U27: #N/A | V27: #N/A
C28: =C27+1 -> 23 | D28: RE | F28: Kingdra (T) | G28: Water | H28: Fairy | I28: Flying | J28: 4 | K28: 3 | L28: 3 | M28: 0 | P28: =P27+1 -> 23 | Q28: ogerpon-hearthflame | R28: =IFERROR(__xludf.DUMMYFUNCTION("""COMPUTED_VALUE"""),"ogerpon-hearthflame") -> ogerpon-hearthflame | S28: #N/A | T28: #N/A | U28: #N/A | V28: #N/A
C29: =C28+1 -> 24 | D29: RE | F29: Chansey | J29: 5 | K29: 3 | L29: 3 | M29: 0 | P29: =P28+1 -> 24 | R29: =IFERROR(__xludf.DUMMYFUNCTION("""COMPUTED_VALUE"""),"Hisuian Samurott") -> Hisuian Samurott | S29: #N/A | T29: #N/A | U29: #N/A | V29: #N/A
C30: =C29+1 -> 25 | D30: TG | F30: Cinccino | J30: 1 | K30: 2 | L30: 0 | M30: 2 | P30: =P29+1 -> 25 | R30: =IFERROR(__xludf.DUMMYFUNCTION("""COMPUTED_VALUE"""),"Mamoswine (T)") -> Mamoswine (T) | S30: #N/A | T30: #N/A | U30: #N/A | V30: #N/A
C31: =C30+1 -> 26 | D31: JM | F31: Hisuian Zoroark | J31: 2 | K31: 2 | L31: 1 | M31: 1 | P31: =P30+1 -> 26 | R31: =IFERROR(__xludf.DUMMYFUNCTION("""COMPUTED_VALUE"""),"Galarian Slowking") -> Galarian Slowking | S31: #N/A | T31: #N/A | U31: #N/A | V31: #N/A
C32: =C31+1 -> 27 | D32: ZV | F32: Azelf | J32: 2 | K32: 2 | L32: 1 | M32: 1 | P32: =P31+1 -> 27 | Q32: scizor | R32: =IFERROR(__xludf.DUMMYFUNCTION("""COMPUTED_VALUE"""),"Scizor") -> Scizor | S32: #N/A | T32: #N/A | U32: #N/A | V32: #N/A
C33: =C32+1 -> 28 | D33: RIP | F33: Ribombee (T) | G33: Fairy | H33: Water | I33: Normal | J33: 3 | K33: 2 | L33: 1 | M33: 1 | P33: =P32+1 -> 28 | R33: =IFERROR(__xludf.DUMMYFUNCTION("""COMPUTED_VALUE"""),"Ribombee (T)") -> Ribombee (T) | S33: #N/A | T33: #N/A | U33: #N/A | V33: #N/A
C34: =C33+1 -> 29 | D34: ZV | F34: Great Tusk | J34: 3 | K34: 2 | L34: 2 | M34: 0 | P34: =P33+1 -> 29 | R34: =IFERROR(__xludf.DUMMYFUNCTION("""COMPUTED_VALUE"""),"Alolan Vulpix") -> Alolan Vulpix | S34: #N/A | T34: #N/A | U34: #N/A | V34: #N/A
C35: =C34+1 -> 30 | D35: ZV | F35: Venusaur (T) | G35: grass | H35: fire | I35: flying | J35: 3 | K35: 2 | L35: 2 | M35: 0 | P35: =P34+1 -> 30 | Q35: darkrai | R35: =IFERROR(__xludf.DUMMYFUNCTION("""COMPUTED_VALUE"""),"Darkrai") -> Darkrai | S35: #N/A | T35: #N/A | U35: #N/A | V35: #N/A
C36: =C35+1 -> 31 | D36: JM | F36: iron boulder | J36: 4 | K36: 2 | L36: 2 | M36: 0 | P36: =P35+1 -> 31 | Q36: tornadus-therian | R36: =IFERROR(__xludf.DUMMYFUNCTION("""COMPUTED_VALUE"""),"tornadus-therian") -> tornadus-therian | S36: #N/A | T36: #N/A | U36: #N/A | V36: #N/A
C37: =C36+1 -> 32 | D37: RIP | F37: Galarian Slowking | J37: 6 | K37: 2 | L37: 2 | M37: 0 | P37: =P36+1 -> 32 | Q37: blaziken | R37: =IFERROR(__xludf.DUMMYFUNCTION("""COMPUTED_VALUE"""),"Blaziken") -> Blaziken | S37: #N/A | T37: #N/A | U37: #N/A | V37: #N/A
C38: =C37+1 -> 33 | D38: RT | F38: Cobalion | J38: 3 | K38: 2 | L38: 3 | M38: -1 | P38: =P37+1 -> 33 | Q38: clefable | R38: =IFERROR(__xludf.DUMMYFUNCTION("""COMPUTED_VALUE"""),"clefable") -> clefable | S38: #N/A | T38: #N/A | U38: #N/A | V38: #N/A
C39: =C38+1 -> 34 | D39: DH | F39: Noivern (T) | G39: Flying | H39: Fire | I39: Water | J39: 3 | K39: 2 | L39: 3 | M39: -1 | P39: =P38+1 -> 34 | Q39: chansey | R39: =IFERROR(__xludf.DUMMYFUNCTION("""COMPUTED_VALUE"""),"Chansey") -> Chansey | S39: #N/A | T39: #N/A | U39: #N/A | V39: #N/A
C40: =C39+1 -> 35 | D40: TG | F40: Pelipper | J40: 4 | K40: 2 | L40: 3 | M40: -1 | P40: =P39+1 -> 35 | R40: =IFERROR(__xludf.DUMMYFUNCTION("""COMPUTED_VALUE"""),"Kingdra (T)") -> Kingdra (T) | S40: #N/A | T40: #N/A | U40: #N/A | V40: #N/A
C41: =C40+1 -> 36 | D41: DH | F41: Kyurem | J41: 4 | K41: 2 | L41: 4 | M41: -2 | P41: =P40+1 -> 36 | R41: =IFERROR(__xludf.DUMMYFUNCTION("""COMPUTED_VALUE"""),"Ninetales (T)") -> Ninetales (T) | S41: #N/A | T41: #N/A | U41: #N/A | V41: #N/A
C42: =C41+1 -> 37 | D42: PM | F42: Jirachi | J42: 5 | K42: 2 | L42: 4 | M42: -2 | P42: =P41+1 -> 37 | Q42: dragonite | R42: =IFERROR(__xludf.DUMMYFUNCTION("""COMPUTED_VALUE"""),"Dragonite") -> Dragonite | S42: #N/A | T42: #N/A | U42: #N/A | V42: #N/A
C43: =C42+1 -> 38 | D43: RIP | F43: Scizor | J43: 1 | K43: 1 | L43: 0 | M43: 1 | P43: =P42+1 -> 38 | Q43: corviknight | R43: =IFERROR(__xludf.DUMMYFUNCTION("""COMPUTED_VALUE"""),"Corviknight") -> Corviknight | S43: #N/A | T43: #N/A | U43: #N/A | V43: #N/A
C44: =C43+1 -> 39 | D44: PM | F44: Kleavor (T) | G44: rock | H44: water | I44: bug | J44: 1 | K44: 1 | L44: 1 | M44: 0 | P44: =P43+1 -> 39 | R44: =IFERROR(__xludf.DUMMYFUNCTION("""COMPUTED_VALUE"""),"Sandy Shocks") -> Sandy Shocks | S44: #N/A | T44: #N/A | U44: #N/A | V44: #N/A
C45: =C44+1 -> 40 | D45: TG | F45: Spectrier | J45: 1 | K45: 1 | L45: 1 | M45: 0 | P45: =P44+1 -> 40 | R45: =IFERROR(__xludf.DUMMYFUNCTION("""COMPUTED_VALUE"""),"Iron Valiant") -> Iron Valiant | S45: #N/A | T45: #N/A | U45: #N/A | V45: #N/A
C46: =C45+1 -> 41 | D46: JM | F46: ogerpon-wellspring | J46: 1 | K46: 1 | L46: 1 | M46: 0 | P46: =P45+1 -> 41 | Q46: zapdos | R46: =IFERROR(__xludf.DUMMYFUNCTION("""COMPUTED_VALUE"""),"Zapdos") -> Zapdos | S46: #N/A | T46: #N/A | U46: #N/A | V46: #N/A
C47: =C46+1 -> 42 | D47: JM | F47: Sneasler | J47: 1 | K47: 1 | L47: 1 | M47: 0 | P47: =P46+1 -> 42 | Q47: latias | R47: =IFERROR(__xludf.DUMMYFUNCTION("""COMPUTED_VALUE"""),"Latias") -> Latias | S47: #N/A | T47: #N/A | U47: #N/A | V47: #N/A
C48: =C47+1 -> 43 | D48: JM | F48: Sylveon (T) | G48: fairy | H48: normal | I48: steel | J48: 3 | K48: 1 | L48: 1 | M48: 0 | P48: =P47+1 -> 43 | Q48: gliscor | R48: =IFERROR(__xludf.DUMMYFUNCTION("""COMPUTED_VALUE"""),"Gliscor") -> Gliscor | S48: #N/A | T48: #N/A | U48: #N/A | V48: #N/A
C49: =C48+1 -> 44 | D49: TG | F49: Latias | J49: 2 | K49: 1 | L49: 2 | M49: -1 | P49: =P48+1 -> 44 | R49: =IFERROR(__xludf.DUMMYFUNCTION("""COMPUTED_VALUE"""),"Basculegion (T)") -> Basculegion (T) | S49: #N/A | T49: #N/A | U49: #N/A | V49: #N/A
C50: =C49+1 -> 45 | D50: DH | F50: Dragalge (T) | G50: Poison | H50: Water | I50: Steel | J50: 2 | K50: 1 | L50: 2 | M50: -1 | P50: =P49+1 -> 45 | Q50: pelipper | R50: =IFERROR(__xludf.DUMMYFUNCTION("""COMPUTED_VALUE"""),"Pelipper") -> Pelipper | S50: #N/A | T50: #N/A | U50: #N/A | V50: #N/A
C51: =C50+1 -> 46 | D51: RT | F51: Hoopa-Unbound (T) | G51: dark | H51: poison | I51: fairy | J51: 3 | K51: 1 | L51: 2 | M51: -1 | P51: =P50+1 -> 46 | Q51: spectrier | R51: =IFERROR(__xludf.DUMMYFUNCTION("""COMPUTED_VALUE"""),"Spectrier") -> Spectrier | S51: #N/A | T51: #N/A | U51: #N/A | V51: #N/A
C52: =C51+1 -> 47 | D52: PM | F52: Grimmsnarl | J52: 3 | K52: 1 | L52: 3 | M52: -2 | P52: =P51+1 -> 47 | R52: =IFERROR(__xludf.DUMMYFUNCTION("""COMPUTED_VALUE"""),"Sinistcha (T)") -> Sinistcha (T) | S52: #N/A | T52: #N/A | U52: #N/A | V52: #N/A
C53: =C52+1 -> 48 | D53: TG | F53: Iron Valiant | J53: 3 | K53: 1 | L53: 3 | M53: -2 | P53: =P52+1 -> 48 | R53: =IFERROR(__xludf.DUMMYFUNCTION("""COMPUTED_VALUE"""),"Archaludon (T)") -> Archaludon (T) | S53: #N/A | T53: #N/A | U53: #N/A | V53: #N/A
C54: =C53+1 -> 49 | D54: ZV | F54: gouging fire | J54: 3 | K54: 1 | L54: 3 | M54: -2 | P54: =P53+1 -> 49 | Q54: cinccino | R54: =IFERROR(__xludf.DUMMYFUNCTION("""COMPUTED_VALUE"""),"Cinccino") -> Cinccino | S54: #N/A | T54: #N/A | U54: #N/A | V54: #N/A
C55: =C54+1 -> 50 | D55: RT | F55: Skeledirge (T) | G55: ghost | H55: water | I55: Dark | J55: 4 | K55: 1 | L55: 3 | M55: -2 | P55: =P54+1 -> 50 | S55: #N/A | T55: #N/A | U55: #N/A | V55: #N/A
C56: =C55+1 -> 51 | D56: RE | F56: Corviknight | J56: 6 | K56: 1 | L56: 4 | M56: -3 | P56: =P55+1 -> 51 | S56: #N/A | T56: #N/A | U56: #N/A | V56: #N/A
C57: =C56+1 -> 52 | D57: RT | F57: Krookodile | J57: 0 | K57: 0 | L57: 0 | M57: 0 | P57: =P56+1 -> 52 | S57: #N/A | T57: #N/A | U57: #N/A | V57: #N/A
C58: =C57+1 -> 53 | D58: RT | F58: Zweilous | J58: 0 | K58: 0 | L58: 0 | M58: 0 | P58: =P57+1 -> 53 | S58: #N/A | T58: #N/A | U58: #N/A | V58: #N/A
C59: =C58+1 -> 54 | D59: RT | J59: 0 | K59: 0 | L59: 0 | M59: 0 | P59: =P58+1 -> 54 | S59: #N/A | T59: #N/A | U59: #N/A | V59: #N/A
C60: =C59+1 -> 55 | D60: RT | J60: 0 | K60: 0 | L60: 0 | M60: 0 | P60: =P59+1 -> 55 | S60: #N/A | T60: #N/A | U60: #N/A | V60: #N/A
C61: =C60+1 -> 56 | D61: PM | J61: 0 | K61: 0 | L61: 0 | M61: 0 | P61: =P60+1 -> 56 | S61: #N/A | T61: #N/A | U61: #N/A | V61: #N/A
C62: =C61+1 -> 57 | D62: PM | J62: 0 | K62: 0 | L62: 0 | M62: 0 | P62: =P61+1 -> 57 | S62: #N/A | T62: #N/A | U62: #N/A | V62: #N/A
C63: =C62+1 -> 58 | D63: RIP | F63: Alolan Vulpix | J63: 0 | K63: 0 | L63: 0 | M63: 0 | P63: =P62+1 -> 58 | S63: #N/A | T63: #N/A | U63: #N/A | V63: #N/A
C64: =C63+1 -> 59 | D64: RIP | J64: 0 | K64: 0 | L64: 0 | M64: 0 | P64: =P63+1 -> 59 | S64: #N/A | T64: #N/A | U64: #N/A | V64: #N/A
C65: =C64+1 -> 60 | D65: RIP | J65: 0 | K65: 0 | L65: 0 | M65: 0 | P65: =P64+1 -> 60 | S65: #N/A | T65: #N/A | U65: #N/A | V65: #N/A
C66: =C65+1 -> 61 | D66: RE | F66: Ninetales (T) | G66: fire | H66: Electric | I66: grass | J66: 0 | K66: 0 | L66: 0 | M66: 0 | P66: =P65+1 -> 61 | S66: #N/A | T66: #N/A | U66: #N/A | V66: #N/A
C67: =C66+1 -> 62 | D67: RE | J67: 0 | K67: 0 | L67: 0 | M67: 0 | P67: =P66+1 -> 62 | S67: #N/A | T67: #N/A | U67: #N/A | V67: #N/A
C68: =C67+1 -> 63 | D68: RE | J68: 0 | K68: 0 | L68: 0 | M68: 0 | P68: =P67+1 -> 63 | S68: #N/A | T68: #N/A | U68: #N/A | V68: #N/A
C69: =C68+1 -> 64 | D69: TG | F69: Archaludon (T) | G69: steel | H69: fairy | I69: flying | J69: 0 | K69: 0 | L69: 0 | M69: 0 | P69: =P68+1 -> 64 | S69: #N/A | T69: #N/A | U69: #N/A | V69: #N/A
C70: =C69+1 -> 65 | D70: TG | J70: 0 | K70: 0 | L70: 0 | M70: 0 | P70: =P69+1 -> 65 | S70: #N/A | T70: #N/A | U70: #N/A | V70: #N/A
C71: =C70+1 -> 66 | D71: TG | J71: 0 | K71: 0 | L71: 0 | M71: 0 | P71: =P70+1 -> 66 | S71: #N/A | T71: #N/A | U71: #N/A | V71: #N/A
C72: =C71+1 -> 67 | D72: DH | F72: Arcanine (T) | G72: Fire | H72: Normal | I72: Grass | J72: 0 | K72: 0 | L72: 0 | M72: 0 | P72: =P71+1 -> 67 | S72: #N/A | T72: #N/A | U72: #N/A | V72: #N/A
C73: =C72+1 -> 68 | D73: DH | F73: Froslass | J73: 0 | K73: 0 | L73: 0 | M73: 0 | P73: =P72+1 -> 68 | S73: #N/A | T73: #N/A | U73: #N/A | V73: #N/A
C74: =C73+1 -> 69 | D74: DH | J74: 0 | K74: 0 | L74: 0 | M74: 0 | P74: =P73+1 -> 69 | S74: #N/A | T74: #N/A | U74: #N/A | V74: #N/A
C75: =C74+1 -> 70 | D75: DH | J75: 0 | K75: 0 | L75: 0 | M75: 0 | P75: =P74+1 -> 70 | S75: #N/A | T75: #N/A | U75: #N/A | V75: #N/A
C76: =C75+1 -> 71 | D76: JM | F76: Bisharp (T) | G76: Steel | H76: Dark | I76: Ghost | J76: 0 | K76: 0 | L76: 0 | M76: 0 | P76: =P75+1 -> 71 | S76: #N/A | T76: #N/A | U76: #N/A | V76: #N/A
C77: =C76+1 -> 72 | D77: JM | J77: 0 | K77: 0 | L77: 0 | M77: 0 | P77: =P76+1 -> 72 | S77: #N/A | T77: #N/A | U77: #N/A | V77: #N/A
C78: =C77+1 -> 73 | D78: JM | J78: 0 | K78: 0 | L78: 0 | M78: 0 | P78: =P77+1 -> 73 | S78: #N/A | T78: #N/A | U78: #N/A | V78: #N/A
C79: =C78+1 -> 74 | D79: ZV | F79: Coalossal (T) | G79: fire | H79: water | I79: fairy | J79: 0 | K79: 0 | L79: 0 | M79: 0 | P79: =P78+1 -> 74 | S79: #N/A | T79: #N/A | U79: #N/A | V79: #N/A
C80: =C79+1 -> 75 | D80: ZV | F80: Magikarp (T) | G80: stellar | H80: stellar | I80: stellar | J80: 0 | K80: 0 | L80: 0 | M80: 0 | P80: =P79+1 -> 75 | S80: #N/A | T80: #N/A | U80: #N/A | V80: #N/A
C81: =C80+1 -> 76 | D81: ZV | F81: Magikarp | J81: 0 | K81: 0 | L81: 0 | M81: 0 | P81: =P80+1 -> 76 | S81: #N/A | T81: #N/A | U81: #N/A | V81: #N/A
C82: =C81+1 -> 77 | D82: TG | F82: Basculegion (T) | G82: water | H82: fighting | I82: ground | J82: 1 | K82: 0 | L82: 0 | M82: 0 | P82: =P81+1 -> 77 | S82: #N/A | T82: #N/A | U82: #N/A | V82: #N/A
C83: =C82+1 -> 78 | D83: ZV | F83: Torkoal (T) | G83: fire | H83: fairy | I83: steel | J83: 1 | K83: 0 | L83: 0 | M83: 0 | P83: =P82+1 -> 78 | S83: #N/A | T83: #N/A | U83: #N/A | V83: #N/A
C84: =C83+1 -> 79 | D84: RT | F84: Alomomola (T) | G84: water | H84: flying | I84: fairy | J84: 1 | K84: 0 | L84: 1 | M84: -1 | P84: =P83+1 -> 79 | S84: #N/A | T84: #N/A | U84: #N/A | V84: #N/A
C85: =C84+1 -> 80 | D85: PM | F85: Tornadus-Incarnate (T) | G85: flying | H85: ground | I85: dragon | J85: 1 | K85: 0 | L85: 1 | M85: -1 | P85: =P84+1 -> 80 | S85: #N/A | T85: #N/A | U85: #N/A | V85: #N/A
C86: =C85+1 -> 81 | D86: PM | F86: Cinderace | J86: 1 | K86: 0 | L86: 1 | M86: -1 | P86: =P85+1 -> 81 | S86: #N/A | T86: #N/A | U86: #N/A | V86: #N/A
C87: =C86+1 -> 82 | D87: RIP | F87: ogerpon-hearthflame | J87: 1 | K87: 0 | L87: 1 | M87: -1 | P87: =P86+1 -> 82 | S87: #N/A | T87: #N/A | U87: #N/A | V87: #N/A
C88: =C87+1 -> 83 | D88: RE | F88: Darkrai | J88: 1 | K88: 0 | L88: 1 | M88: -1 | P88: =P87+1 -> 83 | S88: #N/A | T88: #N/A | U88: #N/A | V88: #N/A
C89: =C88+1 -> 84 | D89: RE | F89: tornadus-therian | J89: 1 | K89: 0 | L89: 1 | M89: -1 | P89: =P88+1 -> 84 | S89: #N/A | T89: #N/A | U89: #N/A | V89: #N/A
C90: =C89+1 -> 85 | D90: PM | F90: Dragapult | J90: 2 | K90: 0 | L90: 2 | M90: -2 | P90: =P89+1 -> 85 | S90: #N/A | T90: #N/A | U90: #N/A | V90: #N/A
C91: =C90+1 -> 86 | D91: PM | F91: Dusclops | J91: 2 | K91: 0 | L91: 2 | M91: -2 | P91: =P90+1 -> 86 | S91: #N/A | T91: #N/A | U91: #N/A | V91: #N/A
C92: =C91+1 -> 87 | D92: TG | F92: Sinistcha (T) | G92: ghost | H92: poison | I92: steel | J92: 2 | K92: 0 | L92: 2 | M92: -2 | P92: =P91+1 -> 87 | S92: #N/A | T92: #N/A | U92: #N/A | V92: #N/A
C93: =C92+1 -> 88 | D93: DH | F93: Hisuian Arcanine | J93: 2 | K93: 0 | L93: 2 | M93: -2 | P93: =P92+1 -> 88 | S93: #N/A | T93: #N/A | U93: #N/A | V93: #N/A
C94: =C93+1 -> 89 | D94: ZV | F94: Rotom-Wash | J94: 2 | K94: 0 | L94: 2 | M94: -2 | P94: =P93+1 -> 89 | S94: #N/A | T94: #N/A | U94: #N/A | V94: #N/A
C95: =C94+1 -> 90 | D95: ZV | F95: Iron Jugulis | J95: 2 | K95: 0 | L95: 2 | M95: -2 | P95: =P94+1 -> 90 | S95: #N/A | T95: #N/A | U95: #N/A | V95: #N/A
C96: =C95+1 -> 91 | D96: DH | F96: Raikou | J96: 3 | K96: 0 | L96: 3 | M96: -3 | P96: =P95+1 -> 91 | S96: #N/A | T96: #N/A | U96: #N/A | V96: #N/A
C97: =C96+1 -> 92 | D97: DH | F97: Deoxys-Speed | J97: 4 | K97: 0 | L97: 3 | M97: -3 | P97: =P96+1 -> 92 | S97: #N/A | T97: #N/A | U97: #N/A | V97: #N/A
C98: =C97+1 -> 93 | D98: TG | F98: Gliscor | J98: 4 | K98: 0 | L98: 4 | M98: -4 | P98: =P97+1 -> 93 | S98: #N/A | T98: #N/A | U98: #N/A | V98: #N/A
C99: =C98+1 -> 94 | D99: DH | F99: Thundurus-Incarnate | J99: 4 | K99: 0 | L99: 4 | M99: -4 | P99: =P98+1 -> 94 | S99: #N/A | T99: #N/A | U99: #N/A | V99: #N/A
C100: =C99+1 -> 95 | D100: RT | F100: ursaluna-bloodmoon | J100: 5 | K100: 0 | L100: 4 | M100: -4 | P100: =P99+1 -> 95 | S100: #N/A | T100: #N/A | U100: #N/A | V100: #N/A
C101: =C100+1 -> 96 | D101: DH | F101: Garchomp | J101: 5 | K101: 0 | L101: 4 | M101: -4 | P101: =P100+1 -> 96 | S101: #N/A | T101: #N/A | U101: #N/A | V101: #N/A
C102: =C101+1 -> 97 | P102: =P101+1 -> 97 | S102: #N/A | T102: #N/A | U102: #N/A | V102: #N/A
C103: =C102+1 -> 98 | P103: =P102+1 -> 98 | S103: #N/A | T103: #N/A | U103: #N/A | V103: #N/A
...

Sheet Schedule
C4: Coach 1 | E4: Diff | G4: Coach 2
C6: Week 1
C7: {=Source!$Q$3:$Q$6} -> Ryan Tidey | E7: =Stats!$D$12 -> 6 | F7: =Stats!$H$12 -> -6 | G7: {=Source!$S$3:$S$6} -> Tyler Gottfredsen
C8: Marcus | E8: =Stats!$D$23 -> 4 | F8: =Stats!$H$23 -> -3 | G8: Dick Hansen
C9: Ian Heslin | E9: =Stats!$D$34 -> 4 | F9: =Stats!$H$34 -> -4 | G9: Jackson McLoughlin
C10: Ryan Evans | E10: =Stats!$D$45 -> -3 | F10: =Stats!$H$45 -> 3 | G10: Zach VanSickle
C12: Week 2
C13: {=Source!$Q$11:$Q$14} -> Ryan Tidey | E13: =Stats!$M$12 -> -2 | F13: =Stats!$Q$12 -> 2 | G13: {=Source!$S$11:$S$14} -> Marcus
C14: Ian Heslin | E14: =Stats!$M$23 -> 4 | F14: =Stats!$Q$23 -> -4 | G14: Tyler Gottfredsen
C15: Ryan Evans | E15: =Stats!$M$34 -> 6 | F15: =Stats!$Q$34 -> -6 | G15: Dick Hansen
C16: Jackson McLoughlin | E16: =Stats!$M$45 -> 3 | F16: =Stats!$Q$45 -> -3 | G16: Zach VanSickle
C18: Week 3
C19: {=Source!$Q$19:$Q$22} -> Ryan Tidey | E19: =Stats!$V$12 -> -3 | F19: =Stats!$Z$12 -> 3 | G19: {=Source!$S$19:$S$22} -> Ian Heslin
C20: Marcus | E20: =Stats!$V$23 -> -3 | F20: =Stats!$Z$23 -> 3 | G20: Ryan Evans
C21: Tyler Gottfredsen | E21: =Stats!$V$34 -> -2 | F21: =Stats!$Z$34 -> 2 | G21: Zach VanSickle
C22: Dick Hansen | E22: =Stats!$V$45 -> -4 | F22: =Stats!$Z$45 -> 4 | G22: Jackson McLoughlin
C24: Week 4
C25: {=Source!$Q$27:$Q$30} -> Ryan Tidey | E25: =Stats!$AE$12 -> -2 | F25: =Stats!$AI$12 -> 2 | G25: {=Source!$S$27:$S$30} -> Ryan Evans
C26: Ian Heslin | E26: =Stats!$AE$23 -> 5 | F26: =Stats!$AI$23 -> -5 | G26: Zach VanSickle
C27: Marcus | E27: =Stats!$AE$34 -> -5 | F27: =Stats!$AI$34 -> 5 | G27: Jackson McLoughlin
C28: Tyler Gottfredsen | E28: =Stats!$AE$45 -> 3 | F28: =Stats!$AI$45 -> -3 | G28: Dick Hansen
C30: Week 5
C31: {=Source!$Q$35:$Q$38} -> Ryan Tidey | E31: =Stats!$AN$12 -> 0 | F31: =Stats!$AR$12 -> 0 | G31: {=Source!$S$35:$S$38} -> Zach VanSickle
C32: Ryan Evans | E32: =Stats!$AN$23 -> -3 | F32: =Stats!$AR$23 -> 3 | G32: Jackson McLoughlin
C33: Ian Heslin | E33: =Stats!$AN$34 -> 6 | F33: =Stats!$AR$34 -> -6 | G33: Dick Hansen
C34: Marcus | E34: =Stats!$AN$45 -> 0 | F34: =Stats!$AR$45 -> 0 | G34: Tyler Gottfredsen
C36: Week 6
C37: {=Source!$Q$43:$Q$46} -> Ryan Tidey | E37: =Stats!$AW$12 -> -1 | F37: =Stats!$BA$12 -> 1 | G37: {=Source!$S$43:$S$46} -> Jackson McLoughlin
C38: Dick Hansen | E38: =Stats!$AW$23 -> 0 | F38: =Stats!$BA$23 -> 0 | G38: Zach VanSickle
C39: Ryan Evans | E39: =Stats!$AW$34 -> 1 | F39: =Stats!$BA$34 -> -1 | G39: Tyler Gottfredsen
C40: Marcus | E40: =Stats!$AW$45 -> -5 | F40: =Stats!$BA$45 -> 5 | G40: Ian Heslin
C42: Week 7
C43: {=Source!$Q$51:$Q$54} -> Ryan Tidey | E43: =Stats!$BF$12 -> 0 | F43: =Stats!$BJ$12 -> 0 | G43: {=Source!$S$51:$S$54} -> Dick Hansen
C44: Tyler Gottfredsen | E44: =Stats!$BF$23 -> 0 | F44: =Stats!$BJ$23 -> 0 | G44: Jackson McLoughlin
C45: Marcus | E45: =Stats!$BF$34 -> 0 | F45: =Stats!$BJ$34 -> 0 | G45: Zach VanSickle
C46: Ian Heslin | E46: =Stats!$BF$45 -> 3 | F46: =Stats!$BJ$45 -> -3 | G46: Ryan Evans

Sheet Stats
A1: p
C3: Week 1 | L3: Week 2 | U3: Week 3 | AD3: Week 4 | AM3: Week 5 | AV3: Week 6 | BE3: Week 7
C5: =Schedule!$C$7 -> Ryan Tidey | D5: K | E5: D | F5: Diff | G5: =Schedule!$G$7 -> Tyler Gottfredsen | H5: K | I5: D | J5: Diff | L5: =Schedule!$C$13 -> Ryan Tidey | M5: K | N5: D | O5: Diff | P5: =Schedule!$G$13 -> Marcus | Q5: K | R5: D | S5: Diff | U5: =Schedule!$C$19 -> Ryan Tidey | V5: K | W5: D | X5: Diff | Y5: =Schedule!$G$19 -> Ian Heslin | Z5: K | AA5: D | AB5: Diff | AD5: =Schedule!$C$25 -> Ryan Tidey | AE5: K | AF5: D | AG5: Diff | AH5: =Schedule!$G$25 -> Ryan Evans | AI5: K | AJ5: D | AK5: Diff | AM5: =Schedule!$C$31 -> Ryan Tidey | AN5: K | AO5: D | AP5: Diff | AQ5: =Schedule!$G$31 -> Zach VanSickle | AR5: K | AS5: D | AT5: Diff | AV5: =Schedule!$C$37 -> Ryan Tidey | AW5: K | AX5: D | AY5: Diff | AZ5: =Schedule!$G$37 -> Jackson McLoughlin | BA5: K | BB5: D | BC5: Diff | BE5: =Schedule!$C$43 -> Ryan Tidey | BF5: K | BG5: D | BH5: Diff | BI5: =Schedule!$G$43 -> Dick Hansen | BJ5: K | BK5: D | BL5: Diff
C6: Iron Hands | F6: =D6-E6 -> 0 | G6: Gliscor | I6: 1 | J6: =H6-I6 -> -1 | L6: Hoopa-Unbound (T) | N6: 1 | O6: =M6-N6 -> -1 | P6: Dragapult | R6: 1 | S6: =Q6-R6 -> -1 | U6: Iron Hands | V6: 1 | W6: 1 | X6: =V6-W6 -> 0 | Y6: Ribombee (T) | AA6: 1 | AB6: =Z6-AA6 -> -1 | AD6: Chien-Pao | AE6: 2 | AF6: 1 | AG6: =AE6-AF6 -> 1 | AH6: Blaziken | AI6: 3 | AJ6: 0 | AK6: =AI6-AJ6 -> 3 | AP6: =AN6-AO6 -> 0 | AT6: =AR6-AS6 -> 0 | AV6: Chien-Pao | AX6: 1 | AY6: =AW6-AX6 -> -1 | AZ6: ogerpon-wellspring | BA6: 1 | BB6: 1 | BC6: =BA6-BB6 -> 0 | BH6: =BF6-BG6 -> 0 | BL6: =BJ6-BK6 -> 0
C7: Chien-Pao | D7: 6 | F7: =D7-E7 -> 6 | G7: Iron Valiant | I7: 1 | J7: =H7-I7 -> -1 | L7: Chien-Pao | N7: 1 | O7: =M7-N7 -> -1 | P7: Jirachi | R7: 1 | S7: =Q7-R7 -> -1 | U7: Walking Wake | V7: 1 | W7: 1 | X7: =V7-W7 -> 0 | Y7: Mamoswine (T) | Z7: 1 | AA7: 1 | AB7: =Z7-AA7 -> 0 | AD7: ursaluna-bloodmoon | AE7: 0 | AF7: 1 | AG7: =AE7-AF7 -> -1 | AH7: Dragonite | AI7: 1 | AJ7: 1 | AK7: =AI7-AJ7 -> 0 | AP7: =AN7-AO7 -> 0 | AT7: =AR7-AS7 -> 0 | AV7: ursaluna-bloodmoon | AX7: 1 | AY7: =AW7-AX7 -> -1 | AZ7: Heatran | BB7: 1 | BC7: =BA7-BB7 -> -1 | BH7: =BF7-BG7 -> 0 | BL7: =BJ7-BK7 -> 0
C8: ursaluna-bloodmoon | F8: =D8-E8 -> 0 | G8: archaludon | I8: 1 | J8: =H8-I8 -> -1 | L8: Iron Hands | M8: 4 | N8: 1 | O8: =M8-N8 -> 3 | P8: Kleavor (T) | Q8: 1 | R8: 1 | S8: =Q8-R8 -> 0 | U8: Skeledirge (T) | W8: 1 | X8: =V8-W8 -> -1 | Y8: Hisuian Samurott | Z8: 1 | AA8: 1 | AB8: =Z8-AA8 -> 0 | AD8: Skeledirge (T) | AE8: 1 | AF8: 1 | AG8: =AE8-AF8 -> 0 | AH8: Sandy Shocks | AI8: 1 | AJ8: 0 | AK8: =AI8-AJ8 -> 1 | AP8: =AN8-AO8 -> 0 | AT8: =AR8-AS8 -> 0 | AV8: Skeledirge (T) | AX8: 1 | AY8: =AW8-AX8 -> -1 | AZ8: Shaymin (T) | BA8: 1 | BB8: 1 | BC8: =BA8-BB8 -> 0 | BH8: =BF8-BG8 -> 0 | BL8: =BJ8-BK8 -> 0
C9: Skeledirge (T) | F9: =D9-E9 -> 0 | G9: Basculegion | I9: 1 | J9: =H9-I9 -> -1 | L9: Cobalion | N9: 1 | O9: =M9-N9 -> -1 | P9: Landorus-Incarnate | Q9: 3 | R9: 1 | S9: =Q9-R9 -> 2 | U9: Hoopa-Unbound (T) | V9: 1 | W9: 1 | X9: =V9-W9 -> 0 | Y9: Enamorus-Incarnate | Z9: 1 | AB9: =Z9-AA9 -> 1 | AD9: Walking Wake | AE9: 0 | AF9: 1 | AG9: =AE9-AF9 -> -1 | AH9: Kingdra (T) | AI9: 0 | AJ9: 1 | AK9: =AI9-AJ9 -> -1 | AP9: =AN9-AO9 -> 0 | AT9: =AR9-AS9 -> 0 | AV9: Walking Wake | AW9: 2 | AX9: 1 | AY9: =AW9-AX9 -> 1 | AZ9: Sneasler | BA9: 1 | BB9: 1 | BC9: =BA9-BB9 -> 0 | BH9: =BF9-BG9 -> 0 | BL9: =BJ9-BK9 -> 0
C10: Hoopa-Unbound (T) | F10: =D10-E10 -> 0 | G10: Pelipper | I10: 1 | J10: =H10-I10 -> -1 | L10: Alomomola (T) | N10: 1 | O10: =M10-N10 -> -1 | P10: Grimmsnarl | R10: 1 | S10: =Q10-R10 -> -1 | U10: ursaluna-bloodmoon | W10: 1 | X10: =V10-W10 -> -1 | Y10: Zamazenta-Crowned | Z10: 3 | AB10: =Z10-AA10 -> 3 | AD10: Iron Hands | AE10: 0 | AF10: 1 | AG10: =AE10-AF10 -> -1 | AH10: Chansey | AI10: 1 | AJ10: 1 | AK10: =AI10-AJ10 -> 0 | AP10: =AN10-AO10 -> 0 | AT10: =AR10-AS10 -> 0 | AV10: Iron Hands | AW10: 2 | AX10: 1 | AY10: =AW10-AX10 -> 1 | AZ10: Regieleki | BA10: 3 | BC10: =BA10-BB10 -> 3 | BH10: =BF10-BG10 -> 0 | BL10: =BJ10-BK10 -> 0
C11: Walking Wake | F11: =D11-E11 -> 0 | G11: Latias | I11: 1 | J11: =H11-I11 -> -1 | L11: ursaluna-bloodmoon | N11: 1 | O11: =M11-N11 -> -1 | P11: Meowscarada | Q11: 3 | S11: =Q11-R11 -> 3 | U11: Chien-Pao | W11: 1 | X11: =V11-W11 -> -1 | Y11: Galarian Slowking | AB11: =Z11-AA11 -> 0 | AD11: Cobalion | AE11: 1 | AF11: 1 | AG11: =AE11-AF11 -> 0 | AH11: Corviknight | AI11: 0 | AJ11: 1 | AK11: =AI11-AJ11 -> -1 | AP11: =AN11-AO11 -> 0 | AT11: =AR11-AS11 -> 0 | AV11: Cobalion | AW11: 1 | AX11: 1 | AY11: =AW11-AX11 -> 0 | AZ11: Kyurem-Black | BB11: 1 | BC11: =BA11-BB11 -> -1 | BH11: =BF11-BG11 -> 0 | BL11: =BJ11-BK11 -> 0
C12: Differential | D12: =SUM(F6:F11) -> 6 | G12: Differential | H12: =SUM(J6:J11) -> -6 | L12: Differential | M12: =SUM(O6:O11) -> -2 | P12: Differential | Q12: =SUM(S6:S11) -> 2 | U12: Differential | V12: =SUM(X6:X11) -> -3 | Y12: Differential | Z12: =SUM(AB6:AB11) -> 3 | AD12: Differential | AE12: =SUM(AG6:AG11) -> -2 | AH12: Differential | AI12: =SUM(AK6:AK11) -> 2 | AM12: Differential | AN12: =SUM(AP6:AP11) -> 0 | AQ12: Differential | AR12: =SUM(AT6:AT11) -> 0 | AV12: Differential | AW12: =SUM(AY6:AY11) -> -1 | AZ12: Differential | BA12: =SUM(BC6:BC11) -> 1 | BE12: Differential | BF12: =SUM(BH6:BH11) -> 0 | BI12: Differential | BJ12: =SUM(BL6:BL11) -> 0
C13: Replay | G13: https://replay.pokemonshowdown.com/gen9anythinggoes-2074522293 | L13: Replay | P13: https://replay.pokemonshowdown.com/gen9anythinggoes-2091455239 | U13: Replay | Y13: https://replay.pokemonshowdown.com/gen9anythinggoes-2092066015-i1ndlo5lbi1aq3w9mvrh2f77uvlppidpw | AD13: Replay | AM13: Replay | AV13: Replay | BE13: Replay
C14: Winner | G14: =IF(D12>H12,C5,IF(D12=H12,"",G5)) -> Ryan Tidey | L14: Winner | P14: =IF(M12>Q12,L5,IF(M12=Q12,"",P5)) -> Marcus | U14: Winner | Y14: =IF(V12>Z12,U5,IF(V12=Z12,"",Y5)) -> Ian Heslin | AD14: Winner | AH14: =IF(AE12>AI12,AD5,IF(AE12=AI12,"",AH5)) -> Ryan Evans | AM14: Winner | AQ14: =IF(AN12>AR12,AM5,IF(AN12=AR12,"",AQ5)) | AV14: Winner | AZ14: =IF(AW12>BA12,AV5,IF(AW12=BA12,"",AZ5)) -> Jackson McLoughlin | BE14: Winner | BI14: =IF(BF12>BJ12,BE5,IF(BF12=BJ12,"",BI5))
C16: =Schedule!$C$8 -> Marcus | D16: K | E16: D | F16: Diff | G16: =Schedule!$G$8 -> Dick Hansen | H16: K | I16: D | J16: Diff | L16: =Schedule!$C$14 -> Ian Heslin | M16: K | N16: D | O16: Diff | P16: =Schedule!$G$14 -> Tyler Gottfredsen | Q16: K | R16: D | S16: Diff | U16: =Schedule!$C$20 -> Marcus | V16: K | W16: D | X16: Diff | Y16: =Schedule!$G$20 -> Ryan Evans | Z16: K | AA16: D | AB16: Diff | AD16: =Schedule!$C$26 -> Ian Heslin | AE16: K | AF16: D | AG16: Diff | AH16: =Schedule!$G$26 -> Zach VanSickle | AI16: K | AJ16: D | AK16: Diff | AM16: =Schedule!$C$32 -> Ryan Evans | AN16: K | AO16: D | AP16: Diff | AQ16: =Schedule!$G$32 -> Jackson McLoughlin | AR16: K | AS16: D | AT16: Diff | AV16: =Schedule!$C$38 -> Dick Hansen | AW16: K | AX16: D | AY16: Diff | AZ16: =Schedule!$G$38 -> Zach VanSickle | BA16: K | BB16: D | BC16: Diff | BE16: =Schedule!$C$44 -> Tyler Gottfredsen | BF16: K | BG16: D | BH16: Diff | BI16: =Schedule!$G$44 -> Jackson McLoughlin | BJ16: K | BK16: D | BL16: Diff
C17: Jirachi | D17: 1 | F17: =D17-E17 -> 1 | G17: Thundurus-Incarnate | I17: 1 | J17: =H17-I17 -> -1 | L17: Galarian Slowking | M17: 1 | N17: 1 | O17: =M17-N17 -> 0 | P17: Gliscor | R17: 1 | S17: =Q17-R17 -> -1 | U17: Dusclops | V17: 0 | W17: 1 | X17: =V17-W17 -> -1 | Y17: Corviknight | Z17: 0 | AA17: 0 | AB17: =Z17-AA17 -> 0 | AD17: Mamoswine (T) | AE17: 3 | AF17: 1 | AG17: =AE17-AF17 -> 2 | AH17: Torkoal | AI17: 0 | AJ17: 1 | AK17: =AI17-AJ17 -> -1 | AM17: Blaziken | AN17: 1 | AO17: 1 | AP17: =AN17-AO17 -> 0 | AQ17: Heatran | AS17: 1 | AT17: =AR17-AS17 -> -1 | AY17: =AW17-AX17 -> 0 | BC17: =BA17-BB17 -> 0 | BH17: =BF17-BG17 -> 0 | BL17: =BJ17-BK17 -> 0
C18: Keldeo | D18: 3 | F18: =D18-E18 -> 3 | G18: Noivern (T) | I18: 1 | J18: =H18-I18 -> -1 | L18: Alolan Sandslash (T) | O18: =M18-N18 -> 0 | P18: Pelipper | R18: 1 | S18: =Q18-R18 -> -1 | U18: Landorus-Incarnate | V18: 0 | W18: 1 | X18: =V18-W18 -> -1 | Y18: Dragonite | Z18: 2 | AA18: 1 | AB18: =Z18-AA18 -> 1 | AD18: Galarian Slowking | AE18: 0 | AF18: 0 | AG18: =AE18-AF18 -> 0 | AH18: Great Tusk | AI18: 1 | AJ18: 1 | AK18: =AI18-AJ18 -> 0 | AM18: Sandy Shocks | AN18: 0 | AO18: 1 | AP18: =AN18-AO18 -> -1 | AQ18: Sylveon (T) | AT18: =AR18-AS18 -> 0 | AY18: =AW18-AX18 -> 0 | BC18: =BA18-BB18 -> 0 | BH18: =BF18-BG18 -> 0 | BL18: =BJ18-BK18 -> 0
F19: =D19-E19 -> 0 | G19: Hisuian Arcanine | I19: 1 | J19: =H19-I19 -> -1 | L19: Palafin | O19: =M19-N19 -> 0 | P19: Iron Valiant | R19: 1 | S19: =Q19-R19 -> -1 | U19: Keldeo | V19: 2 | W19: 1 | X19: =V19-W19 -> 1 | Y19: Clefable | Z19: 2 | AA19: 0 | AB19: =Z19-AA19 -> 2 | AD19: Enamorus-Therian | AE19: 0 | AF19: 0 | AG19: =AE19-AF19 -> 0 | AH19: Azelf | AI19: 0 | AJ19: 1 | AK19: =AI19-AJ19 -> -1 | AM19: Dragonite | AN19: 0 | AO19: 1 | AP19: =AN19-AO19 -> -1 | AQ19: Latios | AR19: 2 | AT19: =AR19-AS19 -> 2 | AY19: =AW19-AX19 -> 0 | BC19: =BA19-BB19 -> 0 | BH19: =BF19-BG19 -> 0 | BL19: =BJ19-BK19 -> 0
F20: =D20-E20 -> 0 | G20: Deoxys-Speed | J20: =H20-I20 -> 0 | L20: Zamazenta-Crowned | M20: 2 | O20: =M20-N20 -> 2 | P20: Zapdos | Q20: 1 | R20: 1 | S20: =Q20-R20 -> 0 | U20: Grimmsnarl | V20: 1 | W20: 1 | X20: =V20-W20 -> 0 | Y20: Chansey | Z20: 1 | AA20: 0 | AB20: =Z20-AA20 -> 1 | AD20: Zamazenta-Crowned | AE20: 0 | AF20: 0 | AG20: =AE20-AF20 -> 0 | AH20: Rotom-Wash | AI20: 0 | AJ20: 1 | AK20: =AI20-AJ20 -> -1 | AM20: Clefable | AN20: 1 | AO20: 1 | AP20: =AN20-AO20 -> 0 | AQ20: Regieleki | AR20: 1 | AT20: =AR20-AS20 -> 1 | AY20: =AW20-AX20 -> 0 | BC20: =BA20-BB20 -> 0 | BH20: =BF20-BG20 -> 0 | BL20: =BJ20-BK20 -> 0
F21: =D21-E21 -> 0 | G21: Garchomp | J21: =H21-I21 -> 0 | L21: Enamorus-Incarnate | M21: 1 | N21: 1 | O21: =M21-N21 -> 0 | P21: Sinistcha (T) | R21: 1 | S21: =Q21-R21 -> -1 | U21: Tornadus-Incarnate (T) | V21: 0 | W21: 1 | X21: =V21-W21 -> -1 | Y21: Darkrai | Z21: 0 | AA21: 1 | AB21: =Z21-AA21 -> -1 | AD21: Maushold | AE21: 2 | AF21: 0 | AG21: =AE21-AF21 -> 2 | AH21: raging bolt | AI21: 0 | AJ21: 1 | AK21: =AI21-AJ21 -> -1 | AM21: Corviknight | AN21: 1 | AO21: 1 | AP21: =AN21-AO21 -> 0 | AQ21: Kyurem-Black | AR21: 1 | AS21: 1 | AT21: =AR21-AS21 -> 0 | AY21: =AW21-AX21 -> 0 | BC21: =BA21-BB21 -> 0 | BH21: =BF21-BG21 -> 0 | BL21: =BJ21-BK21 -> 0
F22: =D22-E22 -> 0 | J22: =H22-I22 -> 0 | L22: Ribombee (T) | M22: 2 | O22: =M22-N22 -> 2 | P22: Latias | Q22: 1 | R22: 1 | S22: =Q22-R22 -> 0 | U22: Jirachi | V22: 0 | W22: 1 | X22: =V22-W22 -> -1 | Y22: Kingdra (T) | Z22: 1 | AA22: 1 | AB22: =Z22-AA22 -> 0 | AD22: Palafin | AE22: 1 | AF22: 0 | AG22: =AE22-AF22 -> 1 | AH22: gouging fire | AI22: 0 | AJ22: 1 | AK22: =AI22-AJ22 -> -1 | AM22: Kingdra | AN22: 0 | AO22: 1 | AP22: =AN22-AO22 -> -1 | AQ22: iron boulder | AR22: 2 | AS22: 1 | AT22: =AR22-AS22 -> 1 | AY22: =AW22-AX22 -> 0 | BC22: =BA22-BB22 -> 0 | BH22: =BF22-BG22 -> 0 | BL22: =BJ22-BK22 -> 0
C23: Differential | D23: =SUM(F17:F22) -> 4 | G23: Differential | H23: =SUM(J17:J22) -> -3 | L23: Differential | M23: =SUM(O17:O22) -> 4 | P23: Differential | Q23: =SUM(S17:S22) -> -4 | U23: Differential | V23: =SUM(X17:X22) -> -3 | Y23: Differential | Z23: =SUM(AB17:AB22) -> 3 | AD23: Differential | AE23: =SUM(AG17:AG22) -> 5 | AH23: Differential | AI23: =SUM(AK17:AK22) -> -5 | AM23: Differential | AN23: =SUM(AP17:AP22) -> -3 | AQ23: Differential | AR23: =SUM(AT17:AT22) -> 3 | AV23: Differential | AW23: =SUM(AY17:AY22) -> 0 | AZ23: Differential | BA23: =SUM(BC17:BC22) -> 0 | BE23: Differential | BF23: =SUM(BH17:BH22) -> 0 | BI23: Differential | BJ23: =SUM(BL17:BL22) -> 0
C24: Replay | L24: Replay | P24: https://replay.pokemonshowdown.com/gen9anythinggoes-2084091812 | U24: Replay | Y24: Simmed | AD24: Replay | AH24: https://replay.pokemonshowdown.com/gen9anythinggoes-2108542346 | AM24: Replay | AV24: Replay | BE24: Replay
C25: Winner | G25: =IF(D23>H23,C16,IF(D23=H23,"",G16)) -> Marcus | L25: Winner | P25: =IF(M23>Q23,L16,IF(M23=Q23,"",P16)) -> Ian Heslin | U25: Winner | Y25: =IF(V23>Z23,U16,IF(V23=Z23,"",Y16)) -> Ryan Evans | AD25: Winner | AH25: =IF(AE23>AI23,AD16,IF(AE23=AI23,"",AH16)) -> Ian Heslin | AM25: Winner | AQ25: =IF(AN23>AR23,AM16,IF(AN23=AR23,"",AQ16)) -> Jackson McLoughlin | AV25: Winner | AZ25: =IF(AW23>BA23,AV16,IF(AW23=BA23,"",AZ16)) | BE25: Winner | BI25: =IF(BF23>BJ23,BE16,IF(BF23=BJ23,"",BI16))
C27: =Schedule!$C$9 -> Ian Heslin | D27: K | E27: D | F27: Diff | G27: =Schedule!$G$9 -> Jackson McLoughlin | H27: K | I27: D | J27: Diff | L27: =Schedule!$C$15 -> Ryan Evans | M27: K | N27: D | O27: Diff | P27: =Schedule!$G$15 -> Dick Hansen | Q27: K | R27: D | S27: Diff | U27: =Schedule!$C$21 -> Tyler Gottfredsen | V27: K | W27: D | X27: Diff | Y27: =Schedule!$G$21 -> Zach VanSickle | Z27: K | AA27: D | AB27: Diff | AD27: =Schedule!$C$27 -> Marcus | AE27: K | AF27: D | AG27: Diff | AH27: =Schedule!$G$27 -> Jackson McLoughlin | AI27: K | AJ27: D | AK27: Diff | AM27: =Schedule!$C$33 -> Ian Heslin | AN27: K | AO27: D | AP27: Diff | AQ27: =Schedule!$G$33 -> Dick Hansen | AR27: K | AS27: D | AT27: Diff | AV27: =Schedule!$C$39 -> Ryan Evans | AW27: K | AX27: D | AY27: Diff | AZ27: =Schedule!$G$39 -> Tyler Gottfredsen | BA27: K | BB27: D | BC27: Diff | BE27: =Schedule!$C$45 -> Marcus | BF27: K | BG27: D | BH27: Diff | BI27: =Schedule!$G$45 -> Zach VanSickle | BJ27: K | BK27: D | BL27: Diff
C28: Vikavolt | E28: 1 | F28: =D28-E28 -> -1 | G28: Heatran | H28: 1 | I28: 1 | J28: =H28-I28 -> 0 | L28: Blaziken | M28: 0 | N28: 0 | O28: =M28-N28 -> 0 | P28: Garchomp | Q28: 0 | R28: 1 | S28: =Q28-R28 -> -1 | U28: Iron Valiant | V28: 1 | W28: 1 | X28: =V28-W28 -> 0 | Y28: Torkoal | Z28: 0 | AA28: 1 | AB28: =Z28-AA28 -> -1 | AD28: Dragapult | AF28: 1 | AG28: =AE28-AF28 -> -1 | AH28: Sylveon (T) | AI28: 1 | AK28: =AI28-AJ28 -> 1 | AM28: Ribombee (T) | AP28: =AN28-AO28 -> 0 | AQ28: Deoxys-Speed | AS28: 1 | AT28: =AR28-AS28 -> -1 | AW28: 1 | AY28: =AW28-AX28 -> 1 | BB28: 1 | BC28: =BA28-BB28 -> -1 | BH28: =BF28-BG28 -> 0 | BL28: =BJ28-BK28 -> 0
C29: Hisuian Samurott | D29: 1 | F29: =D29-E29 -> 1 | G29: Shaymin (T) | H29: 1 | I29: 1 | J29: =H29-I29 -> 0 | L29: Sandy Shocks | M29: 0 | N29: 0 | O29: =M29-N29 -> 0 | P29: Kyurem | Q29: 0 | R29: 1 | S29: =Q29-R29 -> -1 | U29: Basculegion | V29: 1 | W29: 1 | X29: =V29-W29 -> 0 | Y29: Iron Jugulis | Z29: 0 | AA29: 1 | AB29: =Z29-AA29 -> -1 | AD29: Meowscarada | AF29: 1 | AG29: =AE29-AF29 -> -1 | AH29: Kyurem-Black | AI29: 1 | AJ29: 1 | AK29: =AI29-AJ29 -> 0 | AM29: Mamoswine (T) | AN29: 1 | AP29: =AN29-AO29 -> 1 | AQ29: Garchomp | AS29: 1 | AT29: =AR29-AS29 -> -1 | AY29: =AW29-AX29 -> 0 | BC29: =BA29-BB29 -> 0 | BH29: =BF29-BG29 -> 0 | BL29: =BJ29-BK29 -> 0
C30: Iron Moth | E30: 1 | F30: =D30-E30 -> -1 | G30: Latios | I30: 1 | J30: =H30-I30 -> -1 | L30: Dragonite | M30: 6 | N30: 0 | O30: =M30-N30 -> 6 | P30: Deoxys-Speed | Q30: 0 | R30: 1 | S30: =Q30-R30 -> -1 | U30: Gliscor | V30: 0 | W30: 1 | X30: =V30-W30 -> -1 | Y30: raging bolt | Z30: 4 | AA30: 0 | AB30: =Z30-AA30 -> 4 | AD30: Jirachi | AE30: 1 | AF30: 1 | AG30: =AE30-AF30 -> 0 | AH30: Heatran | AI30: 3 | AK30: =AI30-AJ30 -> 3 | AM30: Enamorus-Incarnate | AN30: 3 | AP30: =AN30-AO30 -> 3 | AQ30: Arcanine | AS30: 1 | AT30: =AR30-AS30 -> -1 | AY30: =AW30-AX30 -> 0 | BC30: =BA30-BB30 -> 0 | BH30: =BF30-BG30 -> 0 | BL30: =BJ30-BK30 -> 0
C31: Enamorus-Incarnate | D31: 1 | F31: =D31-E31 -> 1 | G31: Greninja | I31: 1 | J31: =H31-I31 -> -1 | L31: Corviknight | M31: 0 | N31: 0 | O31: =M31-N31 -> 0 | P31: Thundurus-Incarnate | Q31: 0 | R31: 1 | S31: =Q31-R31 -> -1 | U31: Pelipper | V31: 0 | W31: 1 | X31: =V31-W31 -> -1 | Y31: Rotom-Wash | Z31: 0 | AA31: 1 | AB31: =Z31-AA31 -> -1 | AD31: Keldeo | AF31: 1 | AG31: =AE31-AF31 -> -1 | AH31: Regieleki | AK31: =AI31-AJ31 -> 0 | AM31: Hisuian Samurott | AN31: 1 | AP31: =AN31-AO31 -> 1 | AQ31: Raikou | AS31: 1 | AT31: =AR31-AS31 -> -1 | AY31: =AW31-AX31 -> 0 | BC31: =BA31-BB31 -> 0 | BH31: =BF31-BG31 -> 0 | BL31: =BJ31-BK31 -> 0
C32: Zamazenta-Crowned | D32: 4 | F32: =D32-E32 -> 4 | G32: Torterra | I32: 1 | J32: =H32-I32 -> -1 | L32: Chansey | M32: 0 | N32: 0 | O32: =M32-N32 -> 0 | P32: Hisuian Arcanine | Q32: 0 | R32: 1 | S32: =Q32-R32 -> -1 | U32: Spectrier | V32: 1 | W32: 1 | X32: =V32-W32 -> 0 | Y32: Venusaur (T) | Z32: 2 | AA32: 1 | AB32: =Z32-AA32 -> 1 | AD32: Kleavor | AF32: 1 | AG32: =AE32-AF32 -> -1 | AH32: iron boulder | AK32: =AI32-AJ32 -> 0 | AM32: Palafin | AN32: 1 | AP32: =AN32-AO32 -> 1 | AQ32: Kyurem | AS32: 1 | AT32: =AR32-AS32 -> -1 | AY32: =AW32-AX32 -> 0 | BC32: =BA32-BB32 -> 0 | BH32: =BF32-BG32 -> 0 | BL32: =BJ32-BK32 -> 0
C33: Mamoswine (T) | F33: =D33-E33 -> 0 | G33: Iron Boulder | I33: 1 | J33: =H33-I33 -> -1 | L33: Kingdra (T) | M33: 0 | N33: 0 | O33: =M33-N33 -> 0 | P33: Noivern | Q33: 0 | R33: 1 | S33: =Q33-R33 -> -1 | U33: Zapdos | V33: 1 | W33: 1 | X33: =V33-W33 -> 0 | Y33: Great Tusk | Z33: 0 | AA33: 0 | AB33: =Z33-AA33 -> 0 | AD33: Tornadus-Incarnate | AF33: 1 | AG33: =AE33-AF33 -> -1 | AH33: Hisuian Zoroark | AI33: 1 | AK33: =AI33-AJ33 -> 1 | AM33: Galarian Slowking | AP33: =AN33-AO33 -> 0 | AQ33: Thundurus-Incarnate | AS33: 1 | AT33: =AR33-AS33 -> -1 | AY33: =AW33-AX33 -> 0 | BC33: =BA33-BB33 -> 0 | BH33: =BF33-BG33 -> 0 | BL33: =BJ33-BK33 -> 0
C34: Differential | D34: =SUM(F28:F33) -> 4 | G34: Differential | H34: =SUM(J28:J33) -> -4 | L34: Differential | M34: =SUM(O28:O33) -> 6 | P34: Differential | Q34: =SUM(S28:S33) -> -6 | U34: Differential | V34: =SUM(X28:X33) -> -2 | Y34: Differential | Z34: =SUM(AB28:AB33) -> 2 | AD34: Differential | AE34: =SUM(AG28:AG33) -> -5 | AH34: Differential | AI34: =SUM(AK28:AK33) -> 5 | AM34: Differential | AN34: =SUM(AP28:AP33) -> 6 | AQ34: Differential | AR34: =SUM(AT28:AT33) -> -6 | AV34: Differential | AW34: =SUM(AY28:AY33) -> 1 | AZ34: Differential | BA34: =SUM(BC28:BC33) -> -1 | BE34: Differential | BF34: =SUM(BH28:BH33) -> 0 | BI34: Differential | BJ34: =SUM(BL28:BL33) -> 0
C35: Replay | G35: https://replay.pokemonshowdown.com/gen9anythinggoes-2070812717 | L35: Replay | U35: Replay | Y35: https://replay.pokemonshowdown.com/gen9anythinggoes-2094719104 | AD35: Replay | AM35: Replay | AQ35: https://replay.pokemonshowdown.com/gen9anythinggoes-2113742636 | AV35: Replay | BE35: Replay
C36: Winner | G36: =IF(D34>H34,C27,IF(D34=H34,"",G27)) -> Ian Heslin | L36: Winner | P36: =IF(M34>Q34,L27,IF(M34=Q34,"",P27)) -> Ryan Evans | U36: Winner | Y36: =IF(V34>Z34,U27,IF(V34=Z34,"",Y27)) -> Zach VanSickle | AD36: Winner | AH36: =IF(AE34>AI34,AD27,IF(AE34=AI34,"",AH27)) -> Jackson McLoughlin | AM36: Winner | AQ36: =IF(AN34>AR34,AM27,IF(AN34=AR34,"",AQ27)) -> Ian Heslin | AV36: Winner | AZ36: =IF(AW34>BA34,AV27,IF(AW34=BA34,"",AZ27)) -> Ryan Evans | BE36: Winner | BI36: =IF(BF34>BJ34,BE27,IF(BF34=BJ34,"",BI27))
C38: =Schedule!$C$10 -> Ryan Evans | D38: K | E38: D | F38: Diff | G38: =Schedule!$G$10 -> Zach VanSickle | H38: K | I38: D | J38: Diff | L38: =Schedule!$C$16 -> Jackson McLoughlin | M38: K | N38: D | O38: Diff | P38: =Schedule!$G$16 -> Zach VanSickle | Q38: K | R38: D | S38: Diff | U38: =Schedule!$C$22 -> Dick Hansen | V38: K | W38: D | X38: Diff | Y38: =Schedule!$G$22 -> Jackson McLoughlin | Z38: K | AA38: D | AB38: Diff | AD38: =Schedule!$C$28 -> Tyler Gottfredsen | AE38: K | AF38: D | AG38: Diff | AH38: =Schedule!$G$28 -> Dick Hansen | AI38: K | AJ38: D | AK38: Diff | AM38: =Schedule!$C$34 -> Marcus | AN38: K | AO38: D | AP38: Diff | AQ38: =Schedule!$G$34 -> Tyler Gottfredsen | AR38: K | AS38: D | AT38: Diff | AV38: =Schedule!$C$40 -> Marcus | AW38: K | AX38: D | AY38: Diff | AZ38: =Schedule!$G$40 -> Ian Heslin | BA38: K | BB38: D | BC38: Diff | BE38: =Schedule!$C$46 -> Ian Heslin | BF38: K | BG38: D | BH38: Diff | BI38: =Schedule!$G$46 -> Ryan Evans | BJ38: K | BK38: D | BL38: Diff
C39: Tornadus-Therian | D39: 0 | E39: 1 | F39: =D39-E39 -> -1 | G39: Torkoal (T) | H39: 0 | I39: 0 | J39: =H39-I39 -> 0 | L39: Regieleki | M39: 2 | O39: =M39-N39 -> 2 | P39: Torkoal | Q39: 1 | R39: 1 | S39: =Q39-R39 -> 0 | U39: Kyurem | V39: 1 | W39: 1 | X39: =V39-W39 -> 0 | Y39: Regieleki | AB39: =Z39-AA39 -> 0 | AD39: Sinistcha (T) | AF39: 1 | AG39: =AE39-AF39 -> -1 | AH39: Raikou | AJ39: 1 | AK39: =AI39-AJ39 -> -1 | AP39: =AN39-AO39 -> 0 | AT39: =AR39-AS39 -> 0 | AV39: Dusclops | AX39: 1 | AY39: =AW39-AX39 -> -1 | AZ39: Palafin | BA39: 2 | BC39: =BA39-BB39 -> 2 | BE39: Palafin | BF39: 1 | BG39: 0 | BH39: =BF39-BG39 -> 1 | BI39: Blaziken | BJ39: 0 | BK39: 1 | BL39: =BJ39-BK39 -> -1
C40: Blaziken | D40: 0 | E40: 1 | F40: =D40-E40 -> -1 | G40: Gouging Fire | H40: 0 | I40: 1 | J40: =H40-I40 -> -1 | L40: Sylveon (T) | N40: 1 | O40: =M40-N40 -> -1 | P40: gouging fire | Q40: 1 | R40: 1 | S40: =Q40-R40 -> 0 | U40: Deoxys-Speed | W40: 1 | X40: =V40-W40 -> -1 | Y40: Kyurem-Black | AA40: 1 | AB40: =Z40-AA40 -> -1 | AD40: Gliscor | AF40: 1 | AG40: =AE40-AF40 -> -1 | AH40: Noivern (T) | AI40: 1 | AJ40: 1 | AK40: =AI40-AJ40 -> 0 | AP40: =AN40-AO40 -> 0 | AT40: =AR40-AS40 -> 0 | AV40: Landorus-Incarnate | AW40: 1 | AX40: 1 | AY40: =AW40-AX40 -> 0 | AZ40: Galarian Slowking | BA40: 1 | BC40: =BA40-BB40 -> 1 | BE40: Enamorus-Incarnate | BF40: 0 | BG40: 1 | BH40: =BF40-BG40 -> -1 | BI40: Dragonite | BJ40: 0 | BK40: 1 | BL40: =BJ40-BK40 -> -1
C41: Sandy Shocks | D41: 1 | E41: 1 | F41: =D41-E41 -> 0 | G41: Raging Bolt | H41: 0 | I41: 0 | J41: =H41-I41 -> 0 | L41: Heatran | M41: 1 | N41: 1 | O41: =M41-N41 -> 0 | P41: Iron Jugulis | R41: 1 | S41: =Q41-R41 -> -1 | U41: Garchomp | W41: 1 | X41: =V41-W41 -> -1 | Y41: Shaymin (T) | Z41: 4 | AB41: =Z41-AA41 -> 4 | AD41: Zapdos | AE41: 2 | AF41: 1 | AG41: =AE41-AF41 -> 1 | AH41: Thundurus-Incarnate | AJ41: 1 | AK41: =AI41-AJ41 -> -1 | AP41: =AN41-AO41 -> 0 | AT41: =AR41-AS41 -> 0 | AV41: Cinderace | AX41: 1 | AY41: =AW41-AX41 -> -1 | AZ41: Annihilape | BC41: =BA41-BB41 -> 0 | BE41: Mamoswine (T) | BF41: 2 | BG41: 0 | BH41: =BF41-BG41 -> 2 | BI41: Sandy Shocks | BJ41: 2 | BK41: 1 | BL41: =BJ41-BK41 -> 1
C42: Chansey | D42: 0 | E42: 1 | F42: =D42-E42 -> -1 | G42: Azelf | H42: 2 | I42: 0 | J42: =H42-I42 -> 2 | L42: Kyurem-Black | M42: 3 | N42: 1 | O42: =M42-N42 -> 2 | P42: Azelf (T) | R42: 1 | S42: =Q42-R42 -> -1 | U42: Noivern (T) | V42: 1 | W42: 1 | X42: =V42-W42 -> 0 | Y42: Heatran | Z42: 1 | AB42: =Z42-AA42 -> 1 | AD42: Pelipper | AE42: 2 | AG42: =AE42-AF42 -> 2 | AH42: Garchomp | AJ42: 1 | AK42: =AI42-AJ42 -> -1 | AP42: =AN42-AO42 -> 0 | AT42: =AR42-AS42 -> 0 | AV42: Meowscarada | AX42: 1 | AY42: =AW42-AX42 -> -1 | AZ42: Enamorus-Incarnate | BB42: 1 | BC42: =BA42-BB42 -> -1 | BE42: Galarian Slowking | BF42: 0 | BG42: 1 | BH42: =BF42-BG42 -> -1 | BI42: Chansey | BJ42: 1 | BK42: 1 | BL42: =BJ42-BK42 -> 0
C43: Corviknight | D43: 0 | E43: 1 | F43: =D43-E43 -> -1 | G43: Venusaur (T) | H43: 0 | I43: 0 | J43: =H43-I43 -> 0 | L43: Torterra | O43: =M43-N43 -> 0 | P43: Venusaur (T) | R43: 1 | S43: =Q43-R43 -> -1 | U43: Raikou | W43: 1 | X43: =V43-W43 -> -1 | Y43: Hisuian Zoroark | Z43: 1 | AA43: 1 | AB43: =Z43-AA43 -> 0 | AD43: Basculegion (T) | AG43: =AE43-AF43 -> 0 | AH43: Dragalge (T) | AI43: 1 | AJ43: 1 | AK43: =AI43-AJ43 -> 0 | AP43: =AN43-AO43 -> 0 | AT43: =AR43-AS43 -> 0 | AV43: Jirachi | AX43: 1 | AY43: =AW43-AX43 -> -1 | AZ43: Mamoswine (T) | BA43: 2 | BC43: =BA43-BB43 -> 2 | BE43: ogerpon-hearthflame | BF43: 0 | BG43: 1 | BH43: =BF43-BG43 -> -1 | BI43: Corviknight | BJ43: 0 | BK43: 1 | BL43: =BJ43-BK43 -> -1
C44: Kingdra (T) | D44: 2 | E44: 1 | F44: =D44-E44 -> 1 | G44: Urshifu-Single-Strike | H44: 3 | I44: 1 | J44: =H44-I44 -> 2 | L44: Greninja | O44: =M44-N44 -> 0 | P44: Great Tusk | Q44: 1 | R44: 1 | S44: =Q44-R44 -> 0 | U44: Dragalge (T) | W44: 1 | X44: =V44-W44 -> -1 | Y44: iron boulder | AB44: =Z44-AA44 -> 0 | AD44: Cinccino | AE44: 2 | AG44: =AE44-AF44 -> 2 | AH44: Kyurem | AI44: 1 | AJ44: 1 | AK44: =AI44-AJ44 -> 0 | AP44: =AN44-AO44 -> 0 | AT44: =AR44-AS44 -> 0 | AV44: Grimmsnarl | AX44: 1 | AY44: =AW44-AX44 -> -1 | AZ44: Scizor | BA44: 1 | BC44: =BA44-BB44 -> 1 | BE44: Annihilape | BF44: 3 | BG44: 0 | BH44: =BF44-BG44 -> 3 | BI44: Kingdra | BJ44: 0 | BK44: 1 | BL44: =BJ44-BK44 -> -1
C45: Differential | D45: =SUM(F39:F44) -> -3 | G45: Differential | H45: =SUM(J39:J44) -> 3 | L45: Differential | M45: =SUM(O39:O44) -> 3 | P45: Differential | Q45: =SUM(S39:S44) -> -3 | U45: Differential | V45: =SUM(X39:X44) -> -4 | Y45: Differential | Z45: =SUM(AB39:AB44) -> 4 | AD45: Differential | AE45: =SUM(AG39:AG44) -> 3 | AH45: Differential | AI45: =SUM(AK39:AK44) -> -3 | AM45: Differential | AN45: =SUM(AP39:AP44) -> 0 | AQ45: Differential | AR45: =SUM(AT39:AT44) -> 0 | AV45: Differential | AW45: =SUM(AY39:AY44) -> -5 | AZ45: Differential | BA45: =SUM(BC39:BC44) -> 5 | BE45: Differential | BF45: =SUM(BH39:BH44) -> 3 | BI45: Differential | BJ45: =SUM(BL39:BL44) -> -3
C46: Replay | G46: https://replay.pokemonshowdown.com/gen9anythinggoes-2072810967 | L46: Replay | P46: https://replay.pokemonshowdown.com/gen9anythinggoes-2084880814 | U46: Replay | Y46: file:///D:/Pokemon%20saves/Gen9AnythingGoes-2024-04-17-weewo-hans27.html | AD46: Replay | AH46: Simmed | AM46: Replay | AV46: Replay | AZ46: https://replay.pokemonshowdown.com/gen9anythinggoes-2152905435 | BE46: Replay | BI46: https://replay.pokemonshowdown.com/gen9anythinggoes-2152939833
C47: Winner | G47: =IF(D45>H45,C38,IF(D45=H45,"",G38)) -> Zach VanSickle | L47: Winner | P47: =IF(M45>Q45,L38,IF(M45=Q45,"",P38)) -> Jackson McLoughlin | U47: Winner | Y47: =IF(V45>Z45,U38,IF(V45=Z45,"",Y38)) -> Jackson McLoughlin | AD47: Winner | AH47: =IF(AE45>AI45,AD38,IF(AE45=AI45,"",AH38)) -> Tyler Gottfredsen | AM47: Winner | AQ47: =IF(AN45>AR45,AM38,IF(AN45=AR45,"",AQ38)) | AV47: Winner | AZ47: =IF(AW45>BA45,AV38,IF(AW45=BA45,"",AZ38)) -> Ian Heslin | BE47: Winner | BI47: =IF(BF45>BJ45,BE38,IF(BF45=BJ45,"",BI38)) -> Ian Heslin

Sheet Playoff Leaderboard
C4: # | D4: Team | E4: Pokemon | G4: Tera | J4: G.P. | K4: K | L4: D | M4: Diff | N4: G.P. | O4: K | P4: D | Q4: Diff
C6: 1 | D6: {=SORT(Data!D5:Q100,12,False,14,FALSE,11,TRUE)} -> RIP | F6: Mamoswine (T) | G6: Ground | H6: Water | I6: Steel | J6: 6 | K6: 9 | L6: 2 | M6: 7 | N6: 4 | O6: 16 | P6: 2 | Q6: 14
C7: =C6+1 -> 2 | D7: ZV | F7: Urshifu-Single-Strike | J7: 1 | K7: 3 | L7: 1 | M7: 2 | N7: 4 | O7: 10 | P7: 2 | Q7: 8
C8: =C7+1 -> 3 | D8: RE | F8: Blaziken | J8: 5 | K8: 4 | L8: 3 | M8: 1 | N8: 4 | O8: 10 | P8: 3 | Q8: 7
C9: =C8+1 -> 4 | D9: TG | F9: Archaludon (T) | G9: steel | H9: fairy | I9: flying | J9: 0 | K9: 0 | L9: 0 | M9: 0 | N9: 2 | O9: 4 | P9: 2 | Q9: 2
C10: =C9+1 -> 5 | D10: RIP | F10: Galarian Slowking | J10: 6 | K10: 2 | L10: 2 | M10: 0 | N10: 4 | O10: 3 | P10: 1 | Q10: 2
C11: =C10+1 -> 6 | D11: RE | F11: Chansey | J11: 5 | K11: 3 | L11: 3 | M11: 0 | N11: 4 | O11: 3 | P11: 2 | Q11: 1
C12: =C11+1 -> 7 | D12: RT | F12: Iron Hands | J12: 5 | K12: 7 | L12: 4 | M12: 3 | N12: 3 | O12: 3 | P12: 3 | Q12: 0
C13: =C12+1 -> 8 | D13: TG | F13: Iron Valiant | J13: 3 | K13: 1 | L13: 3 | M13: -2 | N13: 3 | O13: 3 | P13: 3 | Q13: 0
C14: =C13+1 -> 9 | D14: RE | F14: Sandy Shocks | J14: 5 | K14: 4 | L14: 3 | M14: 1 | N14: 4 | O14: 3 | P14: 3 | Q14: 0
C15: =C14+1 -> 10 | D15: RT | F15: Skeledirge (T) | G15: ghost | H15: water | I15: Dark | J15: 4 | K15: 1 | L15: 3 | M15: -2 | N15: 1 | O15: 2 | P15: 1 | Q15: 1
C16: =C15+1 -> 11 | D16: JM | F16: Hisuian Zoroark | J16: 2 | K16: 2 | L16: 1 | M16: 1 | N16: 1 | O16: 2 | P16: 1 | Q16: 1
C17: =C16+1 -> 12 | D17: RT | F17: Walking Wake | J17: 4 | K17: 3 | L17: 3 | M17: 0 | N17: 2 | O17: 2 | P17: 1 | Q17: 1
C18: =C17+1 -> 13 | D18: RIP | F18: Enamorus-Incarnate | J18: 6 | K18: 6 | L18: 3 | M18: 3 | N18: 4 | O18: 2 | P18: 1 | Q18: 1
C19: =C18+1 -> 14 | D19: RT | F19: Hoopa-Unbound (T) | G19: dark | H19: poison | I19: fairy | J19: 3 | K19: 1 | L19: 2 | M19: -1 | N19: 2 | O19: 2 | P19: 2 | Q19: 0
C20: =C19+1 -> 15 | D20: ZV | F20: gouging fire | J20: 3 | K20: 1 | L20: 3 | M20: -2 | N20: 2 | O20: 2 | P20: 2 | Q20: 0
C21: =C20+1 -> 16 | D21: ZV | F21: Rotom-Wash | J21: 2 | K21: 0 | L21: 2 | M21: -2 | N21: 4 | O21: 2 | P21: 2 | Q21: 0
C22: =C21+1 -> 17 | D22: RT | F22: Cobalion | J22: 3 | K22: 2 | L22: 3 | M22: -1 | N22: 1 | O22: 1 | P22: 0 | Q22: 1
C23: =C22+1 -> 18 | D23: TG | F23: Basculegion (T) | G23: water | H23: fighting | I23: ground | J23: 1 | K23: 0 | L23: 0 | M23: 0 | N23: 1 | O23: 1 | P23: 0 | Q23: 1
C24: =C23+1 -> 19 | D24: ZV | F24: Venusaur (T) | G24: grass | H24: fire | I24: flying | J24: 3 | K24: 2 | L24: 2 | M24: 0 | N24: 2 | O24: 1 | P24: 0 | Q24: 1
C25: =C24+1 -> 20 | D25: RT | F25: Alomomola (T) | G25: water | H25: flying | I25: fairy | J25: 1 | K25: 0 | L25: 1 | M25: -1 | N25: 1 | O25: 1 | P25: 1 | Q25: 0
C26: =C25+1 -> 21 | D26: PM | F26: Meowscarada | J26: 3 | K26: 3 | L26: 2 | M26: 1 | N26: 1 | O26: 1 | P26: 1 | Q26: 0
C27: =C26+1 -> 22 | D27: RIP | F27: Hisuian Samurott | J27: 3 | K27: 3 | L27: 1 | M27: 2 | N27: 1 | O27: 1 | P27: 1 | Q27: 0
C28: =C27+1 -> 23 | D28: JM | F28: Sylveon (T) | G28: fairy | H28: normal | I28: steel | J28: 3 | K28: 1 | L28: 1 | M28: 0 | N28: 1 | O28: 1 | P28: 1 | Q28: 0
C29: =C28+1 -> 24 | D29: ZV | F29: Azelf | J29: 2 | K29: 2 | L29: 1 | M29: 1 | N29: 1 | O29: 1 | P29: 1 | Q29: 0
C30: =C29+1 -> 25 | D30: RT | F30: ursaluna-bloodmoon | J30: 5 | K30: 0 | L30: 4 | M30: -4 | N30: 2 | O30: 1 | P30: 1 | Q30: 0
C31: =C30+1 -> 26 | D31: TG | F31: Pelipper | J31: 4 | K31: 2 | L31: 3 | M31: -1 | N31: 2 | O31: 1 | P31: 2 | Q31: -1
C32: =C31+1 -> 27 | D32: RIP | F32: Ribombee (T) | G32: Fairy | H32: Water | I32: Normal | J32: 3 | K32: 2 | L32: 1 | M32: 1 | N32: 3 | O32: 1 | P32: 2 | Q32: -1
C33: =C32+1 -> 28 | D33: TG | F33: Spectrier | J33: 1 | K33: 1 | L33: 1 | M33: 0 | N33: 3 | O33: 1 | P33: 2 | Q33: -1
C34: =C33+1 -> 29 | D34: ZV | F34: Great Tusk | J34: 3 | K34: 2 | L34: 2 | M34: 0 | N34: 3 | O34: 1 | P34: 3 | Q34: -2
C35: =C34+1 -> 30 | D35: RE | F35: Kingdra (T) | G35: Water | H35: Fairy | I35: Flying | J35: 4 | K35: 3 | L35: 3 | M35: 0 | N35: 4 | O35: 1 | P35: 3 | Q35: -2
C36: =C35+1 -> 31 | D36: RT | F36: Krookodile | J36: 0 | K36: 0 | L36: 0 | M36: 0 | N36: 0 | O36: 0 | P36: 0 | Q36: 0
C37: =C36+1 -> 32 | D37: RT | F37: Zweilous | J37: 0 | K37: 0 | L37: 0 | M37: 0 | N37: 0 | O37: 0 | P37: 0 | Q37: 0
C38: =C37+1 -> 33 | D38: RT | J38: 0 | K38: 0 | L38: 0 | M38: 0 | N38: 0 | O38: 0 | P38: 0 | Q38: 0
C39: =C38+1 -> 34 | D39: RT | J39: 0 | K39: 0 | L39: 0 | M39: 0 | N39: 0 | O39: 0 | P39: 0 | Q39: 0
C40: =C39+1 -> 35 | D40: PM | F40: Dragapult | J40: 2 | K40: 0 | L40: 2 | M40: -2 | N40: 0 | O40: 0 | P40: 0 | Q40: 0
C41: =C40+1 -> 36 | D41: PM | F41: Keldeo | J41: 3 | K41: 5 | L41: 2 | M41: 3 | N41: 0 | O41: 0 | P41: 0 | Q41: 0
C42: =C41+1 -> 37 | D42: PM | F42: Kleavor (T) | G42: rock | H42: water | I42: bug | J42: 1 | K42: 1 | L42: 1 | M42: 0 | N42: 0 | O42: 0 | P42: 0 | Q42: 0
C43: =C42+1 -> 38 | D43: PM | F43: Tornadus-Incarnate (T) | G43: flying | H43: ground | I43: dragon | J43: 1 | K43: 0 | L43: 1 | M43: -1 | N43: 0 | O43: 0 | P43: 0 | Q43: 0
C44: =C43+1 -> 39 | D44: PM | F44: Grimmsnarl | J44: 3 | K44: 1 | L44: 3 | M44: -2 | N44: 0 | O44: 0 | P44: 0 | Q44: 0
C45: =C44+1 -> 40 | D45: PM | J45: 0 | K45: 0 | L45: 0 | M45: 0 | N45: 0 | O45: 0 | P45: 0 | Q45: 0
C46: =C45+1 -> 41 | D46: PM | J46: 0 | K46: 0 | L46: 0 | M46: 0 | N46: 0 | O46: 0 | P46: 0 | Q46: 0
C47: =C46+1 -> 42 | D47: RIP | F47: Annihilape | J47: 2 | K47: 3 | L47: 0 | M47: 3 | N47: 0 | O47: 0 | P47: 0 | Q47: 0
C48: =C47+1 -> 43 | D48: RIP | F48: Alolan Vulpix | J48: 0 | K48: 0 | L48: 0 | M48: 0 | N48: 0 | O48: 0 | P48: 0 | Q48: 0
C49: =C48+1 -> 44 | D49: RIP | J49: 0 | K49: 0 | L49: 0 | M49: 0 | N49: 0 | O49: 0 | P49: 0 | Q49: 0
C50: =C49+1 -> 45 | D50: RIP | J50: 0 | K50: 0 | L50: 0 | M50: 0 | N50: 0 | O50: 0 | P50: 0 | Q50: 0
C51: =C50+1 -> 46 | D51: RE | F51: Darkrai | J51: 1 | K51: 0 | L51: 1 | M51: -1 | N51: 0 | O51: 0 | P51: 0 | Q51: 0
C52: =C51+1 -> 47 | D52: RE | F52: tornadus-therian | J52: 1 | K52: 0 | L52: 1 | M52: -1 | N52: 0 | O52: 0 | P52: 0 | Q52: 0
C53: =C52+1 -> 48 | D53: RE | F53: clefable | J53: 2 | K53: 3 | L53: 1 | M53: 2 | N53: 0 | O53: 0 | P53: 0 | Q53: 0
C54: =C53+1 -> 49 | D54: RE | J54: 0 | K54: 0 | L54: 0 | M54: 0 | N54: 0 | O54: 0 | P54: 0 | Q54: 0
C55: =C54+1 -> 50 | D55: RE | J55: 0 | K55: 0 | L55: 0 | M55: 0 | N55: 0 | O55: 0 | P55: 0 | Q55: 0
C56: =C55+1 -> 51 | D56: TG | F56: Latias | J56: 2 | K56: 1 | L56: 2 | M56: -1 | N56: 0 | O56: 0 | P56: 0 | Q56: 0
C57: =C56+1 -> 52 | D57: TG | F57: Sinistcha (T) | G57: ghost | H57: poison | I57: steel | J57: 2 | K57: 0 | L57: 2 | M57: -2 | N57: 0 | O57: 0 | P57: 0 | Q57: 0
C58: =C57+1 -> 53 | D58: TG | F58: Cinccino | J58: 1 | K58: 2 | L58: 0 | M58: 2 | N58: 0 | O58: 0 | P58: 0 | Q58: 0
C59: =C58+1 -> 54 | D59: TG | J59: 0 | K59: 0 | L59: 0 | M59: 0 | N59: 0 | O59: 0 | P59: 0 | Q59: 0
C60: =C59+1 -> 55 | D60: TG | J60: 0 | K60: 0 | L60: 0 | M60: 0 | N60: 0 | O60: 0 | P60: 0 | Q60: 0
C61: =C60+1 -> 56 | D61: DH | F61: Hisuian Arcanine | J61: 2 | K61: 0 | L61: 2 | M61: -2 | N61: 0 | O61: 0 | P61: 0 | Q61: 0
C62: =C61+1 -> 57 | D62: DH | F62: Arcanine (T) | G62: Fire | H62: Normal | I62: Grass | J62: 0 | K62: 0 | L62: 0 | M62: 0 | N62: 0 | O62: 0 | P62: 0 | Q62: 0
C63: =C62+1 -> 58 | D63: DH | F63: Thundurus-Incarnate | J63: 4 | K63: 0 | L63: 4 | M63: -4 | N63: 0 | O63: 0 | P63: 0 | Q63: 0
C64: =C63+1 -> 59 | D64: DH | F64: Froslass | J64: 0 | K64: 0 | L64: 0 | M64: 0 | N64: 0 | O64: 0 | P64: 0 | Q64: 0
C65: =C64+1 -> 60 | D65: DH | J65: 0 | K65: 0 | L65: 0 | M65: 0 | N65: 0 | O65: 0 | P65: 0 | Q65: 0
C66: =C65+1 -> 61 | D66: DH | J66: 0 | K66: 0 | L66: 0 | M66: 0 | N66: 0 | O66: 0 | P66: 0 | Q66: 0
C67: =C66+1 -> 62 | D67: JM | F67: Heatran | J67: 6 | K67: 6 | L67: 4 | M67: 2 | N67: 0 | O67: 0 | P67: 0 | Q67: 0
C68: =C67+1 -> 63 | D68: JM | F68: Shaymin (T) | G68: grass | H68: ground | I68: Water | J68: 3 | K68: 6 | L68: 2 | M68: 4 | N68: 0 | O68: 0 | P68: 0 | Q68: 0
C69: =C68+1 -> 64 | D69: JM | J69: 0 | K69: 0 | L69: 0 | M69: 0 | N69: 0 | O69: 0 | P69: 0 | Q69: 0
C70: =C69+1 -> 65 | D70: JM | J70: 0 | K70: 0 | L70: 0 | M70: 0 | N70: 0 | O70: 0 | P70: 0 | Q70: 0
C71: =C70+1 -> 66 | D71: ZV | F71: Coalossal (T) | G71: fire | H71: water | I71: fairy | J71: 0 | K71: 0 | L71: 0 | M71: 0 | N71: 0 | O71: 0 | P71: 0 | Q71: 0
C72: =C71+1 -> 67 | D72: ZV | F72: Magikarp (T) | G72: stellar | H72: stellar | I72: stellar | J72: 0 | K72: 0 | L72: 0 | M72: 0 | N72: 0 | O72: 0 | P72: 0 | Q72: 0
C73: =C72+1 -> 68 | D73: ZV | F73: Magikarp | J73: 0 | K73: 0 | L73: 0 | M73: 0 | N73: 0 | O73: 0 | P73: 0 | Q73: 0
C74: =C73+1 -> 69 | D74: RT | F74: Chien-Pao | J74: 5 | K74: 8 | L74: 4 | M74: 4 | N74: 3 | O74: 0 | P74: 0 | Q74: 0
C75: =C74+1 -> 70 | D75: PM | F75: Jirachi | J75: 5 | K75: 2 | L75: 4 | M75: -2 | N75: 1 | O75: 0 | P75: 1 | Q75: -1
C76: =C75+1 -> 71 | D76: PM | F76: Cinderace | J76: 1 | K76: 0 | L76: 1 | M76: -1 | N76: 1 | O76: 0 | P76: 1 | Q76: -1
C77: =C76+1 -> 72 | D77: PM | F77: Landorus-Incarnate | J77: 3 | K77: 4 | L77: 3 | M77: 1 | N77: 1 | O77: 0 | P77: 1 | Q77: -1
C78: =C77+1 -> 73 | D78: PM | F78: Dusclops | J78: 2 | K78: 0 | L78: 2 | M78: -2 | N78: 1 | O78: 0 | P78: 1 | Q78: -1
C79: =C78+1 -> 74 | D79: RIP | F79: ogerpon-hearthflame | J79: 1 | K79: 0 | L79: 1 | M79: -1 | N79: 1 | O79: 0 | P79: 1 | Q79: -1
C80: =C79+1 -> 75 | D80: RE | F80: Ninetales (T) | G80: fire | H80: Electric | I80: grass | J80: 0 | K80: 0 | L80: 0 | M80: 0 | N80: 1 | O80: 0 | P80: 1 | Q80: -1
C81: =C80+1 -> 76 | D81: TG | F81: Zapdos | J81: 3 | K81: 4 | L81: 3 | M81: 1 | N81: 1 | O81: 0 | P81: 1 | Q81: -1
C82: =C81+1 -> 77 | D82: DH | F82: Garchomp | J82: 5 | K82: 0 | L82: 4 | M82: -4 | N82: 1 | O82: 0 | P82: 1 | Q82: -1
C83: =C82+1 -> 78 | D83: DH | F83: Deoxys-Speed | J83: 4 | K83: 0 | L83: 3 | M83: -3 | N83: 1 | O83: 0 | P83: 1 | Q83: -1
C84: =C83+1 -> 79 | D84: DH | F84: Noivern (T) | G84: Flying | H84: Fire | I84: Water | J84: 3 | K84: 2 | L84: 3 | M84: -1 | N84: 1 | O84: 0 | P84: 1 | Q84: -1
C85: =C84+1 -> 80 | D85: DH | F85: Raikou | J85: 3 | K85: 0 | L85: 3 | M85: -3 | N85: 1 | O85: 0 | P85: 1 | Q85: -1
C86: =C85+1 -> 81 | D86: DH | F86: Kyurem | J86: 4 | K86: 2 | L86: 4 | M86: -2 | N86: 1 | O86: 0 | P86: 1 | Q86: -1
C87: =C86+1 -> 82 | D87: DH | F87: Dragalge (T) | G87: Poison | H87: Water | I87: Steel | J87: 2 | K87: 1 | L87: 2 | M87: -1 | N87: 1 | O87: 0 | P87: 1 | Q87: -1
C88: =C87+1 -> 83 | D88: JM | F88: Sneasler | J88: 1 | K88: 1 | L88: 1 | M88: 0 | N88: 1 | O88: 0 | P88: 1 | Q88: -1
C89: =C88+1 -> 84 | D89: JM | F89: Regieleki | J89: 5 | K89: 6 | L89: 0 | M89: 6 | N89: 1 | O89: 0 | P89: 1 | Q89: -1
C90: =C89+1 -> 85 | D90: JM | F90: Bisharp (T) | G90: Steel | H90: Dark | I90: Ghost | J90: 0 | K90: 0 | L90: 0 | M90: 0 | N90: 1 | O90: 0 | P90: 1 | Q90: -1
C91: =C90+1 -> 86 | D91: ZV | F91: raging bolt | J91: 3 | K91: 4 | L91: 1 | M91: 3 | N91: 1 | O91: 0 | P91: 1 | Q91: -1
C92: =C91+1 -> 87 | D92: RIP | F92: Palafin | J92: 5 | K92: 5 | L92: 0 | M92: 5 | N92: 2 | O92: 0 | P92: 1 | Q92: -1
C93: =C92+1 -> 88 | D93: TG | F93: Gliscor | J93: 4 | K93: 0 | L93: 4 | M93: -4 | N93: 2 | O93: 0 | P93: 1 | Q93: -1
C94: =C93+1 -> 89 | D94: ZV | F94: Iron Jugulis | J94: 2 | K94: 0 | L94: 2 | M94: -2 | N94: 2 | O94: 0 | P94: 1 | Q94: -1
C95: =C94+1 -> 90 | D95: JM | F95: ogerpon-wellspring | J95: 1 | K95: 1 | L95: 1 | M95: 0 | N95: 2 | O95: 0 | P95: 2 | Q95: -2
C96: =C95+1 -> 91 | D96: JM | F96: Kyurem-Black | J96: 5 | K96: 5 | L96: 5 | M96: 0 | N96: 2 | O96: 0 | P96: 2 | Q96: -2
C97: =C96+1 -> 92 | D97: JM | F97: iron boulder | J97: 4 | K97: 2 | L97: 2 | M97: 0 | N97: 2 | O97: 0 | P97: 2 | Q97: -2
C98: =C97+1 -> 93 | D98: RIP | F98: Scizor | J98: 1 | K98: 1 | L98: 0 | M98: 1 | N98: 3 | O98: 0 | P98: 2 | Q98: -2
C99: =C98+1 -> 94 | D99: ZV | F99: Torkoal (T) | G99: fire | H99: fairy | I99: steel | J99: 1 | K99: 0 | L99: 0 | M99: 0 | N99: 3 | O99: 0 | P99: 2 | Q99: -2
C100: =C99+1 -> 95 | D100: RE | F100: Dragonite | J100: 5 | K100: 9 | L100: 4 | M100: 5 | N100: 3 | O100: 0 | P100: 3 | Q100: -3
C101: =C100+1 -> 96 | D101: RE | F101: Corviknight | J101: 6 | K101: 1 | L101: 4 | M101: -3 | N101: 4 | O101: 0 | P101: 3 | Q101: -3
C102: =C101+1 -> 97
C103: =C102+1 -> 98
C104: =C103+1 -> 99
...

Sheet Playoff Stats
A1: vvv
C3: Winner's Round 1 | L3: Winner's Round 2 | U3: Loser's Round 1 | AD3: Winner's Round 3 | AM3: Loser's Round 2 | AV3: Loser's Round 3 | BE3: Loser's Final | BN3: Winner's Final
C5: =Source!$Q$62 -> Ian Heslin | D5: K | E5: D | F5: Diff | G5: =Source!$S$62 -> Dick Hansen | H5: K | I5: D | J5: Diff | L5: =Source!$Q$66 -> Ian Heslin | M5: K | N5: D | O5: Diff | P5: =Source!$S$66 -> Zach VanSickle | Q5: K | R5: D | S5: Diff | U5: =Source!$Q$68 -> Dick Hansen | V5: K | W5: D | X5: Diff | Y5: =Source!$S$68 -> Marcus | Z5: K | AA5: D | AB5: Diff | AD5: =Source!$Q$70 -> Ian Heslin | AE5: K | AF5: D | AG5: Diff | AH5: =Source!$S$70 -> Ryan Tidey | AI5: K | AJ5: D | AK5: Diff | AM5: =Source!$Q$71 -> Marcus | AN5: K | AO5: D | AP5: Diff | AQ5: =Source!$S$71 -> Zach VanSickle | AR5: K | AS5: D | AT5: Diff | AV5: =Source!$Q$73 -> Zach VanSickle | AW5: K | AX5: D | AY5: Diff | AZ5: =Source!$S$73 -> Ryan Evans | BA5: K | BB5: D | BC5: Diff | BE5: =Source!$Q$74 -> Zach VanSickle | BF5: K | BG5: D | BH5: Diff | BI5: =Source!$S$74 -> Ian Heslin | BJ5: K | BK5: D | BL5: Diff | BN5: =Source!$Q$75 -> Ryan Tidey | BO5: K | BP5: D | BQ5: Diff | BR5: =Source!$S$75 -> Ian Heslin | BS5: K | BT5: D | BU5: Diff
C6: Scizor | F6: =D6-E6 -> 0 | G6: Garchomp | I6: 1 | J6: =H6-I6 -> -1 | L6: Palafin | M6: 0 | N6: 1 | O6: =M6-N6 -> -1 | P6: Torkoal (T) | Q6: 0 | R6: 1 | S6: =Q6-R6 -> -1 | W6: 1 | X6: =V6-W6 -> -1 | Z6: 1 | AB6: =Z6-AA6 -> 1 | AD6: Ribombee (T) | AF6: 1 | AG6: =AE6-AF6 -> -1 | AH6: Chien-Pao | AI6: 1 | AJ6: 1 | AK6: =AI6-AJ6 -> 0 | AO6: 1 | AP6: =AN6-AO6 -> -1 | AR6: 1 | AT6: =AR6-AS6 -> 1 | AV6: Torkoal (T) | AY6: =AW6-AX6 -> 0 | AZ6: Sandy Shocks | BB6: 1 | BC6: =BA6-BB6 -> -1 | BE6: Urshifu-Single-Strike | BG6: 1 | BH6: =BF6-BG6 -> -1 | BI6: Palafin-Hero | BL6: =BJ6-BK6 -> 0 | BQ6: =BO6-BP6 -> 0 | BU6: =BS6-BT6 -> 0
C7: Enamorus-Incarnate | D7: 2 | F7: =D7-E7 -> 2 | G7: Deoxys-Speed | I7: 1 | J7: =H7-I7 -> -1 | L7: Enamorus-Incarnate | M7: 0 | N7: 0 | O7: =M7-N7 -> 0 | P7: Iron Jugulis | Q7: 0 | R7: 1 | S7: =Q7-R7 -> -1 | X7: =V7-W7 -> 0 | AB7: =Z7-AA7 -> 0 | AD7: Mamoswine (T) | AE7: 4 | AF7: 1 | AG7: =AE7-AF7 -> 3 | AH7: Alomomola (T) | AI7: 1 | AJ7: 1 | AK7: =AI7-AJ7 -> 0 | AP7: =AN7-AO7 -> 0 | AT7: =AR7-AS7 -> 0 | AV7: Rotom-Wash | AY7: =AW7-AX7 -> 0 | AZ7: Chansey | BB7: 1 | BC7: =BA7-BB7 -> -1 | BE7: Rotom-Wash | BF7: 1 | BG7: 1 | BH7: =BF7-BG7 -> 0 | BI7: Enamorus-Incarnate | BL7: =BJ7-BK7 -> 0 | BQ7: =BO7-BP7 -> 0 | BU7: =BS7-BT7 -> 0
C8: Mamoswine (T) | D8: 4 | F8: =D8-E8 -> 4 | G8: Raikou | I8: 1 | J8: =H8-I8 -> -1 | L8: Mamoswine (T) | M8: 5 | N8: 0 | O8: =M8-N8 -> 5 | P8: Rotom-Wash | Q8: 0 | R8: 1 | S8: =Q8-R8 -> -1 | X8: =V8-W8 -> 0 | AB8: =Z8-AA8 -> 0 | AD8: Galarian Slowking | AF8: 1 | AG8: =AE8-AF8 -> -1 | AH8: Hoopa-Unbound (T) | AI8: 2 | AJ8: 1 | AK8: =AI8-AJ8 -> 1 | AP8: =AN8-AO8 -> 0 | AT8: =AR8-AS8 -> 0 | AV8: Great Tusk | AW8: 1 | AX8: 1 | AY8: =AW8-AX8 -> 0 | AZ8: Corviknight | BB8: 1 | BC8: =BA8-BB8 -> -1 | BE8: Great Tusk | BG8: 1 | BH8: =BF8-BG8 -> -1 | BI8: Galarian Slowking | BJ8: 2 | BL8: =BJ8-BK8 -> 2 | BQ8: =BO8-BP8 -> 0 | BU8: =BS8-BT8 -> 0
C9: Galarian Slowking | F9: =D9-E9 -> 0 | G9: Kyurem | I9: 1 | J9: =H9-I9 -> -1 | L9: Galarian Slowking | M9: 1 | N9: 0 | O9: =M9-N9 -> 1 | P9: Urshifu-Single-Strike | Q9: 2 | R9: 1 | S9: =Q9-R9 -> 1 | X9: =V9-W9 -> 0 | AB9: =Z9-AA9 -> 0 | AD9: ogerpon-hearthflame | AF9: 1 | AG9: =AE9-AF9 -> -1 | AH9: Iron Hands | AJ9: 1 | AK9: =AI9-AJ9 -> -1 | AP9: =AN9-AO9 -> 0 | AT9: =AR9-AS9 -> 0 | AV9: gouging fire | AW9: 1 | AX9: 1 | AY9: =AW9-AX9 -> 0 | AZ9: Dragonite | BB9: 1 | BC9: =BA9-BB9 -> -1 | BE9: Torkoal (T) | BG9: 1 | BH9: =BF9-BG9 -> -1 | BI9: Scizor | BK9: 1 | BL9: =BJ9-BK9 -> -1 | BQ9: =BO9-BP9 -> 0 | BU9: =BS9-BT9 -> 0
C10: Palafin | F10: =D10-E10 -> 0 | G10: Noivern (T) | I10: 1 | J10: =H10-I10 -> -1 | L10: Ribombee | M10: 0 | N10: 0 | O10: =M10-N10 -> 0 | P10: raging bolt | Q10: 0 | R10: 1 | S10: =Q10-R10 -> -1 | X10: =V10-W10 -> 0 | AB10: =Z10-AA10 -> 0 | AD10: Enamorus-Incarnate | AF10: 1 | AG10: =AE10-AF10 -> -1 | AH10: Walking Wake | AI10: 1 | AJ10: 1 | AK10: =AI10-AJ10 -> 0 | AP10: =AN10-AO10 -> 0 | AT10: =AR10-AS10 -> 0 | AV10: Urshifu-Single-Strike | AW10: 4 | AY10: =AW10-AX10 -> 4 | AZ10: Kingdra (T) | BB10: 1 | BC10: =BA10-BB10 -> -1 | BE10: Azelf | BF10: 1 | BG10: 1 | BH10: =BF10-BG10 -> 0 | BI10: Ribombee (T) | BJ10: 1 | BK10: 1 | BL10: =BJ10-BK10 -> 0 | BQ10: =BO10-BP10 -> 0 | BU10: =BS10-BT10 -> 0
C11: Ribombee (T) | F11: =D11-E11 -> 0 | G11: Dragalge (T) | I11: 1 | J11: =H11-I11 -> -1 | L11: Scizor | M11: 0 | N11: 1 | O11: =M11-N11 -> -1 | P11: Venusaur | Q11: 0 | R11: 1 | S11: =Q11-R11 -> -1 | X11: =V11-W11 -> 0 | AB11: =Z11-AA11 -> 0 | AD11: Hisuian Samurott | AE11: 1 | AF11: 1 | AG11: =AE11-AF11 -> 0 | AH11: Cobalion | AI11: 1 | AK11: =AI11-AJ11 -> 1 | AP11: =AN11-AO11 -> 0 | AT11: =AR11-AS11 -> 0 | AV11: Venusaur (T) | AY11: =AW11-AX11 -> 0 | AZ11: Blaziken | BA11: 2 | BB11: 1 | BC11: =BA11-BB11 -> 1 | BE11: gouging fire | BF11: 1 | BG11: 1 | BH11: =BF11-BG11 -> 0 | BI11: Mamoswine (T) | BJ11: 3 | BK11: 1 | BL11: =BJ11-BK11 -> 2 | BQ11: =BO11-BP11 -> 0 | BU11: =BS11-BT11 -> 0
C12: Differential | D12: =SUM(F6:F11) -> 6 | G12: Differential | H12: =SUM(J6:J11) -> -6 | L12: Differential | M12: =SUM(O6:O11) -> 4 | P12: Differential | Q12: =SUM(S6:S11) -> -4 | U12: Differential | V12: =SUM(X6:X11) -> -1 | Y12: Differential | Z12: =SUM(AB6:AB11) -> 1 | AD12: Differential | AE12: =SUM(AG6:AG11) -> -1 | AH12: Differential | AI12: =SUM(AK6:AK11) -> 1 | AM12: Differential | AN12: =SUM(AP6:AP11) -> -1 | AQ12: Differential | AR12: =SUM(AT6:AT11) -> 1 | AV12: Differential | AW12: =SUM(AY6:AY11) -> 4 | AZ12: Differential | BA12: =SUM(BC6:BC11) -> -4 | BE12: Differential | BF12: =SUM(BH6:BH11) -> -3 | BI12: Differential | BJ12: =SUM(BL6:BL11) -> 3 | BN12: Differential | BO12: =SUM(BQ6:BQ11) -> 0 | BR12: Differential | BS12: =SUM(BU6:BU11) -> 0
C13: Replay | G13: https://replay.pokemonshowdown.com/gen9anythinggoes-2154201559 | L13: Replay | P13: https://replay.pokemonshowdown.com/gen9anythinggoes-2164929342 | U13: Replay | AD13: Replay | AH13: https://replay.pokemonshowdown.com/gen9anythinggoes-2173658171 | AM13: Replay | AV13: Replay | AZ13: https://replay.pokemonshowdown.com/gen9anythinggoes-2233752744 | BE13: Replay | BI13: https://replay.pokemonshowdown.com/gen9anythinggoes-2296682245 | BN13: Replay
C14: Winner | G14: =IF(D12>H12,C5,IF(D12=H12,"",G5)) -> Ian Heslin | L14: Winner | P14: =IF(M12>Q12,L5,IF(M12=Q12,"",P5)) -> Ian Heslin | U14: Winner | Y14: =IF(V12>Z12,U5,IF(V12=Z12,"",Y5)) -> Marcus | AD14: Winner | AH14: =IF(AE12>AI12,AD5,IF(AE12=AI12,"",AH5)) -> Ryan Tidey | AM14: Winner | AQ14: =IF(AN12>AR12,AM5,IF(AN12=AR12,"",AQ5)) -> Zach VanSickle | AV14: Winner | AZ14: =IF(AW12>BA12,AV5,IF(AW12=BA12,"",AZ5)) -> Zach VanSickle | BE14: Winner | BI14: =IF(BF12>BJ12,BE5,IF(BF12=BJ12,"",BI5)) -> Ian Heslin | BN14: Winner | BR14: =IF(BO12>BS12,BN5,IF(BO12=BS12,"",BR5))
C16: =Source!$Q$63 -> Jackson McLoughlin | D16: K | E16: D | F16: Diff | G16: =Source!$S$63 -> Tyler Gottfredsen | H16: K | I16: D | J16: Diff | L16: =Source!$Q$67 -> Tyler Gottfredsen | M16: K | N16: D | O16: Diff | P16: =Source!$S$67 -> Ryan Tidey | Q16: K | R16: D | S16: Diff | U16: =Source!$Q$69 -> Jackson McLoughlin | V16: K | W16: D | X16: Diff | Y16: =Source!$S$69 -> Ryan Evans | Z16: K | AA16: D | AB16: Diff | AM16: =Source!$Q$72 -> Ryan Evans | AN16: K | AO16: D | AP16: Diff | AQ16: =Source!$S$72 -> Tyler Gottfredsen | AR16: K | AS16: D | AT16: Diff | BN16: =Source!$Q$76 | BO16: K | BP16: D | BQ16: Diff | BR16: =Source!$S$76 | BS16: K | BT16: D | BU16: Diff
C17: Hisuian Zoroark | D17: 2 | E17: 1 | F17: =D17-E17 -> 1 | G17: Iron Valiant | I17: 1 | J17: =H17-I17 -> -1 | L17: Iron Valiant | M17: 2 | N17: 1 | O17: =M17-N17 -> 1 | P17: Chien-Pao | Q17: 0 | R17: 1 | S17: =Q17-R17 -> -1 | U17: ogerpon-wellspring | V17: 0 | W17: 1 | X17: =V17-W17 -> -1 | Y17: Blaziken | Z17: 6 | AA17: 0 | AB17: =Z17-AA17 -> 6 | AM17: Blaziken | AN17: 1 | AO17: 1 | AP17: =AN17-AO17 -> 0 | AQ17: Iron Valiant | AR17: 1 | AS17: 1 | AT17: =AR17-AS17 -> 0 | BQ17: =BO17-BP17 -> 0 | BU17: =BS17-BT17 -> 0
C18: ogerpon-wellspring | E18: 1 | F18: =D18-E18 -> -1 | G18: Basculegion (T) | H18: 1 | J18: =H18-I18 -> 1 | L18: Archaludon (T) | M18: 0 | N18: 1 | O18: =M18-N18 -> -1 | P18: ursaluna-bloodmoon | Q18: 1 | R18: 1 | S18: =Q18-R18 -> 0 | U18: iron boulder | V18: 0 | W18: 1 | X18: =V18-W18 -> -1 | Y18: Sandy Shocks | Z18: 0 | AA18: 0 | AB18: =Z18-AA18 -> 0 | AM18: Sandy Shocks | AN18: 1 | AO18: 1 | AP18: =AN18-AO18 -> 0 | AQ18: Basculegion | AR18: 2 | AS18: 1 | AT18: =AR18-AS18 -> 1 | BQ18: =BO18-BP18 -> 0 | BU18: =BS18-BT18 -> 0
C19: iron boulder | E19: 1 | F19: =D19-E19 -> -1 | G19: Gliscor | J19: =H19-I19 -> 0 | L19: Gliscor | M19: 0 | N19: 1 | O19: =M19-N19 -> -1 | P19: Skeledirge (T) | Q19: 2 | R19: 1 | S19: =Q19-R19 -> 1 | U19: Bisharp (T) | V19: 0 | W19: 1 | X19: =V19-W19 -> -1 | Y19: Dragonite | Z19: 0 | AA19: 1 | AB19: =Z19-AA19 -> -1 | AM19: Corviknight | AN19: 0 | AO19: 1 | AP19: =AN19-AO19 -> -1 | AQ19: Pelipper | AR19: 0 | AS19: 1 | AT19: =AR19-AS19 -> -1 | BQ19: =BO19-BP19 -> 0 | BU19: =BS19-BT19 -> 0
C20: Kyurem-Black | E20: 1 | F20: =D20-E20 -> -1 | G20: Pelipper | H20: 1 | I20: 1 | J20: =H20-I20 -> 0 | L20: Spectrier | M20: 0 | N20: 1 | O20: =M20-N20 -> -1 | P20: Hoopa-Unbound (T) | Q20: 0 | R20: 1 | S20: =Q20-R20 -> -1 | U20: Shaymin | V20: 2 | W20: 1 | X20: =V20-W20 -> 1 | Y20: Kingdra (T) | Z20: 0 | AA20: 1 | AB20: =Z20-AA20 -> -1 | AM20: Ninetales (T) | AN20: 0 | AO20: 1 | AP20: =AN20-AO20 -> -1 | AQ20: Spectrier | AR20: 1 | AS20: 1 | AT20: =AR20-AS20 -> 0 | BQ20: =BO20-BP20 -> 0 | BU20: =BS20-BT20 -> 0
C21: Sneasler | E21: 1 | F21: =D21-E21 -> -1 | G21: Spectrier | J21: =H21-I21 -> 0 | L21: Basculegion | M21: 2 | N21: 1 | O21: =M21-N21 -> 1 | P21: Iron Hands | Q21: 1 | R21: 1 | S21: =Q21-R21 -> 0 | U21: Kyurem-Black | V21: 0 | W21: 1 | X21: =V21-W21 -> -1 | Y21: Corviknight | Z21: 0 | AA21: 0 | AB21: =Z21-AA21 -> 0 | AM21: Chansey | AN21: 3 | AO21: 0 | AP21: =AN21-AO21 -> 3 | AQ21: archaludon | AR21: 0 | AS21: 1 | AT21: =AR21-AS21 -> -1 | BQ21: =BO21-BP21 -> 0 | BU21: =BS21-BT21 -> 0
C22: Sylveon (T) | D22: 1 | E22: 1 | F22: =D22-E22 -> 0 | G22: Archaludon (T) | H22: 4 | I22: 1 | J22: =H22-I22 -> 3 | L22: Pelipper (T) | M22: 1 | N22: 1 | O22: =M22-N22 -> 0 | P22: Walking Wake | Q22: 1 | R22: 0 | S22: =Q22-R22 -> 1 | U22: Regieleki | V22: 0 | W22: 1 | X22: =V22-W22 -> -1 | Y22: Chansey | Z22: 0 | AA22: 0 | AB22: =Z22-AA22 -> 0 | AM22: Kingdra (T) | AN22: 1 | AO22: 0 | AP22: =AN22-AO22 -> 1 | AQ22: Zapdos | AR22: 0 | AS22: 1 | AT22: =AR22-AS22 -> -1 | BQ22: =BO22-BP22 -> 0 | BU22: =BS22-BT22 -> 0
C23: Differential | D23: =SUM(F17:F22) -> -3 | G23: Differential | H23: =SUM(J17:J22) -> 3 | L23: Differential | M23: =SUM(O17:O22) -> -1 | P23: Differential | Q23: =SUM(S17:S22) -> 0 | U23: Differential | V23: =SUM(X17:X22) -> -4 | Y23: Differential | Z23: =SUM(AB17:AB22) -> 4 | AM23: Differential | AN23: =SUM(AP17:AP22) -> 2 | AQ23: Differential | AR23: =SUM(AT17:AT22) -> -2 | BN23: Differential | BO23: =SUM(BQ17:BQ22) -> 0 | BR23: Differential | BS23: =SUM(BU17:BU22) -> 0
C24: Replay | G24: https://replay.pokemonshowdown.com/gen9anythinggoes-2155190534 | L24: Replay | P24: https://replay.pokemonshowdown.com/gen9anythinggoes-2164537549 | U24: Replay | Y24: https://replay.pokemonshowdown.com/gen9anythinggoes-2164916284 | AM24: Replay | AQ24: https://replay.pokemonshowdown.com/gen9anythinggoes-2173614457 | BN24: Replay
C25: Winner | G25: =IF(D23>H23,C16,IF(D23=H23,"",G16)) -> Tyler Gottfredsen | L25: Winner | P25: =IF(M23>Q23,L16,IF(M23=Q23,"",P16)) -> Ryan Tidey | U25: Winner | Y25: =IF(V23>Z23,U16,IF(V23=Z23,"",Y16)) -> Ryan Evans | AM25: Winner | AQ25: =IF(AN23>AR23,AM16,IF(AN23=AR23,"",AQ16)) -> Ryan Evans | BN25: Winner | BR25: =IF(BO23>BS23,BN16,IF(BO23=BS23,"",BR16))
C27: =Source!$Q$64 -> Ryan Evans | D27: K | E27: D | F27: Diff | G27: =Source!$S$64 -> Ryan Tidey | H27: K | I27: D | J27: Diff | BN27: Final Standings
C28: Blaziken | D28: 1 | E28: 1 | F28: =D28-E28 -> 0 | G28: Iron Hands | H28: 2 | I28: 1 | J28: =H28-I28 -> 1
C29: Sandy Shocks | D29: 2 | E29: 1 | F29: =D29-E29 -> 1 | G29: ursaluna-bloodmoon | H29: 0 | J29: =H29-I29 -> 0 | BN29: 1st | BO29: =IF(BO$12>BS$12,BR$14,BR$25)
C30: Dragonite | D30: 0 | E30: 1 | F30: =D30-E30 -> -1 | G30: Alomomola | H30: 1 | I30: 1 | J30: =H30-I30 -> 0 | BN30: 2nd | BO30: =IF(BO$12>BS$12,BR$5,IF(BO23>BS23,BR16,BN16))
C31: Corviknight | D31: 0 | E31: 1 | F31: =D31-E31 -> -1 | G31: Hoopa-Unbound | H31: 0 | J31: =H31-I31 -> 0 | BN31: 3rd | BO31: =IF(BF$12>BJ$12,BI$5,IF(BF$12=BJ$12,"",BE$5)) -> Zach VanSickle
C32: Chansey | D32: 0 | E32: 1 | F32: =D32-E32 -> -1 | G32: Chien-Pao | H32: 1 | I32: 1 | J32: =H32-I32 -> 0 | BN32: 4th | BO32: =IF(AW$12>BA$12,AZ$5,IF(AW$12=BA$12,"",AV$5)) -> Ryan Evans
C33: Kingdra (T) | D33: 0 | E33: 1 | F33: =D33-E33 -> -1 | G33: Skeledirge | H33: 2 | J33: =H33-I33 -> 2 | BN33: 5th | BO33: =IF(AN$12>AR$12,AQ$5,IF(AN$12=AR$12,"",AM$5)) -> Marcus
C34: Differential | D34: =SUM(F28:F33) -> -3 | G34: Differential | H34: =SUM(J28:J33) -> 3 | BN34: 5th | BO34: =IF(AN$23>AR$23,AQ$16,IF(AN$23=AR$23,"",AM$16)) -> Tyler Gottfredsen
C35: Replay | G35: https://replay.pokemonshowdown.com/gen9anythinggoes-2158172563 | BN35: 7th | BO35: =IF(V$12>Z$12,Y$5,IF(V$12=Z$12,"",U$5)) -> Dick Hansen
C36: Winner | G36: =IF(D34>H34,C27,IF(D34=H34,"",G27)) -> Ryan Tidey | BN36: 7th | BO36: =IF(V$23>Z$23,Y$16,IF(V$23=Z$23,"",U$16)) -> Jackson McLoughlin
C38: =Source!$Q$65 -> Zach VanSickle | D38: K | E38: D | F38: Diff | G38: =Source!$S$65 -> Marcus | H38: K | I38: D | J38: Diff | AE38: =AE13 | AN38: =AN13
C39: Urshifu-Single-Strike | D39: 4 | E39: 0 | F39: =D39-E39 -> 4 | G39: Grimmsnarl (T) | H39: 0 | I39: 1 | J39: =H39-I39 -> -1 | AE39: =AI13 | AN39: =AR13
C40: Rotom-Wash | D40: 1 | E40: 0 | F40: =D40-E40 -> 1 | G40: Cinderace | H40: 0 | I40: 1 | J40: =H40-I40 -> -1
C41: Great Tusk | D41: 0 | E41: 1 | F41: =D41-E41 -> -1 | G41: Landorus-Incarnate | H41: 0 | I41: 1 | J41: =H41-I41 -> -1
C42: Iron Jugulis | D42: 0 | E42: 0 | F42: =D42-E42 -> 0 | G42: Dusclops | H42: 0 | I42: 1 | J42: =H42-I42 -> -1 | AE42: =AI16
C43: Torkoal | D43: 0 | E43: 0 | F43: =D43-E43 -> 0 | G43: Jirachi | H43: 0 | I43: 1 | J43: =H43-I43 -> -1
C44: Venusaur (T) | D44: 1 | E44: 0 | F44: =D44-E44 -> 1 | G44: Meowscarada | H44: 1 | I44: 1 | J44: =H44-I44 -> 0
C45: Differential | D45: =SUM(F39:F44) -> 5 | G45: Differential | H45: =SUM(J39:J44) -> -5
C46: Replay | G46: https://replay.pokemonshowdown.com/gen9anythinggoes-2159952350
C47: Winner | G47: =IF(D45>H45,C38,IF(D45=H45,"",G38)) -> Zach VanSickle
C49: =Source!$Q$62 -> Ian Heslin
C50: =Source!$S$62 -> Dick Hansen | L50: =Source!$Q$66 -> Ian Heslin | AD50: =Source!$Q$70 -> Ian Heslin | BN50: =Source!$Q$75 -> Ryan Tidey | BR50: =Source!$Q$76
L51: =Source!$S$66 -> Zach VanSickle | AD51: =Source!$S$70 -> Ryan Tidey | BN51: =Source!$S$75 -> Ian Heslin | BR51: =Source!$S$76
U52: =Source!$Q$68 -> Dick Hansen
C53: =Source!$Q$65 -> Zach VanSickle | U53: =Source!$S$68 -> Marcus
C54: =Source!$S$65 -> Marcus | AM54: =Source!$Q$71 -> Marcus | BE54: =Source!$Q$74 -> Zach VanSickle
AE55: =AE30 | AM55: =Source!$S$71 -> Zach VanSickle | AN55: =AN30 | BE55: =Source!$S$74 -> Ian Heslin
AE56: =AI30 | AN56: =AR30
C57: =Source!$Q$64 -> Ryan Evans | AV57: =Source!$Q$73 -> Zach VanSickle
C58: =Source!$S$64 -> Ryan Tidey | L58: =Source!$Q$67 -> Tyler Gottfredsen | AV58: =Source!$S$73 -> Ryan Evans
L59: =Source!$S$67 -> Ryan Tidey | AE59: =AI33 | AM59: =Source!$Q$72 -> Ryan Evans | AN59: =AR33
U60: =Source!$Q$69 -> Jackson McLoughlin | AM60: =Source!$S$72 -> Tyler Gottfredsen
C61: =Source!$Q$63 -> Jackson McLoughlin | U61: =Source!$S$69 -> Ryan Evans
C62: =Source!$S$63 -> Tyler Gottfredsen

Sheet Playoff Schedule
C4: Coach 1 | E4: Diff | G4: Coach 2
C6: Winner's Round 1
C7: {=Source!$Q$62:$Q$65} -> Ian Heslin | E7: ='Playoff Stats'!$D$12 -> 6 | F7: ='Playoff Stats'!$H$12 -> -6 | G7: {=Source!$S$62:$S$65} -> Dick Hansen
C8: Jackson McLoughlin | E8: ='Playoff Stats'!$D$23 -> -3 | F8: ='Playoff Stats'!$H$23 -> 3 | G8: Tyler Gottfredsen
C9: Ryan Evans | E9: ='Playoff Stats'!$D$34 -> -3 | F9: ='Playoff Stats'!$H$34 -> 3 | G9: Ryan Tidey
C10: Zach VanSickle | E10: ='Playoff Stats'!$D$45 -> 5 | F10: ='Playoff Stats'!$H$45 -> -5 | G10: Marcus
C12: Winner's Round 2
C13: =Source!$Q$66 -> Ian Heslin | E13: ='Playoff Stats'!$M$12 -> 4 | F13: ='Playoff Stats'!$Q$12 -> -4 | G13: =Source!$S$66 -> Zach VanSickle
C14: =Source!$Q$67 -> Tyler Gottfredsen | E14: ='Playoff Stats'!$M$23 -> -1 | F14: ='Playoff Stats'!$Q$23 -> 0 | G14: =Source!$S$67 -> Ryan Tidey
C16: Loser's Round 1
C17: =Source!$Q$68 -> Dick Hansen | E17: ='Playoff Stats'!$V$12 -> -1 | F17: ='Playoff Stats'!$Z$12 -> 1 | G17: =Source!$S$68 -> Marcus
C18: =Source!$Q$69 -> Jackson McLoughlin | E18: ='Playoff Stats'!$V$23 -> -4 | F18: ='Playoff Stats'!$Z$23 -> 4 | G18: =Source!$S$69 -> Ryan Evans
C20: Winner's Round 3
C21: {=Source!$Q$70} -> Ian Heslin | E21: ='Playoff Stats'!$AE$12 -> -1 | F21: ='Playoff Stats'!$AI$12 -> 1 | G21: {=Source!$S$70} -> Ryan Tidey
C23: Loser's Round 2
C24: =Source!$Q$71 -> Marcus | E24: ='Playoff Stats'!$AN$12 -> -1 | F24: ='Playoff Stats'!$AR$12 -> 1 | G24: =Source!$S$71 -> Zach VanSickle
C25: =Source!$Q$72 -> Ryan Evans | E25: ='Playoff Stats'!$AN$23 -> 2 | F25: ='Playoff Stats'!$AR$23 -> -2 | G25: =Source!$S$72 -> Tyler Gottfredsen
C27: Loser's Round 3
C28: =Source!$Q$73 -> Zach VanSickle | E28: ='Playoff Stats'!$AW$12 -> 4 | F28: ='Playoff Stats'!$BA$12 -> -4 | G28: =Source!$S$73 -> Ryan Evans
C30: Loser's Finals
C31: {=Source!$Q$74} -> Zach VanSickle | E31: ='Playoff Stats'!$BF$12 -> -3 | F31: ='Playoff Stats'!$BJ$12 -> 3 | G31: {=Source!$S$74} -> Ian Heslin
C33: Winner's Finals
C34: {=Source!$Q$75} -> Ryan Tidey | E34: ='Playoff Stats'!$BO$12 -> 0 | F34: ='Playoff Stats'!$BS$12 -> 0 | G34: {=Source!$S$75} -> Ian Heslin

Sheet Source
F1: # | G1: Coach Name | H1: Team Name | I1: Abv | J1: TZ | K1: Logo | L1: Record | N1: Drizzle Schedule | U1: Player Name | V1: Pokemon | W1: Speed | X1: Normal | Y1: Fighting | Z1: Flying | AA1: Poison | AB1: Ground | AC1: Rock | AD1: Bug | AE1: Ghost | AF1: Steel | AG1: Fire | AH1: Water | AI1: Grass | AJ1: Electric | AK1: Psychic | AL1: Ice | AM1: Dragon | AN1: Dark | AO1: Fairy
A2: {=IFERROR(VLOOKUP(B2:B1285,{Pokedex!$I$2:$I1285,Pokedex!$H$2:$H1285},2,FALSE),"")} | B2: Chien-Pao | C2: 19 | F2: Drizzle | N2: T1 | O2: T2 | P2: Week | Q2: Player 1 | S2: Player 2 | U2: =$G$3 -> Ryan Tidey | V2: =Teams!$D5 -> Chien-Pao | W2: {=IFERROR(VLOOKUP(V2:V1285,Pokedex!$I$2:$Q2526,9,FALSE),"")} -> 135 | X2: {=IFERROR(VLOOKUP(V2:V1285,Pokedex!$I$2:$AL2526,13,FALSE),"")} -> 1 | Y2: {=IFERROR(VLOOKUP(V2:V1285,Pokedex!$I$2:$AL2526,14,FALSE),"")} -> 4 | Z2: {=IFERROR(VLOOKUP(V2:V1285,Pokedex!$I$2:$AL2526,15,FALSE),"")} -> 1 | AA2: {=IFERROR(VLOOKUP(V2:V1285,Pokedex!$I$2:$AL2526,16,FALSE),"")} -> 1 | AB2: {=IFERROR(VLOOKUP(V2:V1285,Pokedex!$I$2:$AL2526,17,FALSE),"")} -> 1 | AC2: {=IFERROR(VLOOKUP(V2:V1285,Pokedex!$I$2:$AL2526,18,FALSE),"")} -> 2 | AD2: {=IFERROR(VLOOKUP(V2:V1285,Pokedex!$I$2:$AL2526,19,FALSE),"")} -> 2 | AE2: {=IFERROR(VLOOKUP(V2:V1285,Pokedex!$I$2:$AL2526,20,FALSE),"")} -> 0.5 | AF2: {=IFERROR(VLOOKUP(V2:V1285,Pokedex!$I$2:$AL2526,21,FALSE),"")} -> 2 | AG2: {=IFERROR(VLOOKUP(V2:V1285,Pokedex!$I$2:$AL2526,22,FALSE),"")} -> 2 | AH2: {=IFERROR(VLOOKUP(V2:V1285,Pokedex!$I$2:$AL2526,23,FALSE),"")} -> 1 | AI2: {=IFERROR(VLOOKUP(V2:V1285,Pokedex!$I$2:$AL2526,24,FALSE),"")} -> 1 | AJ2: {=IFERROR(VLOOKUP(V2:V1285,Pokedex!$I$2:$AL2526,25,FALSE),"")} -> 1 | AK2: {=IFERROR(VLOOKUP(V2:V1285,Pokedex!$I$2:$AL2526,26,FALSE),"")} -> 0 | AL2: {=IFERROR(VLOOKUP(V2:V1285,Pokedex!$I$2:$AL2526,27,FALSE),"")} -> 0.5 | AM2: {=IFERROR(VLOOKUP(V2:V1285,Pokedex!$I$2:$AL2526,28,FALSE),"")} -> 1 | AN2: {=IFERROR(VLOOKUP(V2:V1285,Pokedex!$I$2:$AL2526,29,FALSE),"")} -> 0.5 | AO2: {=IFERROR(VLOOKUP(V2:V1285,Pokedex!$I$2:$AL2526,30,FALSE),"")} -> 2 | AP2: {=SORT(V2:W13,2,0)} -> Chien-Pao | AQ2: 135
B3: Dragapult | C3: 19 | F3: 1 | G3: Ryan Tidey | H3: Ryan T.'s Team | I3: RT | J3: EST | N3: 1 | O3: 5 | P3: 1 | Q3: =IFERROR(VLOOKUP(N3,$F$3:$G$8,2,FALSE),"") -> Ryan Tidey | R3: vs | S3: =IFERROR(VLOOKUP(O3,$F$3:$G$18,2,FALSE),"") -> Tyler Gottfredsen | U3: =$G$3 -> Ryan Tidey | V3: =Teams!$D6 -> ursaluna-bloodmoon | W3: 52 | X3: 1 | Y3: 2 | Z3: 1 | AA3: 0.5 | AB3: 1 | AC3: 0.5 | AD3: 1 | AE3: 0 | AF3: 1 | AG3: 1 | AH3: 2 | AI3: 2 | AJ3: 0 | AK3: 1 | AL3: 2 | AM3: 1 | AN3: 1 | AO3: 1 | AP3: Walking Wake | AQ3: 109
B4: Iron Valiant | C4: 19 | F4: 2 | G4: Marcus | H4: Marcus' Team | I4: PM | J4: EST | N4: 2 | O4: 6 | P4: 1 | Q4: =IFERROR(VLOOKUP(N4,$F$3:$G$8,2,FALSE),"") -> Marcus | R4: vs | S4: =IFERROR(VLOOKUP(O4,$F$3:$G$18,2,FALSE),"") -> Dick Hansen | U4: =$G$3 -> Ryan Tidey | V4: =Teams!$D7 -> Iron Hands | W4: 50 | X4: 1 | Y4: 1 | Z4: 1 | AA4: 1 | AB4: 2 | AC4: 0.5 | AD4: 0.5 | AE4: 1 | AF4: 0.5 | AG4: 1 | AH4: 1 | AI4: 1 | AJ4: 0.5 | AK4: 2 | AL4: 1 | AM4: 1 | AN4: 0.5 | AO4: 2 | AP4: Cobalion | AQ4: 108
B5: Zamazenta-Crowned | F5: 3 | G5: Ian Heslin | H5: RIP Zamazentas | I5: RIP | J5: CST | N5: 3 | O5: 7 | P5: 1 | Q5: =IFERROR(VLOOKUP(N5,$F$3:$G$8,2,FALSE),"") -> Ian Heslin | R5: vs | S5: =IFERROR(VLOOKUP(O5,$F$3:$G$18,2,FALSE),"") -> Jackson McLoughlin | U5: =$G$3 -> Ryan Tidey | V5: =Teams!$D8 -> Skeledirge (T) | W5: 66 | X5: 0 | Y5: 0 | Z5: 1 | AA5: 0.5 | AB5: 2 | AC5: 2 | AD5: 0.25 | AE5: 2 | AF5: 0.5 | AG5: 0.5 | AH5: 2 | AI5: 0.5 | AJ5: 1 | AK5: 1 | AL5: 0.5 | AM5: 1 | AN5: 2 | AO5: 0.5 | AP5: Krookodile | AQ5: 92
B6: Garchomp | C6: 18 | F6: 4 | G6: Ryan Evans | H6: Sweepers | I6: RE | J6: CST | N6: 4 | O6: 8 | P6: 1 | Q6: =IFERROR(VLOOKUP(N6,$F$3:$G$8,2,FALSE),"") -> Ryan Evans | R6: vs | S6: =IFERROR(VLOOKUP(O6,$F$3:$G$18,2,FALSE),"") -> Zach VanSickle | U6: =$G$3 -> Ryan Tidey | V6: =Teams!$D9 -> Walking Wake | W6: 109 | X6: 1 | Y6: 1 | Z6: 1 | AA6: 1 | AB6: 1 | AC6: 1 | AD6: 1 | AE6: 1 | AF6: 0.5 | AG6: 0.25 | AH6: 0.25 | AI6: 1 | AJ6: 1 | AK6: 1 | AL6: 1 | AM6: 2 | AN6: 1 | AO6: 2 | AP6: Hoopa-Unbound (T) | AQ6: 80
B7: Great Tusk | C7: 18 | F7: 5 | G7: Tyler Gottfredsen | H7: Tyler's Team | I7: TG | J7: CST | P7: 1 | Q7: =IFERROR(VLOOKUP(N7,$F$3:$G$18,2,FALSE),"") | R7: vs | S7: =IFERROR(VLOOKUP(O7,$F$3:$G$18,2,FALSE),"") | U7: =$G$3 -> Ryan Tidey | V7: =Teams!$D10 -> Alomomola (T) | W7: 65 | X7: 1 | Y7: 1 | Z7: 1 | AA7: 1 | AB7: 1 | AC7: 1 | AD7: 1 | AE7: 1 | AF7: 0.5 | AG7: 0.5 | AH7: 0.5 | AI7: 2 | AJ7: 2 | AK7: 1 | AL7: 0.5 | AM7: 1 | AN7: 1 | AO7: 1 | AP7: Skeledirge (T) | AQ7: 66
B8: Palafin | C8: 18 | F8: 6 | G8: Dick Hansen | H8: Dick's Team | I8: DH | J8: CST | P8: 1 | Q8: =IFERROR(VLOOKUP(N8,$F$3:$G$18,2,FALSE),"") | R8: vs | S8: =IFERROR(VLOOKUP(O8,$F$3:$G$18,2,FALSE),"") | U8: =$G$3 -> Ryan Tidey | V8: =Teams!$D11 -> Cobalion | W8: 108 | X8: 0.5 | Y8: 2 | Z8: 1 | AA8: 0 | AB8: 2 | AC8: 0.25 | AD8: 0.25 | AE8: 1 | AF8: 0.5 | AG8: 2 | AH8: 1 | AI8: 0.5 | AJ8: 1 | AK8: 1 | AL8: 0.5 | AM8: 0.5 | AN8: 0.5 | AO8: 1 | AP8: Alomomola (T) | AQ8: 65
B9: Spectrier | C9: 18 | F9: 7 | G9: Jackson McLoughlin | H9: Jackson's Team | I9: JM | J9: EST | P9: 1 | Q9: =IFERROR(VLOOKUP(N9,$F$3:$G$18,2,FALSE),"") | R9: vs | S9: =IFERROR(VLOOKUP(O9,$F$3:$G$18,2,FALSE),"") | U9: =$G$3 -> Ryan Tidey | V9: =Teams!$D12 -> Hoopa-Unbound (T) | W9: 80 | X9: 1 | Y9: 1 | Z9: 1 | AA9: 1 | AB9: 1 | AC9: 1 | AD9: 4 | AE9: 1 | AF9: 1 | AG9: 1 | AH9: 1 | AI9: 1 | AJ9: 1 | AK9: 0 | AL9: 1 | AM9: 1 | AN9: 1 | AO9: 2 | AP9: Zweilous | AQ9: 58
B10: Chi-Yu | C10: 17 | F10: 8 | G10: Zach VanSickle | H10: Zach's Team | I10: ZV | J10: CST | P10: 1 | Q10: =IFERROR(VLOOKUP(N10,$F$3:$G$18,2,FALSE),"") | R10: vs | S10: =IFERROR(VLOOKUP(O10,$F$3:$G$18,2,FALSE),"") | U10: =$G$3 -> Ryan Tidey | V10: =Teams!$D13 -> Krookodile | W10: 92 | X10: 1 | Y10: 2 | Z10: 1 | AA10: 0.5 | AB10: 1 | AC10: 0.5 | AD10: 2 | AE10: 0.5 | AF10: 1 | AG10: 1 | AH10: 2 | AI10: 2 | AJ10: 0 | AK10: 0 | AL10: 2 | AM10: 1 | AN10: 0.5 | AO10: 2 | AP10: ursaluna-bloodmoon | AQ10: 52
B11: Greninja | C11: 17 | N11: 1 | O11: 2 | P11: 2 | Q11: =IFERROR(VLOOKUP(N11,$F$3:$G$18,2,FALSE),"") -> Ryan Tidey | R11: vs | S11: =IFERROR(VLOOKUP(O11,$F$3:$G$18,2,FALSE),"") -> Marcus | U11: =$G$3 -> Ryan Tidey | V11: =Teams!$D14 -> Zweilous | W11: 58 | X11: 1 | Y11: 2 | Z11: 1 | AA11: 1 | AB11: 1 | AC11: 1 | AD11: 2 | AE11: 0.5 | AF11: 1 | AG11: 0.5 | AH11: 0.5 | AI11: 0.5 | AJ11: 0.5 | AK11: 0 | AL11: 2 | AM11: 2 | AN11: 0.5 | AO11: 4 | AP11: Iron Hands | AQ11: 50
B12: Tornadus-Therian | C12: 17 | N12: 3 | O12: 5 | P12: 2 | Q12: =IFERROR(VLOOKUP(N12,$F$3:$G$18,2,FALSE),"") -> Ian Heslin | R12: vs | S12: =IFERROR(VLOOKUP(O12,$F$3:$G$18,2,FALSE),"") -> Tyler Gottfredsen | U12: =$G$3 -> Ryan Tidey | V12: =Teams!$D15
B13: Latios | C13: 17 | N13: 4 | O13: 6 | P13: 2 | Q13: =IFERROR(VLOOKUP(N13,$F$3:$G$18,2,FALSE),"") -> Ryan Evans | R13: vs | S13: =IFERROR(VLOOKUP(O13,$F$3:$G$18,2,FALSE),"") -> Dick Hansen | U13: =$G$3 -> Ryan Tidey | V13: =Teams!$D16
B14: Deoxys-Speed | C14: 17 | N14: 7 | O14: 8 | P14: 2 | Q14: =IFERROR(VLOOKUP(N14,$F$3:$G$18,2,FALSE),"") -> Jackson McLoughlin | R14: vs | S14: =IFERROR(VLOOKUP(O14,$F$3:$G$18,2,FALSE),"") -> Zach VanSickle | U14: =$G$4 -> Marcus | V14: =Teams!$K5 -> Dragapult | W14: 142 | X14: 0 | Y14: 0 | Z14: 1 | AA14: 0.5 | AB14: 1 | AC14: 1 | AD14: 0.5 | AE14: 2 | AF14: 1 | AG14: 0.5 | AH14: 0.5 | AI14: 0.5 | AJ14: 0.5 | AK14: 1 | AL14: 2 | AM14: 2 | AN14: 2 | AO14: 2 | AP14: {=SORT(V14:W25,2,0)} -> Dragapult | AQ14: 142
B15: Enamorus-Incarnate | C15: 16 | P15: 2 | Q15: =IFERROR(VLOOKUP(N15,$F$3:$G$18,2,FALSE),"") | R15: vs | S15: =IFERROR(VLOOKUP(O15,$F$3:$G$18,2,FALSE),"") | U15: =$G$4 -> Marcus | V15: =Teams!$K6 -> Meowscarada | W15: 123 | X15: 1 | Y15: 2 | Z15: 2 | AA15: 2 | AB15: 0.5 | AC15: 1 | AD15: 4 | AE15: 0.5 | AF15: 1 | AG15: 2 | AH15: 0.5 | AI15: 0.5 | AJ15: 0.5 | AK15: 0 | AL15: 2 | AM15: 1 | AN15: 0.5 | AO15: 2 | AP15: Meowscarada | AQ15: 123
B16: Meowscarada | C16: 16 | P16: 2 | Q16: =IFERROR(VLOOKUP(N16,$F$3:$G$18,2,FALSE),"") | R16: vs | S16: =IFERROR(VLOOKUP(O16,$F$3:$G$18,2,FALSE),"") | U16: =$G$4 -> Marcus | V16: =Teams!$K7 -> Jirachi | W16: 100 | X16: 0.5 | Y16: 1 | Z16: 0.5 | AA16: 0 | AB16: 2 | AC16: 0.5 | AD16: 1 | AE16: 2 | AF16: 0.5 | AG16: 2 | AH16: 1 | AI16: 0.5 | AJ16: 1 | AK16: 0.25 | AL16: 0.5 | AM16: 0.5 | AN16: 2 | AO16: 0.5 | AP16: Cinderace | AQ16: 119
B17: Sneasler | C17: 16 | P17: 2 | Q17: =IFERROR(VLOOKUP(N17,$F$3:$G$18,2,FALSE),"") | R17: vs | S17: =IFERROR(VLOOKUP(O17,$F$3:$G$18,2,FALSE),"") | U17: =$G$4 -> Marcus | V17: =Teams!$K8 -> Keldeo | W17: 108 | X17: 1 | Y17: 1 | Z17: 2 | AA17: 1 | AB17: 1 | AC17: 0.5 | AD17: 0.5 | AE17: 1 | AF17: 0.5 | AG17: 0.5 | AH17: 0.5 | AI17: 2 | AJ17: 2 | AK17: 2 | AL17: 0.5 | AM17: 1 | AN17: 0.5 | AO17: 2 | AP17: Tornadus-Incarnate (T) | AQ17: 111
B18: Urshifu-Single-Strike | C18: 16 | P18: 2 | Q18: =IFERROR(VLOOKUP(N18,$F$3:$G$18,2,FALSE),"") | R18: vs | S18: =IFERROR(VLOOKUP(O18,$F$3:$G$18,2,FALSE),"") | U18: =$G$4 -> Marcus | V18: =Teams!$K9 -> Kleavor (T) | W18: 85 | X18: 0.5 | Y18: 1 | Z18: 1 | AA18: 0.5 | AB18: 1 | AC18: 2 | AD18: 1 | AE18: 1 | AF18: 2 | AG18: 1 | AH18: 2 | AI18: 1 | AJ18: 1 | AK18: 1 | AL18: 1 | AM18: 1 | AN18: 1 | AO18: 1 | AP18: Keldeo | AQ18: 108
B19: Blaziken | C19: 16 | N19: 1 | O19: 3 | P19: 3 | Q19: =IFERROR(VLOOKUP(N19,$F$3:$G$18,2,FALSE),"") -> Ryan Tidey | R19: vs | S19: =IFERROR(VLOOKUP(O19,$F$3:$G$18,2,FALSE),"") -> Ian Heslin | U19: =$G$4 -> Marcus | V19: =Teams!$K10 -> Tornadus-Incarnate (T) | W19: 111 | X19: 1 | Y19: 0.5 | Z19: 1 | AA19: 1 | AB19: 0 | AC19: 2 | AD19: 0.5 | AE19: 1 | AF19: 1 | AG19: 1 | AH19: 1 | AI19: 0.5 | AJ19: 2 | AK19: 1 | AL19: 2 | AM19: 1 | AN19: 1 | AO19: 1 | AP19: Landorus-Incarnate | AQ19: 101
B20: Kyurem | C20: 16 | N20: 2 | O20: 4 | P20: 3 | Q20: =IFERROR(VLOOKUP(N20,$F$3:$G$18,2,FALSE),"") -> Marcus | R20: vs | S20: =IFERROR(VLOOKUP(O20,$F$3:$G$18,2,FALSE),"") -> Ryan Evans | U20: =$G$4 -> Marcus | V20: =Teams!$K11 -> Grimmsnarl | W20: 60 | X20: 1 | Y20: 1 | Z20: 1 | AA20: 2 | AB20: 1 | AC20: 1 | AD20: 1 | AE20: 0.5 | AF20: 2 | AG20: 1 | AH20: 1 | AI20: 1 | AJ20: 1 | AK20: 0 | AL20: 1 | AM20: 0 | AN20: 0.25 | AO20: 2 | AP20: Jirachi | AQ20: 100
B21: Ursaluna-Bloodmoon | C21: 16 | N21: 5 | O21: 8 | P21: 3 | Q21: =IFERROR(VLOOKUP(N21,$F$3:$G$18,2,FALSE),"") -> Tyler Gottfredsen | R21: vs | S21: =IFERROR(VLOOKUP(O21,$F$3:$G$18,2,FALSE),"") -> Zach VanSickle | U21: =$G$4 -> Marcus | V21: =Teams!$K12 -> Cinderace | W21: 119 | X21: 1 | Y21: 1 | Z21: 1 | AA21: 1 | AB21: 2 | AC21: 2 | AD21: 0.5 | AE21: 1 | AF21: 0.5 | AG21: 0.5 | AH21: 2 | AI21: 0.5 | AJ21: 1 | AK21: 1 | AL21: 0.5 | AM21: 1 | AN21: 1 | AO21: 0.5 | AP21: Kleavor (T) | AQ21: 85
B22: Gouging Fire | C22: 16 | N22: 6 | O22: 7 | P22: 3 | Q22: =IFERROR(VLOOKUP(N22,$F$3:$G$18,2,FALSE),"") -> Dick Hansen | R22: vs | S22: =IFERROR(VLOOKUP(O22,$F$3:$G$18,2,FALSE),"") -> Jackson McLoughlin | U22: =$G$4 -> Marcus | V22: =Teams!$K13 -> Landorus-Incarnate | W22: 101 | X22: 1 | Y22: 0.5 | Z22: 1 | AA22: 0.5 | AB22: 0 | AC22: 1 | AD22: 0.5 | AE22: 1 | AF22: 1 | AG22: 1 | AH22: 2 | AI22: 1 | AJ22: 0 | AK22: 1 | AL22: 4 | AM22: 1 | AN22: 1 | AO22: 1 | AP22: Grimmsnarl | AQ22: 60
B23: Baxcalibur | C23: 15 | P23: 3 | Q23: =IFERROR(VLOOKUP(N23,$F$3:$G$18,2,FALSE),"") | R23: vs | S23: =IFERROR(VLOOKUP(O23,$F$3:$G$18,2,FALSE),"") | U23: =$G$4 -> Marcus | V23: =Teams!$K14 -> Dusclops | W23: 25 | X23: 0 | Y23: 0 | Z23: 1 | AA23: 0.5 | AB23: 1 | AC23: 1 | AD23: 0.5 | AE23: 2 | AF23: 1 | AG23: 1 | AH23: 1 | AI23: 1 | AJ23: 1 | AK23: 1 | AL23: 1 | AM23: 1 | AN23: 2 | AO23: 1 | AP23: Dusclops | AQ23: 25
B24: Dragonite | C24: 15 | P24: 3 | Q24: =IFERROR(VLOOKUP(N24,$F$3:$G$18,2,FALSE),"") | R24: vs | S24: =IFERROR(VLOOKUP(O24,$F$3:$G$18,2,FALSE),"") | U24: =$G$4 -> Marcus | V24: =Teams!$K15
B25: Gholdengo | C25: 15 | P25: 3 | Q25: =IFERROR(VLOOKUP(N25,$F$3:$G$18,2,FALSE),"") | R25: vs | S25: =IFERROR(VLOOKUP(O25,$F$3:$G$18,2,FALSE),"") | U25: =$G$4 -> Marcus | V25: =Teams!$K16
B26: Iron Bundle | C26: 15 | P26: 3 | Q26: =IFERROR(VLOOKUP(N26,$F$3:$G$18,2,FALSE),"") | R26: vs | S26: =IFERROR(VLOOKUP(O26,$F$3:$G$18,2,FALSE),"") | U26: =$G$5 -> Ian Heslin | V26: =Teams!$R5 -> Annihilape | W26: 90 | X26: 0 | Y26: 0 | Z26: 2 | AA26: 0.5 | AB26: 1 | AC26: 0.5 | AD26: 0.25 | AE26: 2 | AF26: 1 | AG26: 1 | AH26: 1 | AI26: 1 | AJ26: 1 | AK26: 2 | AL26: 1 | AM26: 1 | AN26: 1 | AO26: 2 | AP26: {=SORT(V26:W37,2,0)} -> Ribombee (T) | AQ26: 124
