Workbook

Sheet Home
C3: Scarlet Violet Pokemon Draft League | E3: =Source!$J$3 | F3: =Source!$J$4 | G3: =Source!$J$5
C4: Year 1 | E4: =Source!$F$3 -> Jackson McLoughlin | F4: =Source!$F$6 -> Ian Heslin | G4: =Source!$F$5 -> Dick Hansen
E5: =Source!$J$6 | F5: =Source!$J$7 | G5: =Source!$J$8
E6: =Source!$F$4 -> Zach VanSickle | F6: =Source!$F$7 -> Ryan Tidey | G6: =Source!$F$8 -> Tyler Gottfredsen

Sheet Rules
E3: WPF Weather Division Rules
C5: League Rules
C6: # 1 | D6: 🟍 The season will be 7 weeks. You will play your divison twice and the other divison once.
C7: # 2 | D7: 🟍 All matches must be played in the "[Gen 9] VGC 2023 Series 2" format.
C8: # 3 | D8: 🟍 Any additional questions may be asked in the Pokemon League Discord. Please @authorzed.
C10: Drafting Rules
C11: # 1 | D11: 🟍 Drafting will be the standard snake style, from 1-6 then again from 6 back to 1.
C12: 2 | D12: 🟍 Coaches have 70 points to draft 9-10 pokemon on their team.
C13: 3 | D13: 🟍 Species clause is in effect: You may not draft 2 pokemon of the same species (Ex: two Rotoms, Aegislash & Doublade, Mega Scizor & Scizor)
C14: 4 | D14: 🟍 There will be a 24 hour grace period that starts immediately after the draft concludes.
C16: Season Rules
C17: # 1 | D17: 🟍 Coaches are allowed 5 FA transactions throughout the season once the grace period has concluded. Coach to coach trades are infinite.
C18: # 2 | D18: 🟍 Coaches are no longer able to use FA transactions after week 7 has concluded. Rosters become frozen before playoffs.
C19: # 3 | D19: 🟍 The top 6 teams at the end of the regular season will progress to playoffs.
C20: # 4 | D20: 🟍 When determining playoff seeding, the following measure will be used: Series Wins>Game Wins>Differential> Head-to-Head>Strength of Schedule.
C22: Battle Rules
C23: # 1 | D23: 🟍 Battles are to be done every other week. Please coordinate with you opponet for the week through text or discord.
C24: # 2 | D24: 🟍 All matches are best of three, with open team sheets.
C25: # 3 | D25: 🟍 All pokemon will be set to level 50.
C26: # 4 | D26: 🟍 Item clause is in effect for all battles. Berserk Gene, non-normal gems, mega stones, and Z-Crystals are banned.
C27: # 5 | D27: 🟍 Battle timer may be turned on by either coach for any reason. That coach is under no obligation to turn off timer unless their opponent disconnects unexpectantly. If this should happen, contact an online mod who will make the timer decision on your behalf.

Sheet Standings
A1: x
C3: Drizzle Standings
C4: 1 | D4: =vlookup(E4,Source!$F$3:$K$18,5,FALSE) | E4: =Data!$AN$5 -> Ian Heslin | F4: =CountIF(G4:K5,"W")&"-"&CountIF(G4:K5,"L") -> 7-0 | G4: =vlookup(E4,Data!$M$5:$X$10,6,FALSE) -> W | H4: =vlookup(E4,Data!$M$5:$X$10,7,FALSE) -> W | I4: =vlookup(E4,Data!$M$5:$X$10,8,FALSE) -> W | J4: =vlookup(E4,Data!$M$5:$X$10,9,FALSE) -> W | K4: =vlookup(E4,Data!$M$5:$X$10,10,FALSE) -> W
E5: =vlookup(E4,Source!$F$3:$K$18,2,FALSE) -> Ian's Team | G5: =vlookup(E4,Data!$M$5:$X$10,11,FALSE) -> W | H5: =vlookup(E4,Data!$M$5:$X$10,12,FALSE) -> W
C6: 2 | D6: =vlookup(E6,Source!$F$3:$K$18,5,FALSE) | E6: =Data!$AN$6 -> Zach VanSickle | F6: =CountIF(G6:K7,"W")&"-"&CountIF(G6:K7,"L") -> 4-3 | G6: =vlookup(E6,Data!$M$5:$X$10,6,FALSE) -> W | H6: =vlookup(E6,Data!$M$5:$X$10,7,FALSE) -> W | I6: =vlookup(E6,Data!$M$5:$X$10,8,FALSE) -> L | J6: =vlookup(E6,Data!$M$5:$X$10,9,FALSE) -> L | K6: =vlookup(E6,Data!$M$5:$X$10,10,FALSE) -> W
E7: =vlookup(E6,Source!$F$3:$K$18,2,FALSE) -> Zach's Team | G7: =vlookup(E6,Data!$M$5:$X$10,11,FALSE) -> W | H7: =vlookup(E6,Data!$M$5:$X$10,12,FALSE) -> L
C8: 3 | D8: =vlookup(E8,Source!$F$3:$K$18,5,FALSE) | E8: =Data!$AN$7 -> Tyler Gottfredsen | F8: =CountIF(G8:K9,"W")&"-"&CountIF(G8:K9,"L") -> 4-3 | G8: =vlookup(E8,Data!$M$5:$X$10,6,FALSE) -> L | H8: =vlookup(E8,Data!$M$5:$X$10,7,FALSE) -> L | I8: =vlookup(E8,Data!$M$5:$X$10,8,FALSE) -> W | J8: =vlookup(E8,Data!$M$5:$X$10,9,FALSE) -> W | K8: =vlookup(E8,Data!$M$5:$X$10,10,FALSE) -> L
E9: =vlookup(E8,Source!$F$3:$K$18,2,FALSE) -> Tyler's Team | G9: =vlookup(E8,Data!$M$5:$X$10,11,FALSE) -> W | H9: =vlookup(E8,Data!$M$5:$X$10,12,FALSE) -> W
C10: 4 | D10: =vlookup(E10,Source!$F$3:$K$18,5,FALSE) | E10: =Data!$AN$8 -> Jackson McLoughlin | F10: =CountIF(G10:K11,"W")&"-"&CountIF(G10:K11,"L") -> 3-4 | G10: =vlookup(E10,Data!$M$5:$X$10,6,FALSE) -> L | H10: =vlookup(E10,Data!$M$5:$X$10,7,FALSE) -> W | I10: =vlookup(E10,Data!$M$5:$X$10,8,FALSE) -> W | J10: =vlookup(E10,Data!$M$5:$X$10,9,FALSE) -> L | K10: =vlookup(E10,Data!$M$5:$X$10,10,FALSE) -> L
E11: =vlookup(E10,Source!$F$3:$K$18,2,FALSE) -> Jackson's Team | G11: =vlookup(E10,Data!$M$5:$X$10,11,FALSE) -> L | H11: =vlookup(E10,Data!$M$5:$X$10,12,FALSE) -> W
C12: 5 | D12: =vlookup(E12,Source!$F$3:$K$18,5,FALSE) | E12: =Data!$AN$9 -> Ryan Tidey | F12: =CountIF(G12:K13,"W")&"-"&CountIF(G12:K13,"L") -> 3-4 | G12: =vlookup(E12,Data!$M$5:$X$10,6,FALSE) -> W | H12: =vlookup(E12,Data!$M$5:$X$10,7,FALSE) -> L | I12: =vlookup(E12,Data!$M$5:$X$10,8,FALSE) -> L | J12: =vlookup(E12,Data!$M$5:$X$10,9,FALSE) -> W | K12: =vlookup(E12,Data!$M$5:$X$10,10,FALSE) -> W
E13: =vlookup(E12,Source!$F$3:$K$18,2,FALSE) -> Ryan's Team | G13: =vlookup(E12,Data!$M$5:$X$10,11,FALSE) -> L | H13: =vlookup(E12,Data!$M$5:$X$10,12,FALSE) -> L
C14: 6 | D14: =vlookup(E14,Source!$F$3:$K$18,5,FALSE) | E14: =Data!$AN$10 -> Dick Hansen | F14: =CountIF(G14:K15,"W")&"-"&CountIF(G14:K15,"L") -> 0-7 | G14: =vlookup(E14,Data!$M$5:$X$10,6,FALSE) -> L | H14: =vlookup(E14,Data!$M$5:$X$10,7,FALSE) -> L | I14: =vlookup(E14,Data!$M$5:$X$10,8,FALSE) -> L | J14: =vlookup(E14,Data!$M$5:$X$10,9,FALSE) -> L | K14: =vlookup(E14,Data!$M$5:$X$10,10,FALSE) -> L
E15: =vlookup(E14,Source!$F$3:$K$18,2,FALSE) -> Dick's Team | G15: =vlookup(E14,Data!$M$5:$X$10,11,FALSE) -> L | H15: =vlookup(E14,Data!$M$5:$X$10,12,FALSE) -> L

Sheet Draft Board
C3: Banned | F3: 25 Points | H3: DZ | I3: DO | K3: 24 Points | M3: DZ | N3: DO | P3: 23 Points | R3: DZ | S3: DO | U3: 22 Points | W3: DZ | X3: DO | Z3: 21 Points | AB3: DZ | AC3: DO | AE3: 20 Points | AG3: DZ | AH3: DO | AJ3: 19 Points | AL3: DZ | AM3: DO | AO3: 15 Points | AQ3: DZ | AT3: 13 Points | AV3: DZ | AY3: 12 Points | BA3: DZ | BD3: 10 Points | BF3: DZ | BI3: 9 Points | BK3: DZ | BN3: 8 Points | BP3: DZ | BS3: 6 Points | BU3: DZ | BX3: 5 Points | BZ3: DZ | CC3: 4 Points | CE3: DZ | CH3: 3 Points | CJ3: DZ | CM3: 1 Points | CO3: DZ
C5: {=IFERROR(VLOOKUP(D5:D353,Pokedex!$C$3:$D353,2,FALSE),"")} -> arceus | D5: Arceus | F5: =IFERROR(__xludf.DUMMYFUNCTION("IFERROR(SORT(FILTER(Source!$A$2:$B353,Source!$C$2:$C353=SPLIT(F3,"" Points"")),2,TRUE),"""")"),"") | H5: {=IF(COUNTIF(Data!$F$5:$F$71,G5:G7)>0,"X","-")} -> - | I5: {=IF(COUNTIF(#REF!,G5:G7)>0,"X","-")} -> - | K5: =IFERROR(__xludf.DUMMYFUNCTION("IFERROR(SORT(FILTER(Source!$A$2:$B353,Source!$C$2:$C353=SPLIT(K3,"" Points"")),2,TRUE),"""")"),"") | M5: {=IF(COUNTIF(Data!$F$5:$F$71,L5:L7)>0,"X","-")} -> - | N5: {=IF(COUNTIF(#REF!,L5:L7)>0,"X","-")} -> - | P5: =IFERROR(__xludf.DUMMYFUNCTION("IFERROR(SORT(FILTER(Source!$A$2:$B353,Source!$C$2:$C353=SPLIT(P3,"" Points"")),2,TRUE),"""")"),"") | R5: {=IF(COUNTIF(Data!$F$5:$F$71,Q5:Q7)>0,"X","-")} -> - | S5: {=IF(COUNTIF(#REF!,Q5:Q7)>0,"X","-")} -> - | U5: =IFERROR(__xludf.DUMMYFUNCTION("IFERROR(SORT(FILTER(Source!$A$2:$B353,Source!$C$2:$C353=SPLIT(U3,"" Points"")),2,TRUE),"""")"),"") | W5: {=IF(COUNTIF(Data!$F$5:$F$71,V5:V7)>0,"X","-")} -> - | X5: {=IF(COUNTIF(#REF!,V5:V7)>0,"X","-")} -> - | Z5: =IFERROR(__xludf.DUMMYFUNCTION("IFERROR(SORT(FILTER(Source!$A$2:$B353,Source!$C$2:$C353=SPLIT(Z3,"" Points"")),2,TRUE),"""")"),"") | AB5: {=IF(COUNTIF(Data!$F$5:$F$71,AA5:AA8)>0,"X","-")} -> - | AC5: {=IF(COUNTIF(#REF!,AA5:AA8)>0,"X","-")} -> - | AE5: =IFERROR(__xludf.DUMMYFUNCTION("IFERROR(SORT(FILTER(Source!$A$2:$B353,Source!$C$2:$C353=SPLIT(AE3,"" Points"")),2,TRUE),"""")"),"") | AG5: {=IF(COUNTIF(Data!$F$5:$F$71,AF5:AF8)>0,"X","-")} -> - | AH5: {=IF(COUNTIF(#REF!,AF5:AF8)>0,"X","-")} -> - | AJ5: =IFERROR(__xludf.DUMMYFUNCTION("IFERROR(SORT(FILTER(Source!$A$2:$B353,Source!$C$2:$C353=SPLIT(AJ3,"" Points"")),2,TRUE),"""")"),"") | AL5: {=IF(COUNTIF(Data!$F$5:$F$71,AK5:AK10)>0,"X","-")} -> - | AM5: {=IF(COUNTIF(#REF!,AK5:AK10)>0,"X","-")} -> - | AO5: =IFERROR(__xludf.DUMMYFUNCTION("IFERROR(SORT(FILTER(Source!$A$2:$B353,Source!$C$2:$C353=SPLIT(AO3,"" Points"")),2,TRUE),"""")"),"") | AP5: =IFERROR(__xludf.DUMMYFUNCTION("""COMPUTED_VALUE"""),"Gholdengo") -> Gholdengo | AQ5: {=IF(COUNTIF(Data!$F$5:$F$71,AP5:AP6)>0,"X","-")} -> X | AT5: =IFERROR(__xludf.DUMMYFUNCTION("IFERROR(SORT(FILTER(Source!$A$2:$B353,Source!$C$2:$C353=SPLIT(AT3,"" Points"")),2,TRUE),"""")"),"") | AU5: =IFERROR(__xludf.DUMMYFUNCTION("""COMPUTED_VALUE"""),"Annihilape") -> Annihilape | AV5: {=IF(COUNTIF(Data!$F$5:$F$71,AU5:AU6)>0,"X","-")} -> X | AY5: =IFERROR(__xludf.DUMMYFUNCTION("IFERROR(SORT(FILTER(Source!$A$2:$B353,Source!$C$2:$C353=SPLIT(AY3,"" Points"")),2,TRUE),"""")"),"") | AZ5: =IFERROR(__xludf.DUMMYFUNCTION("""COMPUTED_VALUE"""),"Amoonguss") -> Amoonguss | BA5: {=IF(COUNTIF(Data!$F$5:$F$71,AZ5:AZ9)>0,"X","-")} -> X | BD5: =IFERROR(__xludf.DUMMYFUNCTION("IFERROR(SORT(FILTER(Source!$A$2:$B353,Source!$C$2:$C353=SPLIT(BD3,"" Points"")),2,TRUE),"""")"),"") | BE5: =IFERROR(__xludf.DUMMYFUNCTION("""COMPUTED_VALUE"""),"Armarouge") -> Armarouge | BF5: {=IF(COUNTIF(Data!$F$5:$F$71,BE5:BE9)>0,"X","-")} -> X | BI5: =IFERROR(__xludf.DUMMYFUNCTION("IFERROR(SORT(FILTER(Source!$A$2:$B353,Source!$C$2:$C353=SPLIT(BI3,"" Points"")),2,TRUE),"""")"),"") | BJ5: =IFERROR(__xludf.DUMMYFUNCTION("""COMPUTED_VALUE"""),"Arcanine") -> Arcanine | BK5: {=IF(COUNTIF(Data!$F$5:$F$71,BJ5:BJ10)>0,"X","-")} -> X | BN5: =IFERROR(__xludf.DUMMYFUNCTION("IFERROR(SORT(FILTER(Source!$A$2:$B353,Source!$C$2:$C353=SPLIT(BN3,"" Points"")),2,TRUE),"""")"),"") | BO5: =IFERROR(__xludf.DUMMYFUNCTION("""COMPUTED_VALUE"""),"Baxcalibur") -> Baxcalibur | BP5: {=IF(COUNTIF(Data!$F$5:$F$71,BO5:BO15)>0,"X","-")} -> X | BS5: =IFERROR(__xludf.DUMMYFUNCTION("IFERROR(SORT(FILTER(Source!$A$2:$B353,Source!$C$2:$C353=SPLIT(BS3,"" Points"")),2,TRUE),"""")"),"") | BT5: =IFERROR(__xludf.DUMMYFUNCTION("""COMPUTED_VALUE"""),"Ceruledge") -> Ceruledge | BU5: {=IF(COUNTIF(Data!$F$5:$F$71,BT5:BT16)>0,"X","-")} -> - | BX5: =IFERROR(__xludf.DUMMYFUNCTION("IFERROR(SORT(FILTER(Source!$A$2:$B353,Source!$C$2:$C353=SPLIT(BX3,"" Points"")),2,TRUE),"""")"),"") | BY5: =IFERROR(__xludf.DUMMYFUNCTION("""COMPUTED_VALUE"""),"Abomasnow") -> Abomasnow | BZ5: {=IF(COUNTIF(Data!$F$5:$F$71,BY5:BY15)>0,"X","-")} -> X | CC5: =IFERROR(__xludf.DUMMYFUNCTION("IFERROR(SORT(FILTER(Source!$A$2:$B353,Source!$C$2:$C353=SPLIT(CC3,"" Points"")),2,TRUE),"""")"),"") | CD5: =IFERROR(__xludf.DUMMYFUNCTION("""COMPUTED_VALUE"""),"Arboliva") -> Arboliva | CE5: {=IF(COUNTIF(Data!$F$5:$F$71,CD5:CD21)>0,"X","-")} -> X | CH5: =IFERROR(__xludf.DUMMYFUNCTION("IFERROR(SORT(FILTER(Source!$A$2:$B353,Source!$C$2:$C353=SPLIT(CH3,"" Points"")),2,TRUE),"""")"),"") | CI5: =IFERROR(__xludf.DUMMYFUNCTION("""COMPUTED_VALUE"""),"Beartic") -> Beartic | CJ5: {=IF(COUNTIF(Data!$F$5:$F$71,CI5:CI35)>0,"X","-")} -> - | CM5: =IFERROR(__xludf.DUMMYFUNCTION("IFERROR(SORT(FILTER(Source!$A$2:$B353,Source!$C$2:$C353=SPLIT(CM3,"" Points"")),2,TRUE),"""")"),"") | CN5: =IFERROR(__xludf.DUMMYFUNCTION("""COMPUTED_VALUE"""),"Alomomola") -> Alomomola | CO5: {=IF(COUNTIF(Data!$F$5:$F$71,CN5:CN281)>0,"X","-")} -> -
C6: calyrex-ice | D6: Calyrex-Ice | H6: - | I6: - | M6: - | N6: - | R6: - | S6: - | W6: - | X6: - | AB6: - | AC6: - | AG6: - | AH6: - | AL6: - | AM6: - | AO6: =IFERROR(__xludf.DUMMYFUNCTION("""COMPUTED_VALUE"""),"") | AP6: =IFERROR(__xludf.DUMMYFUNCTION("""COMPUTED_VALUE"""),"Meowscarada") -> Meowscarada | AQ6: X | AT6: =IFERROR(__xludf.DUMMYFUNCTION("""COMPUTED_VALUE"""),"") | AU6: =IFERROR(__xludf.DUMMYFUNCTION("""COMPUTED_VALUE"""),"Sylveon") -> Sylveon | AV6: X | AY6: =IFERROR(__xludf.DUMMYFUNCTION("""COMPUTED_VALUE"""),"") | AZ6: =IFERROR(__xludf.DUMMYFUNCTION("""COMPUTED_VALUE"""),"Dondozo") -> Dondozo | BA6: X | BD6: =IFERROR(__xludf.DUMMYFUNCTION("""COMPUTED_VALUE"""),"") | BE6: =IFERROR(__xludf.DUMMYFUNCTION("""COMPUTED_VALUE"""),"Garchomp") -> Garchomp | BF6: X | BI6: =IFERROR(__xludf.DUMMYFUNCTION("""COMPUTED_VALUE"""),"") | BJ6: =IFERROR(__xludf.DUMMYFUNCTION("""COMPUTED_VALUE"""),"Azumarill") -> Azumarill | BK6: X | BN6: =IFERROR(__xludf.DUMMYFUNCTION("""COMPUTED_VALUE"""),"") | BO6: =IFERROR(__xludf.DUMMYFUNCTION("""COMPUTED_VALUE"""),"Garganacl") -> Garganacl | BP6: X | BS6: =IFERROR(__xludf.DUMMYFUNCTION("""COMPUTED_VALUE"""),"") | BT6: =IFERROR(__xludf.DUMMYFUNCTION("""COMPUTED_VALUE"""),"Dragapult") -> Dragapult | BU6: X | BX6: =IFERROR(__xludf.DUMMYFUNCTION("""COMPUTED_VALUE"""),"") | BY6: =IFERROR(__xludf.DUMMYFUNCTION("""COMPUTED_VALUE"""),"Breloom") -> Breloom | BZ6: - | CC6: =IFERROR(__xludf.DUMMYFUNCTION("""COMPUTED_VALUE"""),"") | CD6: =IFERROR(__xludf.DUMMYFUNCTION("""COMPUTED_VALUE"""),"Avalugg") -> Avalugg | CE6: - | CH6: =IFERROR(__xludf.DUMMYFUNCTION("""COMPUTED_VALUE"""),"") | CI6: =IFERROR(__xludf.DUMMYFUNCTION("""COMPUTED_VALUE"""),"Brambleghast") -> Brambleghast | CJ6: - | CM6: =IFERROR(__xludf.DUMMYFUNCTION("""COMPUTED_VALUE"""),"") | CN6: =IFERROR(__xludf.DUMMYFUNCTION("""COMPUTED_VALUE"""),"Altaria") -> Altaria | CO6: -
C7: calyrex-shadow | D7: Calyrex-Shadow | H7: - | I7: - | M7: - | N7: - | R7: - | S7: - | W7: - | X7: - | AB7: - | AC7: - | AG7: - | AH7: - | AL7: - | AM7: - | AY7: =IFERROR(__xludf.DUMMYFUNCTION("""COMPUTED_VALUE"""),"") | AZ7: =IFERROR(__xludf.DUMMYFUNCTION("""COMPUTED_VALUE"""),"Hydreigon") -> Hydreigon | BA7: X | BD7: =IFERROR(__xludf.DUMMYFUNCTION("""COMPUTED_VALUE"""),"") | BE7: =IFERROR(__xludf.DUMMYFUNCTION("""COMPUTED_VALUE"""),"Grimmsnarl") -> Grimmsnarl | BF7: - | BI7: =IFERROR(__xludf.DUMMYFUNCTION("""COMPUTED_VALUE"""),"") | BJ7: =IFERROR(__xludf.DUMMYFUNCTION("""COMPUTED_VALUE"""),"Dragonite") -> Dragonite | BK7: X | BN7: =IFERROR(__xludf.DUMMYFUNCTION("""COMPUTED_VALUE"""),"") | BO7: =IFERROR(__xludf.DUMMYFUNCTION("""COMPUTED_VALUE"""),"Indeedee-Male") -> Indeedee-Male | BP7: - | BS7: =IFERROR(__xludf.DUMMYFUNCTION("""COMPUTED_VALUE"""),"") | BT7: =IFERROR(__xludf.DUMMYFUNCTION("""COMPUTED_VALUE"""),"Farigiraf") -> Farigiraf | BU7: X | BX7: =IFERROR(__xludf.DUMMYFUNCTION("""COMPUTED_VALUE"""),"") | BY7: =IFERROR(__xludf.DUMMYFUNCTION("""COMPUTED_VALUE"""),"Flamigo") -> Flamigo | BZ7: X | CC7: =IFERROR(__xludf.DUMMYFUNCTION("""COMPUTED_VALUE"""),"") | CD7: =IFERROR(__xludf.DUMMYFUNCTION("""COMPUTED_VALUE"""),"Barraskewda") -> Barraskewda | CE7: - | CH7: =IFERROR(__xludf.DUMMYFUNCTION("""COMPUTED_VALUE"""),"") | CI7: =IFERROR(__xludf.DUMMYFUNCTION("""COMPUTED_VALUE"""),"Bronzong") -> Bronzong | CJ7: - | CM7: =IFERROR(__xludf.DUMMYFUNCTION("""COMPUTED_VALUE"""),"") | CN7: =IFERROR(__xludf.DUMMYFUNCTION("""COMPUTED_VALUE"""),"Ampharos") -> Ampharos | CO7: -
C8: dialga | D8: Dialga | M8: X | N8: X | W8: - | X8: - | AB8: - | AC8: - | AG8: - | AH8: - | AL8: - | AM8: - | AY8: =IFERROR(__xludf.DUMMYFUNCTION("""COMPUTED_VALUE"""),"") | AZ8: =IFERROR(__xludf.DUMMYFUNCTION("""COMPUTED_VALUE"""),"Murkrow") -> Murkrow | BA8: X | BD8: =IFERROR(__xludf.DUMMYFUNCTION("""COMPUTED_VALUE"""),"") | BE8: =IFERROR(__xludf.DUMMYFUNCTION("""COMPUTED_VALUE"""),"Kingambit") -> Kingambit | BF8: X | BI8: =IFERROR(__xludf.DUMMYFUNCTION("""COMPUTED_VALUE"""),"") | BJ8: =IFERROR(__xludf.DUMMYFUNCTION("""COMPUTED_VALUE"""),"Indeedee-Female") -> Indeedee-Female | BK8: X | BN8: =IFERROR(__xludf.DUMMYFUNCTION("""COMPUTED_VALUE"""),"") | BO8: =IFERROR(__xludf.DUMMYFUNCTION("""COMPUTED_VALUE"""),"Mimikyu") -> Mimikyu | BP8: X | BS8: =IFERROR(__xludf.DUMMYFUNCTION("""COMPUTED_VALUE"""),"") | BT8: =IFERROR(__xludf.DUMMYFUNCTION("""COMPUTED_VALUE"""),"Gallade") -> Gallade | BU8: X | BX8: =IFERROR(__xludf.DUMMYFUNCTION("""COMPUTED_VALUE"""),"") | BY8: =IFERROR(__xludf.DUMMYFUNCTION("""COMPUTED_VALUE"""),"Gardevoir") -> Gardevoir | BZ8: - | CC8: =IFERROR(__xludf.DUMMYFUNCTION("""COMPUTED_VALUE"""),"") | CD8: =IFERROR(__xludf.DUMMYFUNCTION("""COMPUTED_VALUE"""),"Bellibolt") -> Bellibolt | CE8: - | CH8: =IFERROR(__xludf.DUMMYFUNCTION("""COMPUTED_VALUE"""),"") | CI8: =IFERROR(__xludf.DUMMYFUNCTION("""COMPUTED_VALUE"""),"Coalossal") -> Coalossal | CJ8: - | CM8: =IFERROR(__xludf.DUMMYFUNCTION("""COMPUTED_VALUE"""),"") | CN8: =IFERROR(__xludf.DUMMYFUNCTION("""COMPUTED_VALUE"""),"Appletun") -> Appletun | CO8: -
C9: eternatus | D9: Eternatus | M9: - | N9: - | AL9: - | AM9: - | AY9: =IFERROR(__xludf.DUMMYFUNCTION("""COMPUTED_VALUE"""),"") | AZ9: =IFERROR(__xludf.DUMMYFUNCTION("""COMPUTED_VALUE"""),"Tatsugiri") -> Tatsugiri | BA9: X | BD9: =IFERROR(__xludf.DUMMYFUNCTION("""COMPUTED_VALUE"""),"") | BE9: =IFERROR(__xludf.DUMMYFUNCTION("""COMPUTED_VALUE"""),"Maushold") -> Maushold | BF9: X | BI9: =IFERROR(__xludf.DUMMYFUNCTION("""COMPUTED_VALUE"""),"") | BJ9: =IFERROR(__xludf.DUMMYFUNCTION("""COMPUTED_VALUE"""),"Talonflame") -> Talonflame | BK9: X | BN9: =IFERROR(__xludf.DUMMYFUNCTION("""COMPUTED_VALUE"""),"") | BO9: =IFERROR(__xludf.DUMMYFUNCTION("""COMPUTED_VALUE"""),"Palafin") -> Palafin | BP9: X | BS9: =IFERROR(__xludf.DUMMYFUNCTION("""COMPUTED_VALUE"""),"") | BT9: =IFERROR(__xludf.DUMMYFUNCTION("""COMPUTED_VALUE"""),"Gengar") -> Gengar | BU9: X | BX9: =IFERROR(__xludf.DUMMYFUNCTION("""COMPUTED_VALUE"""),"") | BY9: =IFERROR(__xludf.DUMMYFUNCTION("""COMPUTED_VALUE"""),"Gastrodon") -> Gastrodon | BZ9: X | CC9: =IFERROR(__xludf.DUMMYFUNCTION("""COMPUTED_VALUE"""),"") | CD9: =IFERROR(__xludf.DUMMYFUNCTION("""COMPUTED_VALUE"""),"Cetitan") -> Cetitan | CE9: X | CH9: =IFERROR(__xludf.DUMMYFUNCTION("""COMPUTED_VALUE"""),"") | CI9: =IFERROR(__xludf.DUMMYFUNCTION("""COMPUTED_VALUE"""),"Cyclizar") -> Cyclizar | CJ9: - | CM9: =IFERROR(__xludf.DUMMYFUNCTION("""COMPUTED_VALUE"""),"") | CN9: =IFERROR(__xludf.DUMMYFUNCTION("""COMPUTED_VALUE"""),"Applin") -> Applin | CO9: -
C10: giratina | D10: Giratina | AL10: - | AM10: - | BI10: =IFERROR(__xludf.DUMMYFUNCTION("""COMPUTED_VALUE"""),"") | BJ10: =IFERROR(__xludf.DUMMYFUNCTION("""COMPUTED_VALUE"""),"Volcarona") -> Volcarona | BK10: X | BN10: =IFERROR(__xludf.DUMMYFUNCTION("""COMPUTED_VALUE"""),"") | BO10: =IFERROR(__xludf.DUMMYFUNCTION("""COMPUTED_VALUE"""),"Paldean Tauros (Fire)") -> Paldean Tauros (Fire) | BP10: X | BS10: =IFERROR(__xludf.DUMMYFUNCTION("""COMPUTED_VALUE"""),"") | BT10: =IFERROR(__xludf.DUMMYFUNCTION("""COMPUTED_VALUE"""),"Gothitelle") -> Gothitelle | BU10: X | BX10: =IFERROR(__xludf.DUMMYFUNCTION("""COMPUTED_VALUE"""),"") | BY10: =IFERROR(__xludf.DUMMYFUNCTION("""COMPUTED_VALUE"""),"Gyarados") -> Gyarados | BZ10: - | CC10: =IFERROR(__xludf.DUMMYFUNCTION("""COMPUTED_VALUE"""),"") | CD10: =IFERROR(__xludf.DUMMYFUNCTION("""COMPUTED_VALUE"""),"Clodsire") -> Clodsire | CE10: - | CH10: =IFERROR(__xludf.DUMMYFUNCTION("""COMPUTED_VALUE"""),"") | CI10: =IFERROR(__xludf.DUMMYFUNCTION("""COMPUTED_VALUE"""),"Dachsbun") -> Dachsbun | CJ10: - | CM10: =IFERROR(__xludf.DUMMYFUNCTION("""COMPUTED_VALUE"""),"") | CN10: =IFERROR(__xludf.DUMMYFUNCTION("""COMPUTED_VALUE"""),"Arctibax") -> Arctibax | CO10: -
C11: giratina-origin | D11: Giratina-Origin | AL11: - | AM11: - | BN11: =IFERROR(__xludf.DUMMYFUNCTION("""COMPUTED_VALUE"""),"") | BO11: =IFERROR(__xludf.DUMMYFUNCTION("""COMPUTED_VALUE"""),"Paldean Tauros (Water)") -> Paldean Tauros (Water) | BP11: - | BS11: =IFERROR(__xludf.DUMMYFUNCTION("""COMPUTED_VALUE"""),"") | BT11: =IFERROR(__xludf.DUMMYFUNCTION("""COMPUTED_VALUE"""),"Hariyama") -> Hariyama | BU11: X | BX11: =IFERROR(__xludf.DUMMYFUNCTION("""COMPUTED_VALUE"""),"") | BY11: =IFERROR(__xludf.DUMMYFUNCTION("""COMPUTED_VALUE"""),"Jumpluff") -> Jumpluff | BZ11: - | CC11: =IFERROR(__xludf.DUMMYFUNCTION("""COMPUTED_VALUE"""),"") | CD11: =IFERROR(__xludf.DUMMYFUNCTION("""COMPUTED_VALUE"""),"Corviknight") -> Corviknight | CE11: - | CH11: =IFERROR(__xludf.DUMMYFUNCTION("""COMPUTED_VALUE"""),"") | CI11: =IFERROR(__xludf.DUMMYFUNCTION("""COMPUTED_VALUE"""),"Donphan") -> Donphan | CJ11: - | CM11: =IFERROR(__xludf.DUMMYFUNCTION("""COMPUTED_VALUE"""),"") | CN11: =IFERROR(__xludf.DUMMYFUNCTION("""COMPUTED_VALUE"""),"Arrokuda") -> Arrokuda | CO11: -
C12: groudon | D12: Groudon | BN12: =IFERROR(__xludf.DUMMYFUNCTION("""COMPUTED_VALUE"""),"") | BO12: =IFERROR(__xludf.DUMMYFUNCTION("""COMPUTED_VALUE"""),"Pelipper") -> Pelipper | BP12: X | BS12: =IFERROR(__xludf.DUMMYFUNCTION("""COMPUTED_VALUE"""),"") | BT12: =IFERROR(__xludf.DUMMYFUNCTION("""COMPUTED_VALUE"""),"Kilowattrel") -> Kilowattrel | BU12: X | BX12: =IFERROR(__xludf.DUMMYFUNCTION("""COMPUTED_VALUE"""),"") | BY12: =IFERROR(__xludf.DUMMYFUNCTION("""COMPUTED_VALUE"""),"Oranguru") -> Oranguru | BZ12: X | CC12: =IFERROR(__xludf.DUMMYFUNCTION("""COMPUTED_VALUE"""),"") | CD12: =IFERROR(__xludf.DUMMYFUNCTION("""COMPUTED_VALUE"""),"Cryogonal") -> Cryogonal | CE12: - | CH12: =IFERROR(__xludf.DUMMYFUNCTION("""COMPUTED_VALUE"""),"") | CI12: =IFERROR(__xludf.DUMMYFUNCTION("""COMPUTED_VALUE"""),"Dragalge") -> Dragalge | CJ12: - | CM12: =IFERROR(__xludf.DUMMYFUNCTION("""COMPUTED_VALUE"""),"") | CN12: =IFERROR(__xludf.DUMMYFUNCTION("""COMPUTED_VALUE"""),"Axew") -> Axew | CO12: -
C13: groudon-primal | D13: Groudon-Primal | BN13: =IFERROR(__xludf.DUMMYFUNCTION("""COMPUTED_VALUE"""),"") | BO13: =IFERROR(__xludf.DUMMYFUNCTION("""COMPUTED_VALUE"""),"Skeledirge") -> Skeledirge | BP13: X | BS13: =IFERROR(__xludf.DUMMYFUNCTION("""COMPUTED_VALUE"""),"") | BT13: =IFERROR(__xludf.DUMMYFUNCTION("""COMPUTED_VALUE"""),"Lycanroc-Dusk") -> Lycanroc-Dusk | BU13: X | BX13: =IFERROR(__xludf.DUMMYFUNCTION("""COMPUTED_VALUE"""),"") | BY13: =IFERROR(__xludf.DUMMYFUNCTION("""COMPUTED_VALUE"""),"Quaquaval") -> Quaquaval | BZ13: X | CC13: =IFERROR(__xludf.DUMMYFUNCTION("""COMPUTED_VALUE"""),"") | CD13: =IFERROR(__xludf.DUMMYFUNCTION("""COMPUTED_VALUE"""),"Drednaw") -> Drednaw | CE13: - | CH13: =IFERROR(__xludf.DUMMYFUNCTION("""COMPUTED_VALUE"""),"") | CI13: =IFERROR(__xludf.DUMMYFUNCTION("""COMPUTED_VALUE"""),"Drifblim") -> Drifblim | CJ13: - | CM13: =IFERROR(__xludf.DUMMYFUNCTION("""COMPUTED_VALUE"""),"") | CN13: =IFERROR(__xludf.DUMMYFUNCTION("""COMPUTED_VALUE"""),"Bagon") -> Bagon | CO13: -
C14: hooh | D14: Ho-Oh | BN14: =IFERROR(__xludf.DUMMYFUNCTION("""COMPUTED_VALUE"""),"") | BO14: =IFERROR(__xludf.DUMMYFUNCTION("""COMPUTED_VALUE"""),"Torkoal") -> Torkoal | BP14: X | BS14: =IFERROR(__xludf.DUMMYFUNCTION("""COMPUTED_VALUE"""),"") | BT14: =IFERROR(__xludf.DUMMYFUNCTION("""COMPUTED_VALUE"""),"Pawmot") -> Pawmot | BU14: X | BX14: =IFERROR(__xludf.DUMMYFUNCTION("""COMPUTED_VALUE"""),"") | BY14: =IFERROR(__xludf.DUMMYFUNCTION("""COMPUTED_VALUE"""),"Salamence") -> Salamence | BZ14: X | CC14: =IFERROR(__xludf.DUMMYFUNCTION("""COMPUTED_VALUE"""),"") | CD14: =IFERROR(__xludf.DUMMYFUNCTION("""COMPUTED_VALUE"""),"Floatzel") -> Floatzel | CE14: - | CH14: =IFERROR(__xludf.DUMMYFUNCTION("""COMPUTED_VALUE"""),"") | CI14: =IFERROR(__xludf.DUMMYFUNCTION("""COMPUTED_VALUE"""),"Dudunsparce") -> Dudunsparce | CJ14: - | CM14: =IFERROR(__xludf.DUMMYFUNCTION("""COMPUTED_VALUE"""),"") | CN14: =IFERROR(__xludf.DUMMYFUNCTION("""COMPUTED_VALUE"""),"Banette") -> Banette | CO14: -
C15: kyogre | D15: Kyogre | BN15: =IFERROR(__xludf.DUMMYFUNCTION("""COMPUTED_VALUE"""),"") | BO15: =IFERROR(__xludf.DUMMYFUNCTION("""COMPUTED_VALUE"""),"Tyranitar") -> Tyranitar | BP15: X | BS15: =IFERROR(__xludf.DUMMYFUNCTION("""COMPUTED_VALUE"""),"") | BT15: =IFERROR(__xludf.DUMMYFUNCTION("""COMPUTED_VALUE"""),"Rotom-Heat") -> Rotom-Heat | BU15: - | BX15: =IFERROR(__xludf.DUMMYFUNCTION("""COMPUTED_VALUE"""),"") | BY15: =IFERROR(__xludf.DUMMYFUNCTION("""COMPUTED_VALUE"""),"Tinkaton") -> Tinkaton | BZ15: - | CC15: =IFERROR(__xludf.DUMMYFUNCTION("""COMPUTED_VALUE"""),"") | CD15: =IFERROR(__xludf.DUMMYFUNCTION("""COMPUTED_VALUE"""),"Glimmora") -> Glimmora | CE15: - | CH15: =IFERROR(__xludf.DUMMYFUNCTION("""COMPUTED_VALUE"""),"") | CI15: =IFERROR(__xludf.DUMMYFUNCTION("""COMPUTED_VALUE"""),"Espathra") -> Espathra | CJ15: X | CM15: =IFERROR(__xludf.DUMMYFUNCTION("""COMPUTED_VALUE"""),"") | CN15: =IFERROR(__xludf.DUMMYFUNCTION("""COMPUTED_VALUE"""),"Barboach") -> Barboach | CO15: -
C16: kyogre-primal | D16: Kyogre-Primal | BS16: =IFERROR(__xludf.DUMMYFUNCTION("""COMPUTED_VALUE"""),"") | BT16: =IFERROR(__xludf.DUMMYFUNCTION("""COMPUTED_VALUE"""),"Rotom-Wash") -> Rotom-Wash | BU16: - | CC16: =IFERROR(__xludf.DUMMYFUNCTION("""COMPUTED_VALUE"""),"") | CD16: =IFERROR(__xludf.DUMMYFUNCTION("""COMPUTED_VALUE"""),"Hatterene") -> Hatterene | CE16: - | CH16: =IFERROR(__xludf.DUMMYFUNCTION("""COMPUTED_VALUE"""),"") | CI16: =IFERROR(__xludf.DUMMYFUNCTION("""COMPUTED_VALUE"""),"Goodra") -> Goodra | CJ16: - | CM16: =IFERROR(__xludf.DUMMYFUNCTION("""COMPUTED_VALUE"""),"") | CN16: =IFERROR(__xludf.DUMMYFUNCTION("""COMPUTED_VALUE"""),"Basculin") -> Basculin | CO16: -
C17: kyurem-black | D17: Kyurem-Black | CC17: =IFERROR(__xludf.DUMMYFUNCTION("""COMPUTED_VALUE"""),"") | CD17: =IFERROR(__xludf.DUMMYFUNCTION("""COMPUTED_VALUE"""),"Salazzle") -> Salazzle | CE17: - | CH17: =IFERROR(__xludf.DUMMYFUNCTION("""COMPUTED_VALUE"""),"") | CI17: =IFERROR(__xludf.DUMMYFUNCTION("""COMPUTED_VALUE"""),"Gothorita") -> Gothorita | CJ17: - | CM17: =IFERROR(__xludf.DUMMYFUNCTION("""COMPUTED_VALUE"""),"") | CN17: =IFERROR(__xludf.DUMMYFUNCTION("""COMPUTED_VALUE"""),"Bergmite") -> Bergmite | CO17: -
C18: kyurem-white | D18: Kyurem-White | CC18: =IFERROR(__xludf.DUMMYFUNCTION("""COMPUTED_VALUE"""),"") | CD18: =IFERROR(__xludf.DUMMYFUNCTION("""COMPUTED_VALUE"""),"Scizor") -> Scizor | CE18: X | CH18: =IFERROR(__xludf.DUMMYFUNCTION("""COMPUTED_VALUE"""),"") | CI18: =IFERROR(__xludf.DUMMYFUNCTION("""COMPUTED_VALUE"""),"Grafaiai") -> Grafaiai | CJ18: X | CM18: =IFERROR(__xludf.DUMMYFUNCTION("""COMPUTED_VALUE"""),"") | CN18: =IFERROR(__xludf.DUMMYFUNCTION("""COMPUTED_VALUE"""),"Bisharp") -> Bisharp | CO18: -
C19: lugia | D19: Lugia | CC19: =IFERROR(__xludf.DUMMYFUNCTION("""COMPUTED_VALUE"""),"") | CD19: =IFERROR(__xludf.DUMMYFUNCTION("""COMPUTED_VALUE"""),"Toxapex") -> Toxapex | CE19: X | CH19: =IFERROR(__xludf.DUMMYFUNCTION("""COMPUTED_VALUE"""),"") | CI19: =IFERROR(__xludf.DUMMYFUNCTION("""COMPUTED_VALUE"""),"Houndstone") -> Houndstone | CJ19: - | CM19: =IFERROR(__xludf.DUMMYFUNCTION("""COMPUTED_VALUE"""),"") | CN19: =IFERROR(__xludf.DUMMYFUNCTION("""COMPUTED_VALUE"""),"Blissey") -> Blissey | CO19: -
C20: lunala | D20: Lunala | CC20: =IFERROR(__xludf.DUMMYFUNCTION("""COMPUTED_VALUE"""),"") | CD20: =IFERROR(__xludf.DUMMYFUNCTION("""COMPUTED_VALUE"""),"Tsareena") -> Tsareena | CE20: - | CH20: =IFERROR(__xludf.DUMMYFUNCTION("""COMPUTED_VALUE"""),"") | CI20: =IFERROR(__xludf.DUMMYFUNCTION("""COMPUTED_VALUE"""),"Lilligant") -> Lilligant | CJ20: X | CM20: =IFERROR(__xludf.DUMMYFUNCTION("""COMPUTED_VALUE"""),"") | CN20: =IFERROR(__xludf.DUMMYFUNCTION("""COMPUTED_VALUE"""),"Bombirdier") -> Bombirdier | CO20: -
C21: magearna | D21: Magearna | CC21: =IFERROR(__xludf.DUMMYFUNCTION("""COMPUTED_VALUE"""),"") | CD21: =IFERROR(__xludf.DUMMYFUNCTION("""COMPUTED_VALUE"""),"Vaporeon") -> Vaporeon | CE21: - | CH21: =IFERROR(__xludf.DUMMYFUNCTION("""COMPUTED_VALUE"""),"") | CI21: =IFERROR(__xludf.DUMMYFUNCTION("""COMPUTED_VALUE"""),"Magnezone") -> Magnezone | CJ21: X | CM21: =IFERROR(__xludf.DUMMYFUNCTION("""COMPUTED_VALUE"""),"") | CN21: =IFERROR(__xludf.DUMMYFUNCTION("""COMPUTED_VALUE"""),"Bounsweet") -> Bounsweet | CO21: -
C22: mewtwo | D22: Mewtwo | CH22: =IFERROR(__xludf.DUMMYFUNCTION("""COMPUTED_VALUE"""),"") | CI22: =IFERROR(__xludf.DUMMYFUNCTION("""COMPUTED_VALUE"""),"Mismagius") -> Mismagius | CJ22: - | CM22: =IFERROR(__xludf.DUMMYFUNCTION("""COMPUTED_VALUE"""),"") | CN22: =IFERROR(__xludf.DUMMYFUNCTION("""COMPUTED_VALUE"""),"Bramblin") -> Bramblin | CO22: -
D23: Mewtwo-Mega X | CH23: =IFERROR(__xludf.DUMMYFUNCTION("""COMPUTED_VALUE"""),"") | CI23: =IFERROR(__xludf.DUMMYFUNCTION("""COMPUTED_VALUE"""),"Mudsdale") -> Mudsdale | CJ23: X | CM23: =IFERROR(__xludf.DUMMYFUNCTION("""COMPUTED_VALUE"""),"") | CN23: =IFERROR(__xludf.DUMMYFUNCTION("""COMPUTED_VALUE"""),"Braviary") -> Braviary | CO23: -
D24: Mewtwo-Mega Y | CH24: =IFERROR(__xludf.DUMMYFUNCTION("""COMPUTED_VALUE"""),"") | CI24: =IFERROR(__xludf.DUMMYFUNCTION("""COMPUTED_VALUE"""),"Noivern") -> Noivern | CJ24: - | CM24: =IFERROR(__xludf.DUMMYFUNCTION("""COMPUTED_VALUE"""),"") | CN24: =IFERROR(__xludf.DUMMYFUNCTION("""COMPUTED_VALUE"""),"Bronzor") -> Bronzor | CO24: -
C25: necrozma-dawnwings | D25: Necrozma-Dawn | CH25: =IFERROR(__xludf.DUMMYFUNCTION("""COMPUTED_VALUE"""),"") | CI25: =IFERROR(__xludf.DUMMYFUNCTION("""COMPUTED_VALUE"""),"Orthworm") -> Orthworm | CJ25: X | CM25: =IFERROR(__xludf.DUMMYFUNCTION("""COMPUTED_VALUE"""),"") | CN25: =IFERROR(__xludf.DUMMYFUNCTION("""COMPUTED_VALUE"""),"Bruxish") -> Bruxish | CO25: -
C26: necrozma-duskmane | D26: Necrozma-Dusk | CH26: =IFERROR(__xludf.DUMMYFUNCTION("""COMPUTED_VALUE"""),"") | CI26: =IFERROR(__xludf.DUMMYFUNCTION("""COMPUTED_VALUE"""),"Pachirisu") -> Pachirisu | CJ26: X | CM26: =IFERROR(__xludf.DUMMYFUNCTION("""COMPUTED_VALUE"""),"") | CN26: =IFERROR(__xludf.DUMMYFUNCTION("""COMPUTED_VALUE"""),"Buizel") -> Buizel | CO26: -
C27: necrozma-ultra | D27: Necrozma-Ultra | CH27: =IFERROR(__xludf.DUMMYFUNCTION("""COMPUTED_VALUE"""),"") | CI27: =IFERROR(__xludf.DUMMYFUNCTION("""COMPUTED_VALUE"""),"Rabsca") -> Rabsca | CJ27: - | CM27: =IFERROR(__xludf.DUMMYFUNCTION("""COMPUTED_VALUE"""),"") | CN27: =IFERROR(__xludf.DUMMYFUNCTION("""COMPUTED_VALUE"""),"Cacnea") -> Cacnea | CO27: -
C28: palkia | D28: Palkia | CH28: =IFERROR(__xludf.DUMMYFUNCTION("""COMPUTED_VALUE"""),"") | CI28: =IFERROR(__xludf.DUMMYFUNCTION("""COMPUTED_VALUE"""),"Raichu") -> Raichu | CJ28: X | CM28: =IFERROR(__xludf.DUMMYFUNCTION("""COMPUTED_VALUE"""),"") | CN28: =IFERROR(__xludf.DUMMYFUNCTION("""COMPUTED_VALUE"""),"Cacturne") -> Cacturne | CO28: -
C29: rayquaza | D29: Rayquaza | CH29: =IFERROR(__xludf.DUMMYFUNCTION("""COMPUTED_VALUE"""),"") | CI29: =IFERROR(__xludf.DUMMYFUNCTION("""COMPUTED_VALUE"""),"Rotom-Mow") -> Rotom-Mow | CJ29: - | CM29: =IFERROR(__xludf.DUMMYFUNCTION("""COMPUTED_VALUE"""),"") | CN29: =IFERROR(__xludf.DUMMYFUNCTION("""COMPUTED_VALUE"""),"Camerupt") -> Camerupt | CO29: X
C30: reshiram | D30: Reshiram | CH30: =IFERROR(__xludf.DUMMYFUNCTION("""COMPUTED_VALUE"""),"") | CI30: =IFERROR(__xludf.DUMMYFUNCTION("""COMPUTED_VALUE"""),"Sableye") -> Sableye | CJ30: - | CM30: =IFERROR(__xludf.DUMMYFUNCTION("""COMPUTED_VALUE"""),"") | CN30: =IFERROR(__xludf.DUMMYFUNCTION("""COMPUTED_VALUE"""),"Capsakid") -> Capsakid | CO30: -
C31: solgaleo | D31: Solgaleo | CH31: =IFERROR(__xludf.DUMMYFUNCTION("""COMPUTED_VALUE"""),"") | CI31: =IFERROR(__xludf.DUMMYFUNCTION("""COMPUTED_VALUE"""),"Scovillain") -> Scovillain | CJ31: - | CM31: =IFERROR(__xludf.DUMMYFUNCTION("""COMPUTED_VALUE"""),"") | CN31: =IFERROR(__xludf.DUMMYFUNCTION("""COMPUTED_VALUE"""),"Carkol") -> Carkol | CO31: -
C32: xerneas | D32: Xerneas | CH32: =IFERROR(__xludf.DUMMYFUNCTION("""COMPUTED_VALUE"""),"") | CI32: =IFERROR(__xludf.DUMMYFUNCTION("""COMPUTED_VALUE"""),"Slaking") -> Slaking | CJ32: X | CM32: =IFERROR(__xludf.DUMMYFUNCTION("""COMPUTED_VALUE"""),"") | CN32: =IFERROR(__xludf.DUMMYFUNCTION("""COMPUTED_VALUE"""),"Cetoddle") -> Cetoddle | CO32: -
C33: yveltal | D33: Yveltal | CH33: =IFERROR(__xludf.DUMMYFUNCTION("""COMPUTED_VALUE"""),"") | CI33: =IFERROR(__xludf.DUMMYFUNCTION("""COMPUTED_VALUE"""),"Slowking") -> Slowking | CJ33: - | CM33: =IFERROR(__xludf.DUMMYFUNCTION("""COMPUTED_VALUE"""),"") | CN33: =IFERROR(__xludf.DUMMYFUNCTION("""COMPUTED_VALUE"""),"Chansey") -> Chansey | CO33: X
C34: zacian | D34: Zacian | CH34: =IFERROR(__xludf.DUMMYFUNCTION("""COMPUTED_VALUE"""),"") | CI34: =IFERROR(__xludf.DUMMYFUNCTION("""COMPUTED_VALUE"""),"Spiritomb") -> Spiritomb | CJ34: - | CM34: =IFERROR(__xludf.DUMMYFUNCTION("""COMPUTED_VALUE"""),"") | CN34: =IFERROR(__xludf.DUMMYFUNCTION("""COMPUTED_VALUE"""),"Charcadet") -> Charcadet | CO34: -
D35: Zacian-C | CH35: =IFERROR(__xludf.DUMMYFUNCTION("""COMPUTED_VALUE"""),"") | CI35: =IFERROR(__xludf.DUMMYFUNCTION("""COMPUTED_VALUE"""),"Toedscruel") -> Toedscruel | CJ35: - | CM35: =IFERROR(__xludf.DUMMYFUNCTION("""COMPUTED_VALUE"""),"") | CN35: =IFERROR(__xludf.DUMMYFUNCTION("""COMPUTED_VALUE"""),"Chewtle") -> Chewtle | CO35: -
C36: zamazenta | D36: Zamazenta | CH36: =IFERROR(__xludf.DUMMYFUNCTION("""COMPUTED_VALUE"""),"") | CI36: =IFERROR(__xludf.DUMMYFUNCTION("""COMPUTED_VALUE"""),"Toxtricity") -> Toxtricity | CJ36: - | CM36: =IFERROR(__xludf.DUMMYFUNCTION("""COMPUTED_VALUE"""),"") | CN36: =IFERROR(__xludf.DUMMYFUNCTION("""COMPUTED_VALUE"""),"Clauncher") -> Clauncher | CO36: -
D37: Zamazenta-C | CH37: =IFERROR(__xludf.DUMMYFUNCTION("""COMPUTED_VALUE"""),"") | CI37: =IFERROR(__xludf.DUMMYFUNCTION("""COMPUTED_VALUE"""),"Weavile") -> Weavile | CJ37: - | CM37: =IFERROR(__xludf.DUMMYFUNCTION("""COMPUTED_VALUE"""),"") | CN37: =IFERROR(__xludf.DUMMYFUNCTION("""COMPUTED_VALUE"""),"Clawitzer") -> Clawitzer | CO37: -
C38: zekrom | D38: Zekrom | CM38: =IFERROR(__xludf.DUMMYFUNCTION("""COMPUTED_VALUE"""),"") | CN38: =IFERROR(__xludf.DUMMYFUNCTION("""COMPUTED_VALUE"""),"Cloyster") -> Cloyster | CO38: -
D39: Zygarde-C | CM39: =IFERROR(__xludf.DUMMYFUNCTION("""COMPUTED_VALUE"""),"") | CN39: =IFERROR(__xludf.DUMMYFUNCTION("""COMPUTED_VALUE"""),"Combee") -> Combee | CO39: -
CM40: =IFERROR(__xludf.DUMMYFUNCTION("""COMPUTED_VALUE"""),"") | CN40: =IFERROR(__xludf.DUMMYFUNCTION("""COMPUTED_VALUE"""),"Copperajah") -> Copperajah | CO40: -
CM41: =IFERROR(__xludf.DUMMYFUNCTION("""COMPUTED_VALUE"""),"") | CN41: =IFERROR(__xludf.DUMMYFUNCTION("""COMPUTED_VALUE"""),"Corvisquire") -> Corvisquire | CO41: -
CM42: =IFERROR(__xludf.DUMMYFUNCTION("""COMPUTED_VALUE"""),"") | CN42: =IFERROR(__xludf.DUMMYFUNCTION("""COMPUTED_VALUE"""),"Crabominable") -> Crabominable | CO42: -
CM43: =IFERROR(__xludf.DUMMYFUNCTION("""COMPUTED_VALUE"""),"") | CN43: =IFERROR(__xludf.DUMMYFUNCTION("""COMPUTED_VALUE"""),"Crabrawler") -> Crabrawler | CO43: -
CM44: =IFERROR(__xludf.DUMMYFUNCTION("""COMPUTED_VALUE"""),"") | CN44: =IFERROR(__xludf.DUMMYFUNCTION("""COMPUTED_VALUE"""),"Croagunk") -> Croagunk | CO44: -
CM45: =IFERROR(__xludf.DUMMYFUNCTION("""COMPUTED_VALUE"""),"") | CN45: =IFERROR(__xludf.DUMMYFUNCTION("""COMPUTED_VALUE"""),"Crocalor") -> Crocalor | CO45: -
CM46: =IFERROR(__xludf.DUMMYFUNCTION("""COMPUTED_VALUE"""),"") | CN46: =IFERROR(__xludf.DUMMYFUNCTION("""COMPUTED_VALUE"""),"Cubchoo") -> Cubchoo | CO46: -
CM47: =IFERROR(__xludf.DUMMYFUNCTION("""COMPUTED_VALUE"""),"") | CN47: =IFERROR(__xludf.DUMMYFUNCTION("""COMPUTED_VALUE"""),"Cufant") -> Cufant | CO47: -
CM48: =IFERROR(__xludf.DUMMYFUNCTION("""COMPUTED_VALUE"""),"") | CN48: =IFERROR(__xludf.DUMMYFUNCTION("""COMPUTED_VALUE"""),"Dedenne") -> Dedenne | CO48: -
CM49: =IFERROR(__xludf.DUMMYFUNCTION("""COMPUTED_VALUE"""),"") | CN49: =IFERROR(__xludf.DUMMYFUNCTION("""COMPUTED_VALUE"""),"Deerling") -> Deerling | CO49: -
CM50: =IFERROR(__xludf.DUMMYFUNCTION("""COMPUTED_VALUE"""),"") | CN50: =IFERROR(__xludf.DUMMYFUNCTION("""COMPUTED_VALUE"""),"Deino") -> Deino | CO50: -
CM51: =IFERROR(__xludf.DUMMYFUNCTION("""COMPUTED_VALUE"""),"") | CN51: =IFERROR(__xludf.DUMMYFUNCTION("""COMPUTED_VALUE"""),"Delibird") -> Delibird | CO51: -
CM52: =IFERROR(__xludf.DUMMYFUNCTION("""COMPUTED_VALUE"""),"") | CN52: =IFERROR(__xludf.DUMMYFUNCTION("""COMPUTED_VALUE"""),"Diglett") -> Diglett | CO52: -
CM53: =IFERROR(__xludf.DUMMYFUNCTION("""COMPUTED_VALUE"""),"") | CN53: =IFERROR(__xludf.DUMMYFUNCTION("""COMPUTED_VALUE"""),"Ditto") -> Ditto | CO53: -
CM54: =IFERROR(__xludf.DUMMYFUNCTION("""COMPUTED_VALUE"""),"") | CN54: =IFERROR(__xludf.DUMMYFUNCTION("""COMPUTED_VALUE"""),"Dolliv") -> Dolliv | CO54: -
CM55: =IFERROR(__xludf.DUMMYFUNCTION("""COMPUTED_VALUE"""),"") | CN55: =IFERROR(__xludf.DUMMYFUNCTION("""COMPUTED_VALUE"""),"Dragonair") -> Dragonair | CO55: -
CM56: =IFERROR(__xludf.DUMMYFUNCTION("""COMPUTED_VALUE"""),"") | CN56: =IFERROR(__xludf.DUMMYFUNCTION("""COMPUTED_VALUE"""),"Drakloak") -> Drakloak | CO56: -
CM57: =IFERROR(__xludf.DUMMYFUNCTION("""COMPUTED_VALUE"""),"") | CN57: =IFERROR(__xludf.DUMMYFUNCTION("""COMPUTED_VALUE"""),"Dratini") -> Dratini | CO57: -
CM58: =IFERROR(__xludf.DUMMYFUNCTION("""COMPUTED_VALUE"""),"") | CN58: =IFERROR(__xludf.DUMMYFUNCTION("""COMPUTED_VALUE"""),"Dreepy") -> Dreepy | CO58: -
CM59: =IFERROR(__xludf.DUMMYFUNCTION("""COMPUTED_VALUE"""),"") | CN59: =IFERROR(__xludf.DUMMYFUNCTION("""COMPUTED_VALUE"""),"Drifloon") -> Drifloon | CO59: -
CM60: =IFERROR(__xludf.DUMMYFUNCTION("""COMPUTED_VALUE"""),"") | CN60: =IFERROR(__xludf.DUMMYFUNCTION("""COMPUTED_VALUE"""),"Drowzee") -> Drowzee | CO60: -
CM61: =IFERROR(__xludf.DUMMYFUNCTION("""COMPUTED_VALUE"""),"") | CN61: =IFERROR(__xludf.DUMMYFUNCTION("""COMPUTED_VALUE"""),"Dugtrio") -> Dugtrio | CO61: -
CM62: =IFERROR(__xludf.DUMMYFUNCTION("""COMPUTED_VALUE"""),"") | CN62: =IFERROR(__xludf.DUMMYFUNCTION("""COMPUTED_VALUE"""),"Dunsparce") -> Dunsparce | CO62: -
CM63: =IFERROR(__xludf.DUMMYFUNCTION("""COMPUTED_VALUE"""),"") | CN63: =IFERROR(__xludf.DUMMYFUNCTION("""COMPUTED_VALUE"""),"Eelektrik") -> Eelektrik | CO63: -
CM64: =IFERROR(__xludf.DUMMYFUNCTION("""COMPUTED_VALUE"""),"") | CN64: =IFERROR(__xludf.DUMMYFUNCTION("""COMPUTED_VALUE"""),"Eelektross") -> Eelektross | CO64: -
CM65: =IFERROR(__xludf.DUMMYFUNCTION("""COMPUTED_VALUE"""),"") | CN65: =IFERROR(__xludf.DUMMYFUNCTION("""COMPUTED_VALUE"""),"Eevee") -> Eevee | CO65: -
CM66: =IFERROR(__xludf.DUMMYFUNCTION("""COMPUTED_VALUE"""),"") | CN66: =IFERROR(__xludf.DUMMYFUNCTION("""COMPUTED_VALUE"""),"Eiscue") -> Eiscue | CO66: -
CM67: =IFERROR(__xludf.DUMMYFUNCTION("""COMPUTED_VALUE"""),"") | CN67: =IFERROR(__xludf.DUMMYFUNCTION("""COMPUTED_VALUE"""),"Electrode") -> Electrode | CO67: -
CM68: =IFERROR(__xludf.DUMMYFUNCTION("""COMPUTED_VALUE"""),"") | CN68: =IFERROR(__xludf.DUMMYFUNCTION("""COMPUTED_VALUE"""),"Espeon") -> Espeon | CO68: -
CM69: =IFERROR(__xludf.DUMMYFUNCTION("""COMPUTED_VALUE"""),"") | CN69: =IFERROR(__xludf.DUMMYFUNCTION("""COMPUTED_VALUE"""),"Falinks") -> Falinks | CO69: -
CM70: =IFERROR(__xludf.DUMMYFUNCTION("""COMPUTED_VALUE"""),"") | CN70: =IFERROR(__xludf.DUMMYFUNCTION("""COMPUTED_VALUE"""),"Fidough") -> Fidough | CO70: -
CM71: =IFERROR(__xludf.DUMMYFUNCTION("""COMPUTED_VALUE"""),"") | CN71: =IFERROR(__xludf.DUMMYFUNCTION("""COMPUTED_VALUE"""),"Finneon") -> Finneon | CO71: -
CM72: =IFERROR(__xludf.DUMMYFUNCTION("""COMPUTED_VALUE"""),"") | CN72: =IFERROR(__xludf.DUMMYFUNCTION("""COMPUTED_VALUE"""),"Flaaffy") -> Flaaffy | CO72: -
CM73: =IFERROR(__xludf.DUMMYFUNCTION("""COMPUTED_VALUE"""),"") | CN73: =IFERROR(__xludf.DUMMYFUNCTION("""COMPUTED_VALUE"""),"Flabébé") -> Flabébé | CO73: -
CM74: =IFERROR(__xludf.DUMMYFUNCTION("""COMPUTED_VALUE"""),"") | CN74: =IFERROR(__xludf.DUMMYFUNCTION("""COMPUTED_VALUE"""),"Flapple") -> Flapple | CO74: -
CM75: =IFERROR(__xludf.DUMMYFUNCTION("""COMPUTED_VALUE"""),"") | CN75: =IFERROR(__xludf.DUMMYFUNCTION("""COMPUTED_VALUE"""),"Flareon") -> Flareon | CO75: -
CM76: =IFERROR(__xludf.DUMMYFUNCTION("""COMPUTED_VALUE"""),"") | CN76: =IFERROR(__xludf.DUMMYFUNCTION("""COMPUTED_VALUE"""),"Fletchinder") -> Fletchinder | CO76: -
CM77: =IFERROR(__xludf.DUMMYFUNCTION("""COMPUTED_VALUE"""),"") | CN77: =IFERROR(__xludf.DUMMYFUNCTION("""COMPUTED_VALUE"""),"Fletchling") -> Fletchling | CO77: -
CM78: =IFERROR(__xludf.DUMMYFUNCTION("""COMPUTED_VALUE"""),"") | CN78: =IFERROR(__xludf.DUMMYFUNCTION("""COMPUTED_VALUE"""),"Flittle") -> Flittle | CO78: -
CM79: =IFERROR(__xludf.DUMMYFUNCTION("""COMPUTED_VALUE"""),"") | CN79: =IFERROR(__xludf.DUMMYFUNCTION("""COMPUTED_VALUE"""),"Floette") -> Floette | CO79: -
CM80: =IFERROR(__xludf.DUMMYFUNCTION("""COMPUTED_VALUE"""),"") | CN80: =IFERROR(__xludf.DUMMYFUNCTION("""COMPUTED_VALUE"""),"Floragato") -> Floragato | CO80: -
CM81: =IFERROR(__xludf.DUMMYFUNCTION("""COMPUTED_VALUE"""),"") | CN81: =IFERROR(__xludf.DUMMYFUNCTION("""COMPUTED_VALUE"""),"Florges") -> Florges | CO81: -
CM82: =IFERROR(__xludf.DUMMYFUNCTION("""COMPUTED_VALUE"""),"") | CN82: =IFERROR(__xludf.DUMMYFUNCTION("""COMPUTED_VALUE"""),"Fomantis") -> Fomantis | CO82: -
CM83: =IFERROR(__xludf.DUMMYFUNCTION("""COMPUTED_VALUE"""),"") | CN83: =IFERROR(__xludf.DUMMYFUNCTION("""COMPUTED_VALUE"""),"Foongus") -> Foongus | CO83: -
CM84: =IFERROR(__xludf.DUMMYFUNCTION("""COMPUTED_VALUE"""),"") | CN84: =IFERROR(__xludf.DUMMYFUNCTION("""COMPUTED_VALUE"""),"Forretress") -> Forretress | CO84: -
CM85: =IFERROR(__xludf.DUMMYFUNCTION("""COMPUTED_VALUE"""),"") | CN85: =IFERROR(__xludf.DUMMYFUNCTION("""COMPUTED_VALUE"""),"Fraxure") -> Fraxure | CO85: -
CM86: =IFERROR(__xludf.DUMMYFUNCTION("""COMPUTED_VALUE"""),"") | CN86: =IFERROR(__xludf.DUMMYFUNCTION("""COMPUTED_VALUE"""),"Frigibax") -> Frigibax | CO86: -
CM87: =IFERROR(__xludf.DUMMYFUNCTION("""COMPUTED_VALUE"""),"") | CN87: =IFERROR(__xludf.DUMMYFUNCTION("""COMPUTED_VALUE"""),"Froslass") -> Froslass | CO87: -
CM88: =IFERROR(__xludf.DUMMYFUNCTION("""COMPUTED_VALUE"""),"") | CN88: =IFERROR(__xludf.DUMMYFUNCTION("""COMPUTED_VALUE"""),"Frosmoth") -> Frosmoth | CO88: -
CM89: =IFERROR(__xludf.DUMMYFUNCTION("""COMPUTED_VALUE"""),"") | CN89: =IFERROR(__xludf.DUMMYFUNCTION("""COMPUTED_VALUE"""),"Fuecoco") -> Fuecoco | CO89: -
CM90: =IFERROR(__xludf.DUMMYFUNCTION("""COMPUTED_VALUE"""),"") | CN90: =IFERROR(__xludf.DUMMYFUNCTION("""COMPUTED_VALUE"""),"Gabite") -> Gabite | CO90: -
CM91: =IFERROR(__xludf.DUMMYFUNCTION("""COMPUTED_VALUE"""),"") | CN91: =IFERROR(__xludf.DUMMYFUNCTION("""COMPUTED_VALUE"""),"Gastly") -> Gastly | CO91: -
CM92: =IFERROR(__xludf.DUMMYFUNCTION("""COMPUTED_VALUE"""),"") | CN92: =IFERROR(__xludf.DUMMYFUNCTION("""COMPUTED_VALUE"""),"Gible") -> Gible | CO92: -
CM93: =IFERROR(__xludf.DUMMYFUNCTION("""COMPUTED_VALUE"""),"") | CN93: =IFERROR(__xludf.DUMMYFUNCTION("""COMPUTED_VALUE"""),"Gimmighoul") -> Gimmighoul | CO93: -
CM94: =IFERROR(__xludf.DUMMYFUNCTION("""COMPUTED_VALUE"""),"") | CN94: =IFERROR(__xludf.DUMMYFUNCTION("""COMPUTED_VALUE"""),"Girafarig") -> Girafarig | CO94: -
CM95: =IFERROR(__xludf.DUMMYFUNCTION("""COMPUTED_VALUE"""),"") | CN95: =IFERROR(__xludf.DUMMYFUNCTION("""COMPUTED_VALUE"""),"Glaceon") -> Glaceon | CO95: -
CM96: =IFERROR(__xludf.DUMMYFUNCTION("""COMPUTED_VALUE"""),"") | CN96: =IFERROR(__xludf.DUMMYFUNCTION("""COMPUTED_VALUE"""),"Glalie") -> Glalie | CO96: -
CM97: =IFERROR(__xludf.DUMMYFUNCTION("""COMPUTED_VALUE"""),"") | CN97: =IFERROR(__xludf.DUMMYFUNCTION("""COMPUTED_VALUE"""),"Glimmet") -> Glimmet | CO97: -
CM98: =IFERROR(__xludf.DUMMYFUNCTION("""COMPUTED_VALUE"""),"") | CN98: =IFERROR(__xludf.DUMMYFUNCTION("""COMPUTED_VALUE"""),"Gogoat") -> Gogoat | CO98: -
CM99: =IFERROR(__xludf.DUMMYFUNCTION("""COMPUTED_VALUE"""),"") | CN99: =IFERROR(__xludf.DUMMYFUNCTION("""COMPUTED_VALUE"""),"Golduck") -> Golduck | CO99: -
CM100: =IFERROR(__xludf.DUMMYFUNCTION("""COMPUTED_VALUE"""),"") | CN100: =IFERROR(__xludf.DUMMYFUNCTION("""COMPUTED_VALUE"""),"Goomy") -> Goomy | CO100: -
CM101: =IFERROR(__xludf.DUMMYFUNCTION("""COMPUTED_VALUE"""),"") | CN101: =IFERROR(__xludf.DUMMYFUNCTION("""COMPUTED_VALUE"""),"Gothita") -> Gothita | CO101: -
CM102: =IFERROR(__xludf.DUMMYFUNCTION("""COMPUTED_VALUE"""),"") | CN102: =IFERROR(__xludf.DUMMYFUNCTION("""COMPUTED_VALUE"""),"Greavard") -> Greavard | CO102: -
CM103: =IFERROR(__xludf.DUMMYFUNCTION("""COMPUTED_VALUE"""),"") | CN103: =IFERROR(__xludf.DUMMYFUNCTION("""COMPUTED_VALUE"""),"Greedent") -> Greedent | CO103: -
...

Sheet Teams
A1: vol
C3: =Source!G3 -> Jackson's Team | G3: =Source!G4 -> Zach's Team | K3: =Source!G5 -> Dick's Team | O3: =Source!G6 -> Ian's Team | S3: =Source!G7 -> Ryan's Team | W3: =Source!G8 -> Tyler's Team
C4: =Source!F3 -> Jackson McLoughlin | E4: =Source!I3 -> CST | G4: =Source!F4 -> Zach VanSickle | I4: =Source!I4 -> CST | K4: =Source!F5 -> Dick Hansen | M4: =Source!I5 -> EST | O4: =Source!F6 -> Ian Heslin | Q4: =Source!I6 -> CST | S4: =Source!F7 -> Ryan Tidey | U4: =Source!I7 -> EST | W4: =Source!F8 -> Tyler Gottfredsen | Y4: =Source!I8 -> CST
C5: {=IFERROR(VLOOKUP(D5:D15,{Pokedex!$I$2:$I534,Pokedex!$H$2:$H534},2,FALSE),"")} | D5: Gholdengo | E5: {=IFERROR(VLOOKUP(D5:D15,Source!$B$2:$C534,2,false),)} -> 15 | G5: {=IFERROR(VLOOKUP(H5:H15,{Pokedex!$I$2:$I534,Pokedex!$H$2:$H534},2,FALSE),"")} | H5: Annihilape | I5: {=IFERROR(VLOOKUP(H5:H15,Source!$B$2:$C534,2,false),)} -> 13 | K5: {=IFERROR(VLOOKUP(L5:L15,{Pokedex!$I$2:$I534,Pokedex!$H$2:$H534},2,FALSE),"")} | L5: Sylveon | M5: {=IFERROR(VLOOKUP(L5:L15,Source!$B$2:$C534,2,false),)} -> 13 | O5: {=IFERROR(VLOOKUP(P5:P15,{Pokedex!$I$2:$I534,Pokedex!$H$2:$H534},2,FALSE),"")} | P5: Murkrow | Q5: {=IFERROR(VLOOKUP(P5:P15,Source!$B$2:$C534,2,false),)} -> 12 | S5: {=IFERROR(VLOOKUP(T5:T15,{Pokedex!$I$2:$I534,Pokedex!$H$2:$H534},2,FALSE),"")} | T5: Hydreigon | U5: {=IFERROR(VLOOKUP(T5:T15,Source!$B$2:$C534,2,false),)} -> 12 | W5: {=IFERROR(VLOOKUP(X5:X15,{Pokedex!$I$2:$I534,Pokedex!$H$2:$H534},2,FALSE),"")} | X5: Dondozo | Y5: {=IFERROR(VLOOKUP(X5:X15,Source!$B$2:$C534,2,false),)} -> 12
D6: Paldean Tauros (Fire) | E6: 8 | H6: Maushold | I6: 10 | L6: Kingambit | M6: 10 | P6: Meowscarada | Q6: 15 | T6: Amoonguss | U6: 12 | X6: Tatsugiri | Y6: 12
D7: Kilowattrel | E7: 6 | H7: Armarouge | I7: 10 | L7: Volcarona | M7: 9 | P7: Garchomp | Q7: 10 | T7: Gengar | U7: 6 | X7: Dragonite | Y7: 9
D8: Farigiraf | E8: 6 | H8: Indeedee-Female | I8: 9 | L8: Pelipper | M8: 8 | P8: Arcanine | Q8: 9 | T8: Azumarill | U8: 9 | X8: Gallade | Y8: 6
D9: Quaquaval | E9: 5 | H9: Skeledirge | I9: 8 | L9: Palafin | M9: 8 | P9: Mimikyu | Q9: 8 | T9: Hariyama | U9: 6 | X9: Baxcalibur | Y9: 8
D10: Arboliva | E10: 4 | H10: Gastrodon | I10: 5 | L10: Pawmot | M10: 6 | P10: Gothitelle | Q10: 6 | T10: Oranguru | U10: 5 | X10: Talonflame | Y10: 9
D11: Garganacl | E11: 8 | H11: Dragapult | I11: 6 | L11: Lycanroc-Dusk | M11: 6 | P11: Scizor | Q11: 4 | T11: Orthworm | U11: 3 | X11: Tyranitar | Y11: 8
D12: Cetitan | E12: 4 | H12: Slaking | I12: 3 | L12: Raichu | M12: 3 | P12: Jolteon | Q12: 1 | T12: Torkoal | U12: 8 | X12: Lycanroc-Midday | Y12: 1
D13: Salamence | E13: 5 | H13: Grafaiai | I13: 3 | L13: Mudsdale | M13: 3 | P13: Espathra | Q13: 3 | T13: Chansey | U13: 1 | X13: Pachirisu | Y13: 3
D14: Abomasnow | E14: 5 | H14: Magnezone | I14: 3 | L14: Toxtricity | M14: 3 | P14: Rotom-Frost | Q14: 1 | T14: Lilligant | U14: 3 | X14: Azurill | Y14: 0
D15: Toxapex | E15: 4 | H15: Magikarp | I15: 0 | L15: Camerupt | M15: 1 | P15: Staraptor | Q15: 1 | T15: Flamigo | U15: 5 | X15: Gulpin | Y15: 0
C16: 1 FAs | D16: =70-SUM(E5:E15)&" points" -> 0 points | G16: 4 FAs | H16: =70-SUM(I5:I15)&" points" -> 0 points | K16: 5 FAs | L16: =70-SUM(M5:M15)&" points" -> 0 points | O16: 3 FAs | P16: =70-SUM(Q5:Q15)&" points" -> 0 points | S16: 2 FAs | T16: =70-SUM(U5:U15)&" points" -> 0 points | W16: 4 FAs | X16: =70-SUM(Y5:Y15)&" points" -> 2 points
D19: Coach | E19: Skips | H19: Timer
D20: {=Source!F3:F18} -> Jackson McLoughlin | E20: 1 | H20: =iferror(240/(2^E20), 240) -> 120
D21: Zach VanSickle | H21: =iferror(240/(2^E21), 240) -> 240
D22: Dick Hansen | E22: 2 | H22: =iferror(240/(2^E22), 240) -> 60
D23: Ian Heslin | H23: =iferror(240/(2^E23), 240) -> 240
D24: Ryan Tidey | H24: =iferror(240/(2^E24), 240) -> 240
D25: Tyler Gottfredsen | E25: 1 | H25: =iferror(240/(2^E25), 240) -> 120
H26: =iferror(240/(2^E26), 240) -> 240
H27: =iferror(240/(2^E27), 240) -> 240
H28: =iferror(240/(2^E28), 240) -> 240
H29: =iferror(240/(2^E29), 240) -> 240
H30: =iferror(240/(2^E30), 240) -> 240
H31: =iferror(240/(2^E31), 240) -> 240
H32: =iferror(240/(2^E32), 240) -> 240
H33: =iferror(240/(2^E33), 240) -> 240
H34: =iferror(240/(2^E34), 240) -> 240
H35: =iferror(240/(2^E35), 240) -> 240

Sheet Schedule
C4: Coach 1 | D4: W/L | E4: Diff | G4: W/L | H4: Coach 2
C6: Week 1
C7: {=Source!$P$3:$P$5} -> Zach VanSickle | D7: =Stats!$I$14 -> W | E7: 1 | F7: -1 | G7: =Stats!$J$14 -> L | H7: {=Source!$R$3:$R$5} -> Jackson McLoughlin
C8: Dick Hansen | D8: =Stats!$I$25 -> L | E8: =Stats!$D$23 -> -5 | F8: =Stats!$H$23 -> 5 | G8: =Stats!$J$25 -> W | H8: Ian Heslin
C9: Ryan Tidey | D9: =Stats!$I$36 -> W | E9: =Stats!$D$34 -> 3 | F9: =Stats!$H$34 -> -3 | G9: =Stats!$J$36 -> L | H9: Tyler Gottfredsen
C11: Week 2
C12: {=Source!$P$11:$P$13} -> Ryan Tidey | D12: =Stats!$R$14 -> L | E12: =Stats!$M$12 -> -5 | F12: =Stats!$Q$12 -> 5 | G12: =Stats!$S$14 -> W | H12: {=Source!$R$11:$R$13} -> Jackson McLoughlin
C13: Zach VanSickle | D13: =Stats!$R$25 -> W | E13: =Stats!$M$23 -> 9 | F13: =Stats!$Q$23 -> -9 | G13: =Stats!$S$25 -> L | H13: Dick Hansen
C14: Ian Heslin | D14: =Stats!$R$36 -> W | E14: =Stats!$M$34 -> 5 | F14: =Stats!$Q$34 -> -5 | G14: =Stats!$S$36 -> L | H14: Tyler Gottfredsen
C16: Week 3
C17: {=Source!$P$19:$P$21} -> Dick Hansen | D17: =Stats!$AA$14 -> L | E17: =Stats!$V$12 -> -5 | F17: =Stats!$Z$12 -> 5 | G17: =Stats!$AB$14 -> W | H17: {=Source!$R$19:$R$21} -> Jackson McLoughlin
C18: Zach VanSickle | D18: =Stats!$AA$25 -> L | E18: =Stats!$V$23 -> -4 | F18: =Stats!$Z$23 -> 4 | G18: =Stats!$AB$25 -> W | H18: Tyler Gottfredsen
C19: Ian Heslin | D19: =Stats!$AA$36 -> W | E19: =Stats!$V$34 -> 4 | F19: =Stats!$Z$34 -> -4 | G19: =Stats!$AB$36 -> L | H19: Ryan Tidey
C21: Week 4
C22: {=Source!$P$27:$P$30} -> Zach VanSickle | D22: =Stats!$AJ$14 -> L | E22: =Stats!$AE$12 -> 1 | F22: =Stats!$AI$12 -> -1 | G22: =Stats!$AK$14 -> W | H22: {=Source!$R$27:$R$30} -> Ryan Tidey
C23: Jackson McLoughlin | D23: =Stats!$AJ$25 -> L | E23: =Stats!$AE$23 -> -5 | F23: =Stats!$AI$23 -> 5 | G23: =Stats!$AK$25 -> W | H23: Ian Heslin
C24: Dick Hansen | D24: =Stats!$AJ$36 -> L | E24: =Stats!$AE$34 -> -7 | F24: =Stats!$AI$34 -> 7 | G24: =Stats!$AK$36 -> W | H24: Tyler Gottfredsen
C26: Week 5
C27: {=Source!$P$35:$P$37} -> Zach VanSickle | D27: W | E27: =Stats!$AN$12 -> 4 | F27: =Stats!$AR$12 -> -4 | G27: L | H27: {=Source!$R$35:$R$37} -> Jackson McLoughlin
C28: Dick Hansen | D28: =Stats!$AS$25 -> L | E28: =Stats!$AN$23 -> -5 | F28: =Stats!$AR$23 -> 5 | G28: =Stats!$AT$25 -> W | H28: Ryan Tidey
C29: Ian Heslin | D29: =Stats!$AS$36 -> W | E29: =Stats!$AN$34 -> 3 | F29: =Stats!$AR$34 -> -3 | G29: =Stats!$AT$36 -> L | H29: Tyler Gottfredsen
C31: Week 6
C32: {=Source!$P$43:$P$46} -> Zach VanSickle | D32: =Stats!$BB$14 -> W | E32: =Stats!$AW$12 -> 5 | F32: =Stats!$BA$12 -> -5 | G32: =Stats!$BC$14 -> L | H32: {=Source!$R$43:$R$46} -> Dick Hansen
C33: Jackson McLoughlin | D33: =Stats!$BB$25 -> L | E33: =Stats!$AW$23 -> -5 | F33: =Stats!$BA$23 -> 5 | G33: =Stats!$BC$25 -> W | H33: Tyler Gottfredsen
C34: Ian Heslin | D34: =Stats!$BB$36 -> W | E34: =Stats!$AW$34 -> 0 | F34: =Stats!$BA$34 -> 0 | G34: =Stats!$BC$36 -> L | H34: Ryan Tidey
C36: Week 7
C37: {=Source!$P$51:$P$54} -> Dick Hansen | D37: =Stats!$BK$14 -> L | E37: =Stats!$BF$12 -> -5 | F37: =Stats!$BJ$12 -> 5 | G37: =Stats!$BL$14 -> W | H37: {=Source!$R$51:$R$54} -> Jackson McLoughlin
C38: Zach VanSickle | D38: =Stats!$BK$25 -> L | E38: =Stats!$BF$23 -> -4 | F38: =Stats!$BJ$23 -> 4 | G38: =Stats!$BL$25 -> W | H38: Ian Heslin
C39: Ryan Tidey | D39: =Stats!$BK$36 -> L | E39: =Stats!$BF$34 -> 0 | F39: =Stats!$BJ$34 -> 0 | G39: =Stats!$BL$36 -> W | H39: Tyler Gottfredsen

Sheet Stats
C3: Week 1 | L3: Week 2 | U3: Week 3 | AD3: Week 4 | AM3: Week 5 | AV3: Week 6 | BE3: Week 7
C5: =Schedule!$C$7 -> Zach VanSickle | D5: K | E5: D | F5: Diff | G5: =Schedule!$H$7 -> Jackson McLoughlin | H5: K | I5: D | J5: Diff | L5: =Schedule!$C$12 -> Ryan Tidey | M5: K | N5: D | O5: Diff | P5: =Schedule!$H$12 -> Jackson McLoughlin | Q5: K | R5: D | S5: Diff | U5: =Schedule!$C$17 -> Dick Hansen | V5: K | W5: D | X5: Diff | Y5: =Schedule!$H$17 -> Jackson McLoughlin | Z5: K | AA5: D | AB5: Diff | AD5: =Schedule!$C$22 -> Zach VanSickle | AE5: K | AF5: D | AG5: Diff | AH5: =Schedule!$H$22 -> Ryan Tidey | AI5: K | AJ5: D | AK5: Diff | AM5: =Schedule!$C$27 -> Zach VanSickle | AN5: K | AO5: D | AP5: Diff | AQ5: =Schedule!$H$27 -> Jackson McLoughlin | AR5: K | AS5: D | AT5: Diff | AV5: =Schedule!$C$32 -> Zach VanSickle | AW5: K | AX5: D | AY5: Diff | AZ5: =Schedule!$H$32 -> Dick Hansen | BA5: K | BB5: D | BC5: Diff | BE5: =Schedule!$C$37 -> Dick Hansen | BF5: K | BG5: D | BH5: Diff | BI5: =Schedule!$H$37 -> Jackson McLoughlin | BJ5: K | BK5: D | BL5: Diff
C6: Annihilape | D6: 2 | E6: 2 | F6: =D6-E6 -> 0 | G6: Gholdengo | H6: 1 | I6: 2 | J6: =H6-I6 -> -1 | L6: Gengar | N6: 1 | O6: =M6-N6 -> -1 | P6: Kilowattrel | Q6: 1 | R6: 1 | S6: =Q6-R6 -> 0 | U6: Pawmot | W6: 2 | X6: =V6-W6 -> -2 | Y6: Abomasnow | Z6: 3 | AA6: 1 | AB6: =Z6-AA6 -> 2 | AD6: Dragapult | AE6: 1 | AF6: 1 | AG6: =AE6-AF6 -> 0 | AH6: Torkoal | AI6: 3 | AJ6: 3 | AK6: =AI6-AJ6 -> 0 | AM6: Magnezone | AN6: 4 | AO6: 1 | AP6: =AN6-AO6 -> 3 | AQ6: Abomasnow | AR6: 1 | AS6: 1 | AT6: =AR6-AS6 -> 0 | AW6: 5 | AY6: =AW6-AX6 -> 5 | BB6: 5 | BC6: =BA6-BB6 -> -5 | BG6: 5 | BH6: =BF6-BG6 -> -5 | BJ6: 5 | BL6: =BJ6-BK6 -> 5
C7: Maushold | E7: 1 | F7: =D7-E7 -> -1 | G7: Farigiraf | H7: 2 | I7: 2 | J7: =H7-I7 -> 0 | L7: Amoonguss | N7: 1 | O7: =M7-N7 -> -1 | P7: Gholdengo | Q7: 4 | R7: 1 | S7: =Q7-R7 -> 3 | U7: Kingambit | V7: 2 | W7: 2 | X7: =V7-W7 -> 0 | Y7: Kilowattrel | Z7: 1 | AA7: 1 | AB7: =Z7-AA7 -> 0 | AD7: Gastrodon | AE7: 2 | AF7: 2 | AG7: =AE7-AF7 -> 0 | AH7: Lilligant | AJ7: 2 | AK7: =AI7-AJ7 -> -2 | AM7: Slaking | AP7: =AN7-AO7 -> 0 | AQ7: Cetitan | AS7: 2 | AT7: =AR7-AS7 -> -2 | AY7: =AW7-AX7 -> 0 | BC7: =BA7-BB7 -> 0 | BH7: =BF7-BG7 -> 0 | BL7: =BJ7-BK7 -> 0
C8: Indeedee-Female | E8: 3 | F8: =D8-E8 -> -3 | G8: Kilowattrel | H8: 3 | I8: 3 | J8: =H8-I8 -> 0 | L8: Hydreigon | M8: 1 | N8: 2 | O8: =M8-N8 -> -1 | P8: Garganacl | S8: =Q8-R8 -> 0 | U8: Volcarona | V8: 1 | W8: 2 | X8: =V8-W8 -> -1 | Y8: Cetitan | AA8: 1 | AB8: =Z8-AA8 -> -1 | AD8: Slaking | AF8: 1 | AG8: =AE8-AF8 -> -1 | AH8: Oranguru | AJ8: 1 | AK8: =AI8-AJ8 -> -1 | AM8: Grafaiai | AP8: =AN8-AO8 -> 0 | AQ8: Gholdengo | AR8: 2 | AS8: 2 | AT8: =AR8-AS8 -> 0 | AY8: =AW8-AX8 -> 0 | BC8: =BA8-BB8 -> 0 | BH8: =BF8-BG8 -> 0 | BL8: =BJ8-BK8 -> 0
C9: Magnezone | D9: 3 | F9: =D9-E9 -> 3 | G9: Garganacl | H9: 3 | I9: 1 | J9: =H9-I9 -> 2 | L9: Chansey | M9: 1 | N9: 2 | O9: =M9-N9 -> -1 | P9: Arboliva | S9: =Q9-R9 -> 0 | U9: Sylveon | V9: 1 | W9: 2 | X9: =V9-W9 -> -1 | Y9: Armarouge | AA9: 1 | AB9: =Z9-AA9 -> -1 | AD9: Grafaiai | AF9: 1 | AG9: =AE9-AF9 -> -1 | AH9: Hariyama | AJ9: 1 | AK9: =AI9-AJ9 -> -1 | AM9: Gastrodon | AN9: 3 | AO9: 3 | AP9: =AN9-AO9 -> 0 | AQ9: Toxapex | AS9: 2 | AT9: =AR9-AS9 -> -2 | AY9: =AW9-AX9 -> 0 | BC9: =BA9-BB9 -> 0 | BH9: =BF9-BG9 -> 0 | BL9: =BJ9-BK9 -> 0
C10: Gastrodon | D10: 4 | E10: 2 | F10: =D10-E10 -> 2 | G10: Armarouge | I10: 1 | J10: =H10-I10 -> -1 | L10: Azumarill | N10: 1 | O10: =M10-N10 -> -1 | P10: Armarouge | Q10: 3 | S10: =Q10-R10 -> 3 | U10: Pelipper | X10: =V10-W10 -> 0 | Y10: Quaquaval | AB10: =Z10-AA10 -> 0 | AD10: Indeedee-Female | AF10: 1 | AG10: =AE10-AF10 -> -1 | AH10: Flamigo | AI10: 3 | AJ10: 1 | AK10: =AI10-AJ10 -> 2 | AM10: Dragapult | AN10: 2 | AO10: 1 | AP10: =AN10-AO10 -> 1 | AQ10: Kilowattrel | AS10: 2 | AT10: =AR10-AS10 -> -2 | AY10: =AW10-AX10 -> 0 | BC10: =BA10-BB10 -> 0 | BH10: =BF10-BG10 -> 0 | BL10: =BJ10-BK10 -> 0
C11: Dragapult | D11: 2 | E11: 2 | F11: =D11-E11 -> 0 | G11: Arboliva | I11: 1 | J11: =H11-I11 -> -1 | L11: Orthworm | M11: 1 | N11: 1 | O11: =M11-N11 -> 0 | P11: Farigiraf | R11: 1 | S11: =Q11-R11 -> -1 | U11: Palafin | W11: 1 | X11: =V11-W11 -> -1 | Y11: Gholdengo | Z11: 5 | AB11: =Z11-AA11 -> 5 | AD11: Skeledirge | AE11: 6 | AF11: 2 | AG11: =AE11-AF11 -> 4 | AH11: Azumarill | AI11: 2 | AJ11: 1 | AK11: =AI11-AJ11 -> 1 | AM11: Skeledirge | AN11: 2 | AO11: 2 | AP11: =AN11-AO11 -> 0 | AQ11: Garganacl | AR11: 4 | AS11: 2 | AT11: =AR11-AS11 -> 2 | AY11: =AW11-AX11 -> 0 | BC11: =BA11-BB11 -> 0 | BH11: =BF11-BG11 -> 0 | BL11: =BJ11-BK11 -> 0
C12: Differential | D12: =SUM(F6:F11) -> 1 | G12: Differential | H12: =SUM(J6:J11) -> -1 | L12: Differential | M12: =SUM(O6:O11) -> -5 | P12: Differential | Q12: =SUM(S6:S11) -> 5 | U12: Differential | V12: =SUM(X6:X11) -> -5 | Y12: Differential | Z12: =SUM(AB6:AB11) -> 5 | AD12: Differential | AE12: =SUM(AG6:AG11) -> 1 | AH12: Differential | AI12: =SUM(AK6:AK11) -> -1 | AM12: Differential | AN12: =SUM(AP6:AP11) -> 4 | AQ12: Differential | AR12: =SUM(AT6:AT11) -> -4 | AV12: Differential | AW12: =SUM(AY6:AY11) -> 5 | AZ12: Differential | BA12: =SUM(BC6:BC11) -> -5 | BE12: Differential | BF12: =SUM(BH6:BH11) -> -5 | BI12: Differential | BJ12: =SUM(BL6:BL11) -> 5
C13: Games Won | D13: 2 | G13: Games Won | H13: 1 | L13: Games Won | M13: 0 | P13: Games Won | Q13: 2 | U13: Games Won | V13: 0 | Y13: Games Won | Z13: 2 | AD13: Games Won | AE13: 1 | AH13: Games Won | AI13: 2 | AM13: Games Won | AN13: 2 | AQ13: Games Won | AR13: 1 | AV13: Games Won | AW13: 2 | AZ13: Games Won | BA13: 1 | BE13: Games Won | BF13: 1 | BI13: Games Won | BJ13: 2
C14: Replays | D14: 1 | E14: 2 | F14: 3 | G14: Series Outcome | I14: =IF(D13=2,"W",IF(H13=2,"L",)) -> W | J14: =IF(H13=2,"W",IF(D13=2,"L",)) -> L | L14: Replays | M14: 1 | N14: 2 | O14: 3 | P14: Series Outcome | R14: =IF(M13=2,"W",IF(Q13=2,"L",)) -> L | S14: =IF(Q13=2,"W",IF(M13=2,"L",)) -> W | U14: Replays | V14: 1 | W14: 2 | X14: 3 | Y14: Series Outcome | AA14: =IF(V13=2,"W",IF(Z13=2,"L",)) -> L | AB14: =IF(Z13=2,"W",IF(V13=2,"L",)) -> W | AD14: Replays | AE14: 1 | AF14: 2 | AG14: 3 | AH14: Series Outcome | AJ14: =IF(AE13=2,"W",IF(AI13=2,"L",)) -> L | AK14: =IF(AI13=2,"W",IF(AE13=2,"L",)) -> W | AM14: Replays | AN14: 1 | AO14: 2 | AP14: 3 | AQ14: Series Outcome | AS14: =IF(AN13=2,"W",IF(AR13=2,"L",)) -> W | AT14: =IF(AR13=2,"W",IF(AN13=2,"L",)) -> L | AV14: Replays | AW14: 1 | AX14: 2 | AY14: 3 | AZ14: Series Outcome | BB14: =IF(AW13=2,"W",IF(BA13=2,"L",)) -> W | BC14: =IF(BA13=2,"W",IF(AW13=2,"L",)) -> L | BE14: Replays | BF14: 1 | BG14: 2 | BH14: 3 | BI14: Series Outcome | BK14: =IF(BF13=2,"W",IF(BJ13=2,"L",)) -> L | BL14: =IF(BJ13=2,"W",IF(BF13=2,"L",)) -> W
C16: =Schedule!$C$8 -> Dick Hansen | D16: K | E16: D | F16: Diff | G16: =Schedule!$H$8 -> Ian Heslin | H16: K | I16: D | J16: Diff | L16: =Schedule!$C$13 -> Zach VanSickle | M16: K | N16: D | O16: Diff | P16: =Schedule!$H$13 -> Dick Hansen | Q16: K | R16: D | S16: Diff | U16: =Schedule!$C$18 -> Zach VanSickle | V16: K | W16: D | X16: Diff | Y16: =Schedule!$H$18 -> Tyler Gottfredsen | Z16: K | AA16: D | AB16: Diff | AD16: =Schedule!$C$23 -> Jackson McLoughlin | AE16: K | AF16: D | AG16: Diff | AH16: =Schedule!$H$23 -> Ian Heslin | AI16: K | AJ16: D | AK16: Diff | AM16: =Schedule!$C$28 -> Dick Hansen | AN16: K | AO16: D | AP16: Diff | AQ16: =Schedule!$H$28 -> Ryan Tidey | AR16: K | AS16: D | AT16: Diff | AV16: =Schedule!$C$33 -> Jackson McLoughlin | AW16: K | AX16: D | AY16: Diff | AZ16: =Schedule!$H$33 -> Tyler Gottfredsen | BA16: K | BB16: D | BC16: Diff | BE16: =Schedule!$C$38 -> Zach VanSickle | BF16: K | BG16: D | BH16: Diff | BI16: =Schedule!$H$38 -> Ian Heslin | BJ16: K | BK16: D | BL16: Diff
C17: Pelipper | D17: 1 | E17: 1 | F17: =D17-E17 -> 0 | G17: Garchomp | H17: 3 | I17: 1 | J17: =H17-I17 -> 2 | L17: Magnezone | M17: 3 | O17: =M17-N17 -> 3 | P17: Palafin | R17: 3 | S17: =Q17-R17 -> -3 | U17: Magnezone | V17: 3 | W17: 1 | X17: =V17-W17 -> 2 | Y17: Dondozo | Z17: 2 | AA17: 2 | AB17: =Z17-AA17 -> 0 | AD17: Abomasnow | AF17: 1 | AG17: =AE17-AF17 -> -1 | AH17: Murkrow | AI17: 3 | AJ17: 1 | AK17: =AI17-AJ17 -> 2 | AO17: 5 | AP17: =AN17-AO17 -> -5 | AR17: 5 | AT17: =AR17-AS17 -> 5 | AV17: Cetitan | AW17: 2 | AX17: 1 | AY17: =AW17-AX17 -> 1 | AZ17: Dondozo | BC17: =BA17-BB17 -> 0 | BE17: Grafaiai | BG17: 1 | BH17: =BF17-BG17 -> -1 | BI17: Gothitelle | BJ17: 3 | BK17: 2 | BL17: =BJ17-BK17 -> 1
C18: Sylveon | D18: 1 | E18: 1 | F18: =D18-E18 -> 0 | G18: Meowscarada | H18: 2 | I18: 2 | J18: =H18-I18 -> 0 | L18: Annihilape | M18: 1 | O18: =M18-N18 -> 1 | P18: Pelipper | R18: 1 | S18: =Q18-R18 -> -1 | U18: Gastrodon | W18: 2 | X18: =V18-W18 -> -2 | Y18: Tatsugiri | Z18: 1 | AA18: 1 | AB18: =Z18-AA18 -> 0 | AD18: Kilowattrel | AF18: 1 | AG18: =AE18-AF18 -> -1 | AH18: Garchomp | AI18: 3 | AJ18: 1 | AK18: =AI18-AJ18 -> 2 | AP18: =AN18-AO18 -> 0 | AT18: =AR18-AS18 -> 0 | AV18: Garganacl | AW18: 1 | AX18: 2 | AY18: =AW18-AX18 -> -1 | AZ18: Tatsugiri | BC18: =BA18-BB18 -> 0 | BE18: Slaking | BF18: 1 | BG18: 1 | BH18: =BF18-BG18 -> 0 | BI18: Meowscarada | BJ18: 1 | BK18: 1 | BL18: =BJ18-BK18 -> 0
C19: Palafin | E19: 2 | F19: =D19-E19 -> -2 | G19: Jolteon | H19: 3 | I19: 1 | J19: =H19-I19 -> 2 | L19: Indeedee-Female | M19: 2 | O19: =M19-N19 -> 2 | P19: Kingambit | R19: 1 | S19: =Q19-R19 -> -1 | U19: Dragapult | W19: 1 | X19: =V19-W19 -> -1 | Y19: Dragonite | AB19: =Z19-AA19 -> 0 | AD19: Gholdengo | AE19: 1 | AF19: 1 | AG19: =AE19-AF19 -> 0 | AH19: Scizor | AI19: 1 | AK19: =AI19-AJ19 -> 1 | AP19: =AN19-AO19 -> 0 | AT19: =AR19-AS19 -> 0 | AV19: Kilowattrel | AX19: 1 | AY19: =AW19-AX19 -> -1 | AZ19: Dragonite | BA19: 1 | BC19: =BA19-BB19 -> 1 | BE19: Dragapult | BF19: 1 | BG19: 2 | BH19: =BF19-BG19 -> -1 | BI19: Murkrow | BJ19: 4 | BK19: 1 | BL19: =BJ19-BK19 -> 3
C20: Kingambit | E20: 1 | F20: =D20-E20 -> -1 | G20: Arcanine | H20: 1 | J20: =H20-I20 -> 1 | L20: Slaking | M20: 4 | O20: =M20-N20 -> 4 | P20: Pawmot | R20: 2 | S20: =Q20-R20 -> -2 | U20: Slaking | V20: 1 | W20: 1 | X20: =V20-W20 -> 0 | Y20: Pachirisu | AB20: =Z20-AA20 -> 0 | AD20: Glimmora | AF20: 1 | AG20: =AE20-AF20 -> -1 | AH20: Meowscarada | AK20: =AI20-AJ20 -> 0 | AP20: =AN20-AO20 -> 0 | AT20: =AR20-AS20 -> 0 | AV20: Abomasnow | AX20: 1 | AY20: =AW20-AX20 -> -1 | AZ20: Talonflame | BB20: 1 | BC20: =BA20-BB20 -> -1 | BE20: Gastrodon | BF20: 2 | BG20: 2 | BH20: =BF20-BG20 -> 0 | BI20: Garchomp | BJ20: 1 | BK20: 1 | BL20: =BJ20-BK20 -> 0
C21: Volcarona | D21: 1 | E21: 2 | F21: =D21-E21 -> -1 | G21: Murkrow | J21: =H21-I21 -> 0 | L21: Grafaiai | N21: 1 | O21: =M21-N21 -> -1 | P21: Sylveon | R21: 2 | S21: =Q21-R21 -> -2 | U21: Grafaiai | W21: 1 | X21: =V21-W21 -> -1 | Y21: Tyranitar | Z21: 4 | AB21: =Z21-AA21 -> 4 | AD21: Garganacl | AE21: 2 | AF21: 2 | AG21: =AE21-AF21 -> 0 | AH21: Arcanine | AK21: =AI21-AJ21 -> 0 | AP21: =AN21-AO21 -> 0 | AT21: =AR21-AS21 -> 0 | AV21: Gholdengo | AX21: 1 | AY21: =AW21-AX21 -> -1 | AZ21: Baxcalibur | BA21: 3 | BC21: =BA21-BB21 -> 3 | BE21: Indeedee-Female | BG21: 1 | BH21: =BF21-BG21 -> -1 | BI21: Scizor | BL21: =BJ21-BK21 -> 0
C22: Pawmot | D22: 1 | E22: 2 | F22: =D22-E22 -> -1 | G22: Staraptor | J22: =H22-I22 -> 0 | L22: Maushold | O22: =M22-N22 -> 0 | P22: Volcarona | Q22: 1 | R22: 1 | S22: =Q22-R22 -> 0 | U22: Skeledirge | W22: 2 | X22: =V22-W22 -> -2 | Y22: Lycanroc-Midday | Z22: 1 | AA22: 1 | AB22: =Z22-AA22 -> 0 | AD22: Farigiraf | AF22: 2 | AG22: =AE22-AF22 -> -2 | AH22: Jolteon | AK22: =AI22-AJ22 -> 0 | AP22: =AN22-AO22 -> 0 | AT22: =AR22-AS22 -> 0 | AV22: Toxapex | AX22: 2 | AY22: =AW22-AX22 -> -2 | AZ22: Gallade | BA22: 3 | BB22: 1 | BC22: =BA22-BB22 -> 2 | BE22: Armarouge | BG22: 1 | BH22: =BF22-BG22 -> -1 | BI22: Mimikyu | BL22: =BJ22-BK22 -> 0
C23: Differential | D23: =SUM(F17:F22) -> -5 | G23: Differential | H23: =SUM(J17:J22) -> 5 | L23: Differential | M23: =SUM(O17:O22) -> 9 | P23: Differential | Q23: =SUM(S17:S22) -> -9 | U23: Differential | V23: =SUM(X17:X22) -> -4 | Y23: Differential | Z23: =SUM(AB17:AB22) -> 4 | AD23: Differential | AE23: =SUM(AG17:AG22) -> -5 | AH23: Differential | AI23: =SUM(AK17:AK22) -> 5 | AM23: Differential | AN23: =SUM(AP17:AP22) -> -5 | AQ23: Differential | AR23: =SUM(AT17:AT22) -> 5 | AV23: Differential | AW23: =SUM(AY17:AY22) -> -5 | AZ23: Differential | BA23: =SUM(BC17:BC22) -> 5 | BE23: Differential | BF23: =SUM(BH17:BH22) -> -4 | BI23: Differential | BJ23: =SUM(BL17:BL22) -> 4
C24: Games Won | D24: 0 | G24: Games Won | H24: 2 | L24: Games Won | M24: 2 | P24: Games Won | Q24: 0 | U24: Games Won | V24: 0 | Y24: Games Won | Z24: 2 | AD24: Games Won | AE24: 0 | AH24: Games Won | AI24: 2 | AM24: Games Won | AN24: 1 | AQ24: Games Won | AR24: 2 | AV24: Games Won | AW24: 0 | AZ24: Games Won | BA24: 2 | BE24: Games Won | BF24: 0 | BI24: Games Won | BJ24: 2
C25: Replays | D25: 1 | E25: 2 | F25: 3 | G25: Series Outcome | I25: =IF(D24=2,"W",IF(H24=2,"L",)) -> L | J25: =IF(H24=2,"W",IF(D24=2,"L",)) -> W | L25: Replays | M25: 1 | N25: 2 | O25: 3 | P25: Series Outcome | R25: =IF(M24=2,"W",IF(Q24=2,"L",)) -> W | S25: =IF(Q24=2,"W",IF(M24=2,"L",)) -> L | U25: Replays | V25: 1 | W25: 2 | X25: 3 | Y25: Series Outcome | AA25: =IF(V24=2,"W",IF(Z24=2,"L",)) -> L | AB25: =IF(Z24=2,"W",IF(V24=2,"L",)) -> W | AD25: Replays | AE25: 1 | AF25: 2 | AG25: 3 | AH25: Series Outcome | AJ25: =IF(AE24=2,"W",IF(AI24=2,"L",)) -> L | AK25: =IF(AI24=2,"W",IF(AE24=2,"L",)) -> W | AM25: Replays | AN25: 1 | AO25: 2 | AP25: 3 | AQ25: Series Outcome | AS25: =IF(AN24=2,"W",IF(AR24=2,"L",)) -> L | AT25: =IF(AR24=2,"W",IF(AN24=2,"L",)) -> W | AV25: Replays | AW25: 1 | AX25: 2 | AY25: 3 | AZ25: Series Outcome | BB25: =IF(AW24=2,"W",IF(BA24=2,"L",)) -> L | BC25: =IF(BA24=2,"W",IF(AW24=2,"L",)) -> W | BE25: Replays | BF25: 1 | BG25: 2 | BH25: 3 | BI25: Series Outcome | BK25: =IF(BF24=2,"W",IF(BJ24=2,"L",)) -> L | BL25: =IF(BJ24=2,"W",IF(BF24=2,"L",)) -> W
C27: =Schedule!$C$9 -> Ryan Tidey | D27: K | E27: D | F27: Diff | G27: =Schedule!$H$9 -> Tyler Gottfredsen | H27: K | I27: D | J27: Diff | L27: =Schedule!$C$14 -> Ian Heslin | M27: K | N27: D | O27: Diff | P27: =Schedule!$H$14 -> Tyler Gottfredsen | Q27: K | R27: D | S27: Diff | U27: =Schedule!$C$19 -> Ian Heslin | V27: K | W27: D | X27: Diff | Y27: =Schedule!$H$19 -> Ryan Tidey | Z27: K | AA27: D | AB27: Diff | AD27: =Schedule!$C$24 -> Dick Hansen | AE27: K | AF27: D | AG27: Diff | AH27: =Schedule!$H$24 -> Tyler Gottfredsen | AI27: K | AJ27: D | AK27: Diff | AM27: =Schedule!$C$29 -> Ian Heslin | AN27: K | AO27: D | AP27: Diff | AQ27: =Schedule!$H$29 -> Tyler Gottfredsen | AR27: K | AS27: D | AT27: Diff | AV27: =Schedule!$C$34 -> Ian Heslin | AW27: K | AX27: D | AY27: Diff | AZ27: =Schedule!$H$34 -> Ryan Tidey | BA27: K | BB27: D | BC27: Diff | BE27: =Schedule!$C$39 -> Ryan Tidey | BF27: K | BG27: D | BH27: Diff | BI27: =Schedule!$H$39 -> Tyler Gottfredsen | BJ27: K | BK27: D | BL27: Diff
C28: Amoonguss | D28: 2 | E28: 2 | F28: =D28-E28 -> 0 | G28: Dondozo | I28: 2 | J28: =H28-I28 -> -2 | L28: Meowscarada | M28: 3 | N28: 1 | O28: =M28-N28 -> 2 | P28: Dondozo | R28: 2 | S28: =Q28-R28 -> -2 | U28: Arcanine | V28: 5 | X28: =V28-W28 -> 5 | Y28: Hydreigon | Z28: 1 | AA28: 2 | AB28: =Z28-AA28 -> -1 | AD28: Sylveon | AE28: 1 | AF28: 2 | AG28: =AE28-AF28 -> -1 | AH28: Dondozo | AI28: 5 | AJ28: 1 | AK28: =AI28-AJ28 -> 4 | AM28: Gothitelle | AN28: 1 | AO28: 1 | AP28: =AN28-AO28 -> 0 | AQ28: Talonflame | AS28: 2 | AT28: =AR28-AS28 -> -2 | AV28: Arcanine | AW28: 2 | AX28: 1 | AY28: =AW28-AX28 -> 1 | AZ28: Hariyama | BA28: 1 | BB28: 1 | BC28: =BA28-BB28 -> 0 | BH28: =BF28-BG28 -> 0 | BL28: =BJ28-BK28 -> 0
C29: Hydreigon | E29: 1 | F29: =D29-E29 -> -1 | G29: Tatsugiri | H29: 1 | I29: 1 | J29: =H29-I29 -> 0 | L29: Garchomp | M29: 1 | O29: =M29-N29 -> 1 | P29: Tatsugiri | R29: 2 | S29: =Q29-R29 -> -2 | U29: Staraptor | V29: 2 | W29: 2 | X29: =V29-W29 -> 0 | Y29: Amoonguss | AA29: 1 | AB29: =Z29-AA29 -> -1 | AD29: Kingambit | AF29: 1 | AG29: =AE29-AF29 -> -1 | AH29: Talonflame | AJ29: 1 | AK29: =AI29-AJ29 -> -1 | AM29: Meowscarada | AN29: 2 | AO29: 1 | AP29: =AN29-AO29 -> 1 | AQ29: Dondozo | AR29: 2 | AS29: 2 | AT29: =AR29-AS29 -> 0 | AV29: Staraptor | AW29: 1 | AX29: 3 | AY29: =AW29-AX29 -> -2 | AZ29: Oranguru | BB29: 1 | BC29: =BA29-BB29 -> -1 | BH29: =BF29-BG29 -> 0 | BL29: =BJ29-BK29 -> 0
C30: Gengar | F30: =D30-E30 -> 0 | G30: Dragonite | H30: 4 | I30: 2 | J30: =H30-I30 -> 2 | L30: Murkrow | N30: 1 | O30: =M30-N30 -> -1 | P30: Dragonite | Q30: 2 | R30: 2 | S30: =Q30-R30 -> 0 | U30: Meowscarada | W30: 1 | X30: =V30-W30 -> -1 | Y30: Azumarill | AA30: 1 | AB30: =Z30-AA30 -> -1 | AD30: Volcarona | AF30: 2 | AG30: =AE30-AF30 -> -2 | AH30: Tatsugiri | AI30: 1 | AK30: =AI30-AJ30 -> 1 | AM30: Murkrow | AO30: 2 | AP30: =AN30-AO30 -> -2 | AQ30: Tyranitar | AT30: =AR30-AS30 -> 0 | AV30: Meowscarada | AW30: 4 | AX30: 2 | AY30: =AW30-AX30 -> 2 | AZ30: Azumarill | BA30: 1 | BB30: 2 | BC30: =BA30-BB30 -> -1 | BH30: =BF30-BG30 -> 0 | BL30: =BJ30-BK30 -> 0
C31: Orthworm | D31: 1 | E31: 1 | F31: =D31-E31 -> 0 | G31: Pachirisu | I31: 3 | J31: =H31-I31 -> -3 | L31: Mimikyu | M31: 4 | N31: 1 | O31: =M31-N31 -> 3 | P31: Tyranitar | S31: =Q31-R31 -> 0 | U31: Garchomp | V31: 1 | W31: 1 | X31: =V31-W31 -> 0 | Y31: Hariyama | Z31: 2 | AA31: 2 | AB31: =Z31-AA31 -> 0 | AD31: Pawmot | AE31: 1 | AF31: 2 | AG31: =AE31-AF31 -> -1 | AH31: Dragonite | AI31: 3 | AK31: =AI31-AJ31 -> 3 | AM31: Garchomp | AN31: 5 | AP31: =AN31-AO31 -> 5 | AQ31: Dragonite | AR31: 3 | AS31: 2 | AT31: =AR31-AS31 -> 1 | AV31: Garchomp | AW31: 2 | AX31: 1 | AY31: =AW31-AX31 -> 1 | AZ31: Torkoal | BA31: 6 | BB31: 2 | BC31: =BA31-BB31 -> 4 | BH31: =BF31-BG31 -> 0 | BL31: =BJ31-BK31 -> 0
C32: Azumarill | D32: 5 | E32: 2 | F32: =D32-E32 -> 3 | G32: Tyranitar | H32: 1 | I32: 1 | J32: =H32-I32 -> 0 | L32: Bronzong | O32: =M32-N32 -> 0 | P32: Hatterene | Q32: 1 | R32: 2 | S32: =Q32-R32 -> -1 | U32: Murkrow | X32: =V32-W32 -> 0 | Y32: Ceruledge | AA32: 1 | AB32: =Z32-AA32 -> -1 | AD32: Palafin | AF32: 2 | AG32: =AE32-AF32 -> -2 | AH32: Tyranitar | AK32: =AI32-AJ32 -> 0 | AM32: Espathra | AO32: 1 | AP32: =AN32-AO32 -> -1 | AQ32: Tatsugiri | AS32: 2 | AT32: =AR32-AS32 -> -2 | AV32: Murkrow | AX32: 2 | AY32: =AW32-AX32 -> -2 | AZ32: Lilligant | BA32: 1 | BB32: 2 | BC32: =BA32-BB32 -> -1 | BH32: =BF32-BG32 -> 0 | BL32: =BJ32-BK32 -> 0
C33: Chansey | D33: 2 | E33: 1 | F33: =D33-E33 -> 1 | G33: Lycanroc-Midday | H33: 1 | I33: 1 | J33: =H33-I33 -> 0 | L33: Rotom-Frost | O33: =M33-N33 -> 0 | P33: Rotom-Heat | S33: =Q33-R33 -> 0 | U33: Mimikyu | X33: =V33-W33 -> 0 | Y33: Dachsbun | Z33: 1 | AA33: 1 | AB33: =Z33-AA33 -> 0 | AD33: Pelipper | AG33: =AE33-AF33 -> 0 | AH33: Lycanroc-Midday | AK33: =AI33-AJ33 -> 0 | AM33: Mimikyu | AP33: =AN33-AO33 -> 0 | AQ33: Lycanroc-Midday | AT33: =AR33-AS33 -> 0 | AV33: Jolteon | AY33: =AW33-AX33 -> 0 | AZ33: Flamigo | BB33: 1 | BC33: =BA33-BB33 -> -1 | BH33: =BF33-BG33 -> 0 | BL33: =BJ33-BK33 -> 0
C34: Differential | D34: =SUM(F28:F33) -> 3 | G34: Differential | H34: =SUM(J28:J33) -> -3 | L34: Differential | M34: =SUM(O28:O33) -> 5 | P34: Differential | Q34: =SUM(S28:S33) -> -5 | U34: Differential | V34: =SUM(X28:X33) -> 4 | Y34: Differential | Z34: =SUM(AB28:AB33) -> -4 | AD34: Differential | AE34: =SUM(AG28:AG33) -> -7 | AH34: Differential | AI34: =SUM(AK28:AK33) -> 7 | AM34: Differential | AN34: =SUM(AP28:AP33) -> 3 | AQ34: Differential | AR34: =SUM(AT28:AT33) -> -3 | AV34: Differential | AW34: =SUM(AY28:AY33) -> 0 | AZ34: Differential | BA34: =SUM(BC28:BC33) -> 0 | BE34: Differential | BF34: =SUM(BH28:BH33) -> 0 | BI34: Differential | BJ34: =SUM(BL28:BL33) -> 0
C35: Games Won | D35: 2 | G35: Games Won | H35: 1 | L35: Games Won | M35: 2 | P35: Games Won | Q35: 0 | U35: Games Won | V35: 2 | Y35: Games Won | Z35: 0 | AD35: Games Won | AE35: 0 | AH35: Games Won | AI35: 2 | AM35: Games Won | AN35: 2 | AQ35: Games Won | AR35: 0 | AV35: Games Won | AW35: 2 | AZ35: Games Won | BA35: 1 | BE35: Games Won | BF35: 1 | BI35: Games Won | BJ35: 2
C36: Replays | D36: 1 | E36: 2 | F36: 3 | G36: Series Outcome | I36: =IF(D35=2,"W",IF(H35=2,"L",)) -> W | J36: =IF(H35=2,"W",IF(D35=2,"L",)) -> L | L36: Replays | M36: 1 | N36: 2 | O36: 3 | P36: Series Outcome | R36: =IF(M35=2,"W",IF(Q35=2,"L",)) -> W | S36: =IF(Q35=2,"W",IF(M35=2,"L",)) -> L | U36: Replays | V36: 1 | W36: 2 | X36: 3 | Y36: Series Outcome | AA36: =IF(V35=2,"W",IF(Z35=2,"L",)) -> W | AB36: =IF(Z35=2,"W",IF(V35=2,"L",)) -> L | AD36: Replays | AE36: 1 | AF36: 2 | AG36: 3 | AH36: Series Outcome | AJ36: =IF(AE35=2,"W",IF(AI35=2,"L",)) -> L | AK36: =IF(AI35=2,"W",IF(AE35=2,"L",)) -> W | AM36: Replays | AN36: 1 | AO36: 2 | AP36: 3 | AQ36: Series Outcome | AS36: =IF(AN35=2,"W",IF(AR35=2,"L",)) -> W | AT36: =IF(AR35=2,"W",IF(AN35=2,"L",)) -> L | AV36: Replays | AW36: 1 | AX36: 2 | AY36: 3 | AZ36: Series Outcome | BB36: =IF(AW35=2,"W",IF(BA35=2,"L",)) -> W | BC36: =IF(BA35=2,"W",IF(AW35=2,"L",)) -> L | BE36: Replays | BF36: 1 | BG36: 2 | BH36: 3 | BI36: Series Outcome | BK36: =IF(BF35=2,"W",IF(BJ35=2,"L",)) -> L | BL36: =IF(BJ35=2,"W",IF(BF35=2,"L",)) -> W

Sheet Leaderboard
A1: f
M3: Unsorted Total
C4: # | D4: Team | E4: Pokemon | G4: G.P. | H4: K | I4: D | J4: Diff | M4: # | N4: Pokemon | P4: G.P. | Q4: K | R4: D | S4: Diff
C6: 1 | D6: {=SORT(Data!D5:J72,5,FALSE,7,FALSE,4,FALSE)} -> IH | F6: Garchomp | G6: 7 | H6: 16 | I6: 5 | J6: 11 | M6: 1 | N6: {=IFERROR(VLOOKUP(O6:O156,Pokedex!$C$2:$D158,2,FALSE),"")} | O6: =IFERROR(__xludf.DUMMYFUNCTION("iferror(filter(UNIQUE({Data!F6:F71;#REF!}),UNIQUE({Data!F6:F71;#REF!})<>""""),"" "")"),"Paldean Tauros (Fire)") -> Paldean Tauros (Fire) | P6: {=SUMIF(Data!F6:F71,O6:O156,Data!G6:G71)+SUMIF(#REF!,O6:O156,#REF!)} -> #N/A | Q6: {=SUMIF(Data!F6:F71,O6:O156,Data!H6:H71)+SUMIF(#REF!,O6:O156,#REF!)} -> #N/A | R6: {=SUMIF(Data!F6:F71,O6:O156,Data!I6:I71)+SUMIF(#REF!,O6:O156,#REF!)} -> #N/A | S6: {=SUMIF(Data!F6:F71,O6:O156,Data!J6:J71)+SUMIF(#REF!,O6:O156,#REF!)} -> #N/A
C7: =C6+1 -> 2 | D7: ZV | F7: Magnezone | G7: 4 | H7: 13 | I7: 2 | J7: 11 | M7: =M6+1 -> 2 | N7: kilowattrel | O7: =IFERROR(__xludf.DUMMYFUNCTION("""COMPUTED_VALUE"""),"Kilowattrel") -> Kilowattrel | P7: #N/A | Q7: #N/A | R7: #N/A | S7: #N/A
C8: =C7+1 -> 3 | D8: TG | F8: Dragonite | G8: 6 | H8: 13 | I8: 6 | J8: 7 | M8: =M7+1 -> 3 | N8: farigiraf | O8: =IFERROR(__xludf.DUMMYFUNCTION("""COMPUTED_VALUE"""),"Farigiraf") -> Farigiraf | P8: #N/A | Q8: #N/A | R8: #N/A | S8: #N/A
C9: =C8+1 -> 4 | D9: JM | F9: Gholdengo | G9: 6 | H9: 13 | I9: 7 | J9: 6 | M9: =M8+1 -> 4 | N9: quaquaval | O9: =IFERROR(__xludf.DUMMYFUNCTION("""COMPUTED_VALUE"""),"Quaquaval") -> Quaquaval | P9: #N/A | Q9: #N/A | R9: #N/A | S9: #N/A
C10: =C9+1 -> 5 | D10: IH | F10: Meowscarada | G10: 7 | H10: 12 | I10: 8 | J10: 4 | M10: =M9+1 -> 5 | N10: arboliva | O10: =IFERROR(__xludf.DUMMYFUNCTION("""COMPUTED_VALUE"""),"Arboliva") -> Arboliva | P10: #N/A | Q10: #N/A | R10: #N/A | S10: #N/A
C11: =C10+1 -> 6 | D11: ZV | F11: Gastrodon | G11: 5 | H11: 11 | I11: 11 | J11: 0 | M11: =M10+1 -> 6 | N11: garganacl | O11: =IFERROR(__xludf.DUMMYFUNCTION("""COMPUTED_VALUE"""),"Garganacl") -> Garganacl | P11: #N/A | Q11: #N/A | R11: #N/A | S11: #N/A
C12: =C11+1 -> 7 | D12: JM | F12: Garganacl | G12: 5 | H12: 10 | I12: 7 | J12: 3 | M12: =M11+1 -> 7 | N12: cetitan | O12: =IFERROR(__xludf.DUMMYFUNCTION("""COMPUTED_VALUE"""),"Cetitan") -> Cetitan | P12: #N/A | Q12: #N/A | R12: #N/A | S12: #N/A
C13: =C12+1 -> 8 | D13: RT | F13: Torkoal | G13: 2 | H13: 9 | I13: 5 | J13: 4 | M13: =M12+1 -> 8 | N13: salamence | O13: =IFERROR(__xludf.DUMMYFUNCTION("""COMPUTED_VALUE"""),"Salamence") -> Salamence | P13: #N/A | Q13: #N/A | R13: #N/A | S13: #N/A
C14: =C13+1 -> 9 | D14: TG | F14: Dondozo | G14: 6 | H14: 9 | I14: 9 | J14: 0 | M14: =M13+1 -> 9 | N14: abomasnow | O14: =IFERROR(__xludf.DUMMYFUNCTION("""COMPUTED_VALUE"""),"Abomasnow") -> Abomasnow | P14: #N/A | Q14: #N/A | R14: #N/A | S14: #N/A
C15: =C14+1 -> 10 | D15: IH | F15: Arcanine | G15: 4 | H15: 8 | I15: 1 | J15: 7 | M15: =M14+1 -> 10 | N15: toxapex | O15: =IFERROR(__xludf.DUMMYFUNCTION("""COMPUTED_VALUE"""),"Toxapex") -> Toxapex | P15: #N/A | Q15: #N/A | R15: #N/A | S15: #N/A
C16: =C15+1 -> 11 | D16: ZV | F16: Skeledirge | G16: 3 | H16: 8 | I16: 6 | J16: 2 | M16: =M15+1 -> 11 | N16: annihilape | O16: =IFERROR(__xludf.DUMMYFUNCTION("""COMPUTED_VALUE"""),"Annihilape") -> Annihilape | P16: #N/A | Q16: #N/A | R16: #N/A | S16: #N/A
C17: =C16+1 -> 12 | D17: RT | F17: Azumarill | G17: 5 | H17: 8 | I17: 7 | J17: 1 | M17: =M16+1 -> 12 | N17: maushold | O17: =IFERROR(__xludf.DUMMYFUNCTION("""COMPUTED_VALUE"""),"Maushold") -> Maushold | P17: #N/A | Q17: #N/A | R17: #N/A | S17: #N/A
C18: =C17+1 -> 13 | D18: IH | F18: Murkrow | G18: 7 | H18: 7 | I18: 7 | J18: 0 | M18: =M17+1 -> 13 | N18: armarouge | O18: =IFERROR(__xludf.DUMMYFUNCTION("""COMPUTED_VALUE"""),"Armarouge") -> Armarouge | P18: #N/A | Q18: #N/A | R18: #N/A | S18: #N/A
C19: =C18+1 -> 14 | D19: ZV | F19: Slaking | G19: 5 | H19: 6 | I19: 3 | J19: 3 | M19: =M18+1 -> 14 | O19: =IFERROR(__xludf.DUMMYFUNCTION("""COMPUTED_VALUE"""),"Indeedee-Female") -> Indeedee-Female | P19: #N/A | Q19: #N/A | R19: #N/A | S19: #N/A
C20: =C19+1 -> 15 | D20: ZV | F20: Dragapult | G20: 5 | H20: 6 | I20: 7 | J20: -1 | M20: =M19+1 -> 15 | N20: skeledirge | O20: =IFERROR(__xludf.DUMMYFUNCTION("""COMPUTED_VALUE"""),"Skeledirge") -> Skeledirge | P20: #N/A | Q20: #N/A | R20: #N/A | S20: #N/A
C21: =C20+1 -> 16 | D21: TG | F21: Tyranitar | G21: 5 | H21: 5 | I21: 1 | J21: 4 | M21: =M20+1 -> 16 | N21: gastrodon | O21: =IFERROR(__xludf.DUMMYFUNCTION("""COMPUTED_VALUE"""),"Gastrodon") -> Gastrodon | P21: #N/A | Q21: #N/A | R21: #N/A | S21: #N/A
C22: =C21+1 -> 17 | D22: JM | F22: Kilowattrel | G22: 6 | H22: 5 | I22: 9 | J22: -4 | M22: =M21+1 -> 17 | N22: dragapult | O22: =IFERROR(__xludf.DUMMYFUNCTION("""COMPUTED_VALUE"""),"Dragapult") -> Dragapult | P22: #N/A | Q22: #N/A | R22: #N/A | S22: #N/A
C23: =C22+1 -> 18 | D23: IH | F23: Mimikyu | G23: 4 | H23: 4 | I23: 1 | J23: 3 | M23: =M22+1 -> 18 | N23: slaking | O23: =IFERROR(__xludf.DUMMYFUNCTION("""COMPUTED_VALUE"""),"Slaking") -> Slaking | P23: #N/A | Q23: #N/A | R23: #N/A | S23: #N/A
C24: =C23+1 -> 19 | D24: IH | F24: Gothitelle | G24: 2 | H24: 4 | I24: 3 | J24: 1 | M24: =M23+1 -> 19 | N24: grafaiai | O24: =IFERROR(__xludf.DUMMYFUNCTION("""COMPUTED_VALUE"""),"Grafaiai") -> Grafaiai | P24: #N/A | Q24: #N/A | R24: #N/A | S24: #N/A
C25: =C24+1 -> 20 | D25: JM | F25: Abomasnow | G25: 4 | H25: 4 | I25: 4 | J25: 0 | M25: =M24+1 -> 20 | N25: magnezone | O25: =IFERROR(__xludf.DUMMYFUNCTION("""COMPUTED_VALUE"""),"Magnezone") -> Magnezone | P25: #N/A | Q25: #N/A | R25: #N/A | S25: #N/A
C26: =C25+1 -> 21 | D26: TG | F26: Baxcalibur | G26: 1 | H26: 3 | I26: 0 | J26: 3 | M26: =M25+1 -> 21 | N26: magikarp | O26: =IFERROR(__xludf.DUMMYFUNCTION("""COMPUTED_VALUE"""),"Magikarp") -> Magikarp | P26: #N/A | Q26: #N/A | R26: #N/A | S26: #N/A
C27: =C26+1 -> 22 | D27: IH | F27: Jolteon | G27: 3 | H27: 3 | I27: 1 | J27: 2 | M27: =M26+1 -> 22 | N27: sylveon | O27: =IFERROR(__xludf.DUMMYFUNCTION("""COMPUTED_VALUE"""),"Sylveon") -> Sylveon | P27: #N/A | Q27: #N/A | R27: #N/A | S27: #N/A
C28: =C27+1 -> 23 | D28: TG | F28: Gallade | G28: 1 | H28: 3 | I28: 1 | J28: 2 | M28: =M27+1 -> 23 | N28: kingambit | O28: =IFERROR(__xludf.DUMMYFUNCTION("""COMPUTED_VALUE"""),"Kingambit") -> Kingambit | P28: #N/A | Q28: #N/A | R28: #N/A | S28: #N/A
C29: =C28+1 -> 24 | D29: ZV | F29: Annihilape | G29: 2 | H29: 3 | I29: 2 | J29: 1 | M29: =M28+1 -> 24 | N29: volcarona | O29: =IFERROR(__xludf.DUMMYFUNCTION("""COMPUTED_VALUE"""),"Volcarona") -> Volcarona | P29: #N/A | Q29: #N/A | R29: #N/A | S29: #N/A
C30: =C29+1 -> 25 | D30: RT | F30: Flamigo | G30: 2 | H30: 3 | I30: 2 | J30: 1 | M30: =M29+1 -> 25 | N30: pelipper | O30: =IFERROR(__xludf.DUMMYFUNCTION("""COMPUTED_VALUE"""),"Pelipper") -> Pelipper | P30: #N/A | Q30: #N/A | R30: #N/A | S30: #N/A
C31: =C30+1 -> 26 | D31: ZV | F31: Armarouge | G31: 4 | H31: 3 | I31: 3 | J31: 0 | M31: =M30+1 -> 26 | N31: palafin | O31: =IFERROR(__xludf.DUMMYFUNCTION("""COMPUTED_VALUE"""),"Palafin") -> Palafin | P31: #N/A | Q31: #N/A | R31: #N/A | S31: #N/A
C32: =C31+1 -> 27 | D32: RT | F32: Chansey | G32: 2 | H32: 3 | I32: 3 | J32: 0 | M32: =M31+1 -> 27 | N32: pawmot | O32: =IFERROR(__xludf.DUMMYFUNCTION("""COMPUTED_VALUE"""),"Pawmot") -> Pawmot | P32: #N/A | Q32: #N/A | R32: #N/A | S32: #N/A
C33: =C32+1 -> 28 | D33: RT | F33: Hariyama | G33: 3 | H33: 3 | I33: 4 | J33: -1 | M33: =M32+1 -> 28 | N33: lycanroc-dusk | O33: =IFERROR(__xludf.DUMMYFUNCTION("""COMPUTED_VALUE"""),"Lycanroc-Dusk") -> Lycanroc-Dusk | P33: #N/A | Q33: #N/A | R33: #N/A | S33: #N/A
C34: =C33+1 -> 29 | D34: IH | F34: Staraptor | G34: 3 | H34: 3 | I34: 5 | J34: -2 | M34: =M33+1 -> 29 | N34: raichu | O34: =IFERROR(__xludf.DUMMYFUNCTION("""COMPUTED_VALUE"""),"Raichu") -> Raichu | P34: #N/A | Q34: #N/A | R34: #N/A | S34: #N/A
C35: =C34+1 -> 30 | D35: TG | F35: Tatsugiri | G35: 6 | H35: 3 | I35: 6 | J35: -3 | M35: =M34+1 -> 30 | N35: mudsdale | O35: =IFERROR(__xludf.DUMMYFUNCTION("""COMPUTED_VALUE"""),"Mudsdale") -> Mudsdale | P35: #N/A | Q35: #N/A | R35: #N/A | S35: #N/A
C36: =C35+1 -> 31 | D36: DH | F36: Sylveon | G36: 4 | H36: 3 | I36: 7 | J36: -4 | M36: =M35+1 -> 31 | N36: toxtricity | O36: =IFERROR(__xludf.DUMMYFUNCTION("""COMPUTED_VALUE"""),"Toxtricity") -> Toxtricity | P36: #N/A | Q36: #N/A | R36: #N/A | S36: #N/A
C37: =C36+1 -> 32 | D37: DH | F37: Volcarona | G37: 4 | H37: 3 | I37: 7 | J37: -4 | M37: =M36+1 -> 32 | N37: camerupt | O37: =IFERROR(__xludf.DUMMYFUNCTION("""COMPUTED_VALUE"""),"Camerupt") -> Camerupt | P37: #N/A | Q37: #N/A | R37: #N/A | S37: #N/A
C38: =C37+1 -> 33 | D38: TG | F38: Lycanroc-Midday | G38: 4 | H38: 2 | I38: 2 | J38: 0 | M38: =M37+1 -> 33 | N38: murkrow | O38: =IFERROR(__xludf.DUMMYFUNCTION("""COMPUTED_VALUE"""),"Murkrow") -> Murkrow | P38: #N/A | Q38: #N/A | R38: #N/A | S38: #N/A
C39: =C38+1 -> 34 | D39: RT | F39: Orthworm | G39: 2 | H39: 2 | I39: 2 | J39: 0 | M39: =M38+1 -> 34 | N39: meowscarada | O39: =IFERROR(__xludf.DUMMYFUNCTION("""COMPUTED_VALUE"""),"Meowscarada") -> Meowscarada | P39: #N/A | Q39: #N/A | R39: #N/A | S39: #N/A
C40: =C39+1 -> 35 | D40: JM | F40: Cetitan | G40: 3 | H40: 2 | I40: 4 | J40: -2 | M40: =M39+1 -> 35 | N40: garchomp | O40: =IFERROR(__xludf.DUMMYFUNCTION("""COMPUTED_VALUE"""),"Garchomp") -> Garchomp | P40: #N/A | Q40: #N/A | R40: #N/A | S40: #N/A
C41: =C40+1 -> 36 | D41: RT | F41: Amoonguss | G41: 3 | H41: 2 | I41: 4 | J41: -2 | M41: =M40+1 -> 36 | N41: arcanine | O41: =IFERROR(__xludf.DUMMYFUNCTION("""COMPUTED_VALUE"""),"Arcanine") -> Arcanine | P41: #N/A | Q41: #N/A | R41: #N/A | S41: #N/A
C42: =C41+1 -> 37 | D42: ZV | F42: Indeedee-Female | G42: 4 | H42: 2 | I42: 5 | J42: -3 | M42: =M41+1 -> 37 | N42: mimikyu | O42: =IFERROR(__xludf.DUMMYFUNCTION("""COMPUTED_VALUE"""),"Mimikyu") -> Mimikyu | P42: #N/A | Q42: #N/A | R42: #N/A | S42: #N/A
C43: =C42+1 -> 38 | D43: DH | F43: Kingambit | G43: 4 | H43: 2 | I43: 5 | J43: -3 | M43: =M42+1 -> 38 | N43: gothitelle | O43: =IFERROR(__xludf.DUMMYFUNCTION("""COMPUTED_VALUE"""),"Gothitelle") -> Gothitelle | P43: #N/A | Q43: #N/A | R43: #N/A | S43: #N/A
C44: =C43+1 -> 39 | D44: JM | F44: Farigiraf | G44: 3 | H44: 2 | I44: 5 | J44: -3 | M44: =M43+1 -> 39 | N44: scizor | O44: =IFERROR(__xludf.DUMMYFUNCTION("""COMPUTED_VALUE"""),"Scizor") -> Scizor | P44: #N/A | Q44: #N/A | R44: #N/A | S44: #N/A
C45: =C44+1 -> 40 | D45: RT | F45: Hydreigon | G45: 3 | H45: 2 | I45: 5 | J45: -3 | M45: =M44+1 -> 40 | N45: jolteon | O45: =IFERROR(__xludf.DUMMYFUNCTION("""COMPUTED_VALUE"""),"Jolteon") -> Jolteon | P45: #N/A | Q45: #N/A | R45: #N/A | S45: #N/A
C46: =C45+1 -> 41 | D46: DH | F46: Pawmot | G46: 4 | H46: 2 | I46: 8 | J46: -6 | M46: =M45+1 -> 41 | N46: espathra | O46: =IFERROR(__xludf.DUMMYFUNCTION("""COMPUTED_VALUE"""),"Espathra") -> Espathra | P46: #N/A | Q46: #N/A | R46: #N/A | S46: #N/A
C47: =C46+1 -> 42 | D47: IH | F47: Scizor | G47: 2 | H47: 1 | I47: 0 | J47: 1 | M47: =M46+1 -> 42 | N47: rotom-frost | O47: =IFERROR(__xludf.DUMMYFUNCTION("""COMPUTED_VALUE"""),"Rotom-Frost") -> Rotom-Frost | P47: #N/A | Q47: #N/A | R47: #N/A | S47: #N/A
C48: =C47+1 -> 43 | D48: DH | F48: Pelipper | G48: 4 | H48: 1 | I48: 2 | J48: -1 | M48: =M47+1 -> 43 | N48: staraptor | O48: =IFERROR(__xludf.DUMMYFUNCTION("""COMPUTED_VALUE"""),"Staraptor") -> Staraptor | P48: #N/A | Q48: #N/A | R48: #N/A | S48: #N/A
C49: =C48+1 -> 44 | D49: RT | F49: Lilligant | G49: 2 | H49: 1 | I49: 4 | J49: -3 | M49: =M48+1 -> 44 | N49: hydreigon | O49: =IFERROR(__xludf.DUMMYFUNCTION("""COMPUTED_VALUE"""),"Hydreigon") -> Hydreigon | P49: #N/A | Q49: #N/A | R49: #N/A | S49: #N/A
C50: =C49+1 -> 45 | D50: JM | F50: Quaquaval | G50: 1 | H50: 0 | I50: 0 | J50: 0 | M50: =M49+1 -> 45 | N50: amoonguss | O50: =IFERROR(__xludf.DUMMYFUNCTION("""COMPUTED_VALUE"""),"Amoonguss") -> Amoonguss | P50: #N/A | Q50: #N/A | R50: #N/A | S50: #N/A
C51: =C50+1 -> 46 | D51: IH | F51: Rotom-Frost | G51: 1 | H51: 0 | I51: 0 | J51: 0 | M51: =M50+1 -> 46 | N51: gengar | O51: =IFERROR(__xludf.DUMMYFUNCTION("""COMPUTED_VALUE"""),"Gengar") -> Gengar | P51: #N/A | Q51: #N/A | R51: #N/A | S51: #N/A
C52: =C51+1 -> 47 | D52: JM | F52: Paldean Tauros (Fire) | G52: 0 | H52: 0 | I52: 0 | J52: 0 | M52: =M51+1 -> 47 | N52: azumarill | O52: =IFERROR(__xludf.DUMMYFUNCTION("""COMPUTED_VALUE"""),"Azumarill") -> Azumarill | P52: #N/A | Q52: #N/A | R52: #N/A | S52: #N/A
C53: =C52+1 -> 48 | D53: JM | F53: Salamence | G53: 0 | H53: 0 | I53: 0 | J53: 0 | M53: =M52+1 -> 48 | N53: hariyama | O53: =IFERROR(__xludf.DUMMYFUNCTION("""COMPUTED_VALUE"""),"Hariyama") -> Hariyama | P53: #N/A | Q53: #N/A | R53: #N/A | S53: #N/A
C54: =C53+1 -> 49 | D54: ZV | F54: Magikarp | G54: 0 | H54: 0 | I54: 0 | J54: 0 | M54: =M53+1 -> 49 | N54: oranguru | O54: =IFERROR(__xludf.DUMMYFUNCTION("""COMPUTED_VALUE"""),"Oranguru") -> Oranguru | P54: #N/A | Q54: #N/A | R54: #N/A | S54: #N/A
C55: =C54+1 -> 50 | D55: DH | F55: Lycanroc-Dusk | G55: 0 | H55: 0 | I55: 0 | J55: 0 | M55: =M54+1 -> 50 | N55: orthworm | O55: =IFERROR(__xludf.DUMMYFUNCTION("""COMPUTED_VALUE"""),"Orthworm") -> Orthworm | P55: #N/A | Q55: #N/A | R55: #N/A | S55: #N/A
C56: =C55+1 -> 51 | D56: DH | F56: Raichu | G56: 0 | H56: 0 | I56: 0 | J56: 0 | M56: =M55+1 -> 51 | N56: torkoal | O56: =IFERROR(__xludf.DUMMYFUNCTION("""COMPUTED_VALUE"""),"Torkoal") -> Torkoal | P56: #N/A | Q56: #N/A | R56: #N/A | S56: #N/A
C57: =C56+1 -> 52 | D57: DH | F57: Mudsdale | G57: 0 | H57: 0 | I57: 0 | J57: 0 | M57: =M56+1 -> 52 | N57: chansey | O57: =IFERROR(__xludf.DUMMYFUNCTION("""COMPUTED_VALUE"""),"Chansey") -> Chansey | P57: #N/A | Q57: #N/A | R57: #N/A | S57: #N/A
C58: =C57+1 -> 53 | D58: DH | F58: Toxtricity | G58: 0 | H58: 0 | I58: 0 | J58: 0 | M58: =M57+1 -> 53 | N58: lilligant | O58: =IFERROR(__xludf.DUMMYFUNCTION("""COMPUTED_VALUE"""),"Lilligant") -> Lilligant | P58: #N/A | Q58: #N/A | R58: #N/A | S58: #N/A
C59: =C58+1 -> 54 | D59: DH | F59: Camerupt | G59: 0 | H59: 0 | I59: 0 | J59: 0 | M59: =M58+1 -> 54 | N59: flamigo | O59: =IFERROR(__xludf.DUMMYFUNCTION("""COMPUTED_VALUE"""),"Flamigo") -> Flamigo | P59: #N/A | Q59: #N/A | R59: #N/A | S59: #N/A
C60: =C59+1 -> 55 | D60: TG | F60: Azurill | G60: 0 | H60: 0 | I60: 0 | J60: 0 | M60: =M59+1 -> 55 | N60: dondozo | O60: =IFERROR(__xludf.DUMMYFUNCTION("""COMPUTED_VALUE"""),"Dondozo") -> Dondozo | P60: #N/A | Q60: #N/A | R60: #N/A | S60: #N/A
C61: =C60+1 -> 56 | D61: TG | F61: Gulpin | G61: 0 | H61: 0 | I61: 0 | J61: 0 | M61: =M60+1 -> 56 | N61: tatsugiri | O61: =IFERROR(__xludf.DUMMYFUNCTION("""COMPUTED_VALUE"""),"Tatsugiri") -> Tatsugiri | P61: #N/A | Q61: #N/A | R61: #N/A | S61: #N/A
C62: =C61+1 -> 57 | D62: JM | F62: Arboliva | G62: 2 | H62: 0 | I62: 1 | J62: -1 | M62: =M61+1 -> 57 | N62: dragonite | O62: =IFERROR(__xludf.DUMMYFUNCTION("""COMPUTED_VALUE"""),"Dragonite") -> Dragonite | P62: #N/A | Q62: #N/A | R62: #N/A | S62: #N/A
C63: =C62+1 -> 58 | D63: ZV | F63: Maushold | G63: 2 | H63: 0 | I63: 1 | J63: -1 | M63: =M62+1 -> 58 | N63: gallade | O63: =IFERROR(__xludf.DUMMYFUNCTION("""COMPUTED_VALUE"""),"Gallade") -> Gallade | P63: #N/A | Q63: #N/A | R63: #N/A | S63: #N/A
C64: =C63+1 -> 59 | D64: RT | F64: Gengar | G64: 2 | H64: 0 | I64: 1 | J64: -1 | M64: =M63+1 -> 59 | N64: baxcalibur | O64: =IFERROR(__xludf.DUMMYFUNCTION("""COMPUTED_VALUE"""),"Baxcalibur") -> Baxcalibur | P64: #N/A | Q64: #N/A | R64: #N/A | S64: #N/A
C65: =C64+1 -> 60 | D65: IH | F65: Espathra | G65: 1 | H65: 0 | I65: 1 | J65: -1 | M65: =M64+1 -> 60 | N65: talonflame | O65: =IFERROR(__xludf.DUMMYFUNCTION("""COMPUTED_VALUE"""),"Talonflame") -> Talonflame | P65: #N/A | Q65: #N/A | R65: #N/A | S65: #N/A
C66: =C65+1 -> 61 | D66: RT | F66: Oranguru | G66: 2 | H66: 0 | I66: 2 | J66: -2 | M66: =M65+1 -> 61 | N66: tyranitar | O66: =IFERROR(__xludf.DUMMYFUNCTION("""COMPUTED_VALUE"""),"Tyranitar") -> Tyranitar | P66: #N/A | Q66: #N/A | R66: #N/A | S66: #N/A
C67: =C66+1 -> 62 | D67: TG | F67: Pachirisu | G67: 2 | H67: 0 | I67: 3 | J67: -3 | M67: =M66+1 -> 62 | O67: =IFERROR(__xludf.DUMMYFUNCTION("""COMPUTED_VALUE"""),"Lycanroc-Midday") -> Lycanroc-Midday | P67: #N/A | Q67: #N/A | R67: #N/A | S67: #N/A
C68: =C67+1 -> 63 | D68: ZV | F68: Grafaiai | G68: 5 | H68: 0 | I68: 4 | J68: -4 | M68: =M67+1 -> 63 | N68: pachirisu | O68: =IFERROR(__xludf.DUMMYFUNCTION("""COMPUTED_VALUE"""),"Pachirisu") -> Pachirisu | P68: #N/A | Q68: #N/A | R68: #N/A | S68: #N/A
C69: =C68+1 -> 64 | D69: TG | F69: Talonflame | G69: 3 | H69: 0 | I69: 4 | J69: -4 | M69: =M68+1 -> 64 | N69: azurill | O69: =IFERROR(__xludf.DUMMYFUNCTION("""COMPUTED_VALUE"""),"Azurill") -> Azurill | P69: #N/A | Q69: #N/A | R69: #N/A | S69: #N/A
C70: =C69+1 -> 65 | D70: JM | F70: Toxapex | G70: 2 | H70: 0 | I70: 4 | J70: -4 | M70: =M69+1 -> 65 | N70: gulpin | O70: =IFERROR(__xludf.DUMMYFUNCTION("""COMPUTED_VALUE"""),"Gulpin") -> Gulpin | P70: #N/A | Q70: #N/A | R70: #N/A | S70: #N/A
C71: =C70+1 -> 66 | D71: DH | F71: Palafin | G71: 4 | H71: 0 | I71: 8 | J71: -8 | M71: =M70+1 -> 66 | P71: #N/A | Q71: #N/A | R71: #N/A | S71: #N/A
C72: =C71+1 -> 67 | M72: =M71+1 -> 67 | P72: #N/A | Q72: #N/A | R72: #N/A | S72: #N/A
C73: =C72+1 -> 68 | M73: =M72+1 -> 68 | P73: #N/A | Q73: #N/A | R73: #N/A | S73: #N/A
C74: =C73+1 -> 69 | M74: =M73+1 -> 69 | P74: #N/A | Q74: #N/A | R74: #N/A | S74: #N/A
C75: =C74+1 -> 70 | M75: =M74+1 -> 70 | P75: #N/A | Q75: #N/A | R75: #N/A | S75: #N/A
C76: =C75+1 -> 71 | M76: =M75+1 -> 71 | P76: #N/A | Q76: #N/A | R76: #N/A | S76: #N/A
C77: =C76+1 -> 72 | M77: =M76+1 -> 72 | P77: #N/A | Q77: #N/A | R77: #N/A | S77: #N/A
C78: =C77+1 -> 73 | M78: =M77+1 -> 73 | P78: #N/A | Q78: #N/A | R78: #N/A | S78: #N/A
C79: =C78+1 -> 74 | M79: =M78+1 -> 74 | P79: #N/A | Q79: #N/A | R79: #N/A | S79: #N/A
C80: =C79+1 -> 75 | M80: =M79+1 -> 75 | P80: #N/A | Q80: #N/A | R80: #N/A | S80: #N/A
C81: =C80+1 -> 76 | M81: =M80+1 -> 76 | P81: #N/A | Q81: #N/A | R81: #N/A | S81: #N/A
C82: =C81+1 -> 77 | M82: =M81+1 -> 77 | P82: #N/A | Q82: #N/A | R82: #N/A | S82: #N/A
C83: =C82+1 -> 78 | M83: =M82+1 -> 78 | P83: #N/A | Q83: #N/A | R83: #N/A | S83: #N/A
... C156: =C155+1 -> 151 | M156: =M155+1 -> 151 | P156: #N/A | Q156: #N/A | R156: #N/A | S156: #N/A

Sheet Playoff Schedule
C4: Coach 1 | D4: W/L | E4: Diff | G4: W/L | H4: Coach 2
C6: Winner's Round 1
C7: {=Source!$P$62:$P$63} -> Tyler Gottfredsen | D7: ='Playoff Stats'!$I$14 -> W | E7: ='Playoff Stats'!$D$12 -> 5 | F7: ='Playoff Stats'!$H$12 -> -5 | G7: ='Playoff Stats'!$J$14 -> L | H7: {=Source!$R$62:$R$63} -> Dick Hansen
C8: Jackson McLoughlin | D8: ='Playoff Stats'!$I$25 -> L | E8: ='Playoff Stats'!$D$23 -> 0 | F8: ='Playoff Stats'!$H$23 -> 0 | G8: ='Playoff Stats'!$J$25 -> W | H8: Ryan Tidey
C10: Winner's Round 2
C11: {=Source!$P$64:$P$65} -> Ian Heslin | D11: ='Playoff Stats'!$R$14 -> W | E11: ='Playoff Stats'!$M$12 -> 5 | F11: ='Playoff Stats'!$Q$12 -> -5 | G11: ='Playoff Stats'!$S$14 -> L | H11: {=Source!$R$64:$R$65} -> Ryan Tidey
C12: Zach VanSickle | D12: ='Playoff Stats'!$R$25 -> L | E12: ='Playoff Stats'!$M$23 -> -5 | F12: ='Playoff Stats'!$Q$23 -> 5 | G12: ='Playoff Stats'!$S$25 -> W | H12: Tyler Gottfredsen
C14: Loser's Round 1
C15: {=Source!$P$66:$P$67} -> Jackson McLoughlin | D15: ='Playoff Stats'!$AA$14 -> W | E15: ='Playoff Stats'!$V$12 -> 0 | F15: ='Playoff Stats'!$Z$12 -> 0 | G15: ='Playoff Stats'!$AB$14 -> L | H15: {=Source!$R$66:$R$67} -> Dick Hansen
C16: Ryan Tidey | D16: ='Playoff Stats'!$AA$25 -> L | E16: ='Playoff Stats'!$V$23 -> -2 | F16: ='Playoff Stats'!$Z$23 -> 2 | G16: ='Playoff Stats'!$AB$25 -> W | H16: Zach VanSickle
C18: Loser's Round 2
C19: {=Source!$P$68} -> Jackson McLoughlin | D19: ='Playoff Stats'!$AJ$14 -> L | E19: ='Playoff Stats'!$AE$12 -> 0 | F19: ='Playoff Stats'!$AI$12 -> 0 | G19: ='Playoff Stats'!$AK$14 -> W | H19: {=Source!$R$68} -> Zach VanSickle
C21: Winner's Round 3
C22: {=Source!$P$70} -> Ian Heslin | D22: ='Playoff Stats'!$AS$14 -> W | E22: ='Playoff Stats'!$AN$12 -> 3 | F22: ='Playoff Stats'!$AR$12 -> -3 | G22: ='Playoff Stats'!$AT$14 -> L | H22: {=Source!$R$70} -> Tyler Gottfredsen
C24: Loser's Finals
C25: {=Source!$P$72} -> Tyler Gottfredsen | D25: ='Playoff Stats'!$BB$14 -> W | E25: ='Playoff Stats'!$AW$12 -> 5 | F25: ='Playoff Stats'!$BA$12 -> -5 | G25: ='Playoff Stats'!$BC$14 -> L | H25: {=Source!$R$72} -> Zach VanSickle
C27: Winner's Finals
C28: {=Source!$P$73} -> Ian Heslin | D28: ='Playoff Stats'!$BK$14 -> W | E28: ='Playoff Stats'!$BF$12 -> 2 | F28: ='Playoff Stats'!$BJ$12 -> -2 | G28: ='Playoff Stats'!$BL$14 -> L | H28: {=Source!$R$73} -> Tyler Gottfredsen

Sheet Playoff Stats
C3: Winner's Round 1 | L3: Winner's Round 2 | U3: Loser's Round 1 | AD3: Loser's Round 2 | AM3: Winner's Round 3 | AV3: Loser's Final | BE3: Winner's Final
C5: =Source!$P$62 -> Tyler Gottfredsen | D5: K | E5: D | F5: Diff | G5: =Source!$R$62 -> Dick Hansen | H5: K | I5: D | J5: Diff | L5: =Source!$P$64 -> Ian Heslin | M5: K | N5: D | O5: Diff | P5: =Source!$R$64 -> Ryan Tidey | Q5: K | R5: D | S5: Diff | U5: =Source!$P$66 -> Jackson McLoughlin | V5: K | W5: D | X5: Diff | Y5: =Source!$R$66 -> Dick Hansen | Z5: K | AA5: D | AB5: Diff | AD5: =Source!$P$68 -> Jackson McLoughlin | AE5: K | AF5: D | AG5: Diff | AH5: =Source!$R$68 -> Zach VanSickle | AI5: K | AJ5: D | AK5: Diff | AM5: =Source!$P$70 -> Ian Heslin | AN5: K | AO5: D | AP5: Diff | AQ5: =Source!$R$70 -> Tyler Gottfredsen | AR5: K | AS5: D | AT5: Diff | AV5: =Source!$P$72 -> Tyler Gottfredsen | AW5: K | AX5: D | AY5: Diff | AZ5: =Source!$R$72 -> Zach VanSickle | BA5: K | BB5: D | BC5: Diff | BE5: =Source!$P$73 -> Ian Heslin | BF5: K | BG5: D | BH5: Diff | BI5: =Source!$R$73 -> Tyler Gottfredsen | BJ5: K | BK5: D | BL5: Diff
C6: Dragonite | D6: 4 | E6: 1 | F6: =D6-E6 -> 3 | G6: Kingambit | H6: 1 | I6: 2 | J6: =H6-I6 -> -1 | L6: Staraptor | M6: 5 | N6: 2 | O6: =M6-N6 -> 3 | P6: Torkoal | R6: 1 | S6: =Q6-R6 -> -1 | U6: Abomasnow | X6: =V6-W6 -> 0 | Y6: Kingambit | AB6: =Z6-AA6 -> 0 | AD6: Abomasnow | AG6: =AE6-AF6 -> 0 | AH6: Indeedee-Female | AK6: =AI6-AJ6 -> 0 | AM6: Murkrow | AN6: 4 | AO6: 2 | AP6: =AN6-AO6 -> 2 | AQ6: Talonflame | AS6: 3 | AT6: =AR6-AS6 -> -3 | AV6: Dragonite | AX6: 1 | AY6: =AW6-AX6 -> -1 | AZ6: Indeedee-Female | BB6: 1 | BC6: =BA6-BB6 -> -1 | BE6: Murkrow | BF6: 1 | BG6: 2 | BH6: =BF6-BG6 -> -1 | BI6: Talonflame | BJ6: 2 | BK6: 2 | BL6: =BJ6-BK6 -> 0
C7: Talonflame | E7: 1 | F7: =D7-E7 -> -1 | G7: Sylveon | I7: 2 | J7: =H7-I7 -> -2 | L7: Murkrow | M7: 3 | N7: 1 | O7: =M7-N7 -> 2 | P7: Lilligant | R7: 1 | S7: =Q7-R7 -> -1 | U7: Cetitan | X7: =V7-W7 -> 0 | Y7: Sylveon | AB7: =Z7-AA7 -> 0 | AD7: Cetitan | AG7: =AE7-AF7 -> 0 | AH7: Armarouge | AK7: =AI7-AJ7 -> 0 | AM7: Garchomp | AN7: 2 | AO7: 2 | AP7: =AN7-AO7 -> 0 | AQ7: Baxcalibur | AR7: 2 | AS7: 3 | AT7: =AR7-AS7 -> -1 | AV7: Talonflame | AW7: 1 | AX7: 1 | AY7: =AW7-AX7 -> 0 | AZ7: Armarouge | BA7: 1 | BB7: 1 | BC7: =BA7-BB7 -> 0 | BE7: Arcanine | BF7: 1 | BG7: 2 | BH7: =BF7-BG7 -> -1 | BI7: Baxcalibur | BK7: 2 | BL7: =BJ7-BK7 -> -2
C8: Baxcalibur | D8: 3 | E8: 1 | F8: =D8-E8 -> 2 | G8: Palafin | H8: 2 | I8: 1 | J8: =H8-I8 -> 1 | L8: Garchomp | M8: 1 | N8: 1 | O8: =M8-N8 -> 0 | P8: Hydreigon | Q8: 3 | R8: 2 | S8: =Q8-R8 -> 1 | U8: Gholdengo | X8: =V8-W8 -> 0 | Y8: Palafin | AB8: =Z8-AA8 -> 0 | AD8: Gholdengo | AG8: =AE8-AF8 -> 0 | AH8: Grafaiai | AK8: =AI8-AJ8 -> 0 | AM8: Staraptor | AO8: 1 | AP8: =AN8-AO8 -> -1 | AQ8: Tyranitar | AS8: 2 | AT8: =AR8-AS8 -> -2 | AV8: Tyranitar | AW8: 2 | AX8: 1 | AY8: =AW8-AX8 -> 1 | AZ8: Annihilape | BA8: 1 | BB8: 2 | BC8: =BA8-BB8 -> -1 | BE8: Garchomp | BF8: 5 | BH8: =BF8-BG8 -> 5 | BI8: Dragonite | BJ8: 2 | BK8: 2 | BL8: =BJ8-BK8 -> 0
C9: Tyranitar | D9: 1 | F9: =D9-E9 -> 1 | G9: Pawmot | I9: 2 | J9: =H9-I9 -> -2 | L9: Meowscarada | O9: =M9-N9 -> 0 | P9: Amoonguss | R9: 2 | S9: =Q9-R9 -> -2 | U9: Kilowattrel | X9: =V9-W9 -> 0 | Y9: Pawmot | AB9: =Z9-AA9 -> 0 | AD9: Kilowattrel | AG9: =AE9-AF9 -> 0 | AH9: Gastrodon | AK9: =AI9-AJ9 -> 0 | AM9: Meowscarada | AN9: 2 | AO9: 2 | AP9: =AN9-AO9 -> 0 | AQ9: Dragonite | AR9: 5 | AS9: 1 | AT9: =AR9-AS9 -> 4 | AV9: Baxcalibur | AW9: 5 | AY9: =AW9-AX9 -> 5 | AZ9: Gastrodon | BA9: 1 | BB9: 2 | BC9: =BA9-BB9 -> -1 | BE9: Meowscarada | BF9: 1 | BG9: 2 | BH9: =BF9-BG9 -> -1 | BI9: Tyranitar | BJ9: 2 | BK9: 2 | BL9: =BJ9-BK9 -> 0
C10: Dondozo | F10: =D10-E10 -> 0 | G10: Volcarona | I10: 1 | J10: =H10-I10 -> -1 | L10: Arcanine | O10: =M10-N10 -> 0 | P10: Azumarill | R10: 1 | S10: =Q10-R10 -> -1 | U10: Toxapex | X10: =V10-W10 -> 0 | Y10: Volcarona | AB10: =Z10-AA10 -> 0 | AD10: Toxapex | AG10: =AE10-AF10 -> 0 | AH10: Annihilape | AK10: =AI10-AJ10 -> 0 | AM10: Arcanine | AN10: 3 | AO10: 1 | AP10: =AN10-AO10 -> 2 | AQ10: Dondozo | AR10: 1 | AS10: 1 | AT10: =AR10-AS10 -> 0 | AV10: Dondozo | AY10: =AW10-AX10 -> 0 | AZ10: Grafaiai | BB10: 1 | BC10: =BA10-BB10 -> -1 | BE10: Staraptor | BH10: =BF10-BG10 -> 0 | BI10: Dondozo | BL10: =BJ10-BK10 -> 0
C11: Tatsugiri | F11: =D11-E11 -> 0 | G11: Pelipper | J11: =H11-I11 -> 0 | L11: Gothitelle | O11: =M11-N11 -> 0 | P11: Flamigo | R11: 1 | S11: =Q11-R11 -> -1 | U11: Garganacl | X11: =V11-W11 -> 0 | Y11: Pelipper | AB11: =Z11-AA11 -> 0 | AD11: Garganacl | AG11: =AE11-AF11 -> 0 | AH11: Dragapult | AK11: =AI11-AJ11 -> 0 | AM11: Gothitelle | AP11: =AN11-AO11 -> 0 | AQ11: Tatsugiri | AS11: 1 | AT11: =AR11-AS11 -> -1 | AV11: Tatsugiri | AY11: =AW11-AX11 -> 0 | AZ11: Dragapult | BB11: 1 | BC11: =BA11-BB11 -> -1 | BE11: Gothitelle | BH11: =BF11-BG11 -> 0 | BI11: Tatsugiri | BL11: =BJ11-BK11 -> 0
C12: Differential | D12: =SUM(F6:F11) -> 5 | G12: Differential | H12: =SUM(J6:J11) -> -5 | L12: Differential | M12: =SUM(O6:O11) -> 5 | P12: Differential | Q12: =SUM(S6:S11) -> -5 | U12: Differential | V12: =SUM(X6:X11) -> 0 | Y12: Differential | Z12: =SUM(AB6:AB11) -> 0 | AD12: Differential | AE12: =SUM(AG6:AG11) -> 0 | AH12: Differential | AI12: =SUM(AK6:AK11) -> 0 | AM12: Differential | AN12: =SUM(AP6:AP11) -> 3 | AQ12: Differential | AR12: =SUM(AT6:AT11) -> -3 | AV12: Differential | AW12: =SUM(AY6:AY11) -> 5 | AZ12: Differential | BA12: =SUM(BC6:BC11) -> -5 | BE12: Differential | BF12: =SUM(BH6:BH11) -> 2 | BI12: Differential | BJ12: =SUM(BL6:BL11) -> -2
C13: Games Won | D13: 2 | G13: Games Won | H13: 0 | L13: Games Won | M13: 2 | P13: Games Won | Q13: 0 | U13: Games Won | V13: 2 | Y13: Games Won | Z13: 0 | AD13: Games Won | AE13: 0 | AH13: Games Won | AI13: 2 | AM13: Games Won | AN13: 2 | AQ13: Games Won | AR13: 1 | AV13: Games Won | AW13: 2 | AZ13: Games Won | BA13: 0 | BE13: Games Won | BF13: 2 | BI13: Games Won | BJ13: 0
C14: Replays | D14: 1 | E14: 2 | F14: 3 | G14: Series Outcome | I14: =IF(D13=2,"W",IF(H13=2,"L",)) -> W | J14: =IF(H13=2,"W",IF(D13=2,"L",)) -> L | L14: Replays | M14: 1 | N14: 2 | O14: 3 | P14: Series Outcome | R14: =IF(M13=2,"W",IF(Q13=2,"L",)) -> W | S14: =IF(Q13=2,"W",IF(M13=2,"L",)) -> L | U14: Replays | V14: 1 | W14: 2 | X14: 3 | Y14: Series Outcome | AA14: =IF(V13=2,"W",IF(Z13=2,"L",)) -> W | AB14: =IF(Z13=2,"W",IF(V13=2,"L",)) -> L | AD14: Replays | AE14: 1 | AF14: 2 | AG14: 3 | AH14: Series Outcome | AJ14: =IF(AE13=2,"W",IF(AI13=2,"L",)) -> L | AK14: =IF(AI13=2,"W",IF(AE13=2,"L",)) -> W | AM14: Replays | AN14: 1 | AO14: 2 | AP14: 3 | AQ14: Series Outcome | AS14: =IF(AN13=2,"W",IF(AR13=2,"L",)) -> W | AT14: =IF(AR13=2,"W",IF(AN13=2,"L",)) -> L | AV14: Replays | AW14: 1 | AX14: 2 | AY14: 3 | AZ14: Series Outcome | BB14: =IF(AW13=2,"W",IF(BA13=2,"L",)) -> W | BC14: =IF(BA13=2,"W",IF(AW13=2,"L",)) -> L | BE14: Replays | BF14: 1 | BG14: 2 | BH14: 3 | BI14: Series Outcome | BK14: =IF(BF13=2,"W",IF(BJ13=2,"L",)) -> W | BL14: =IF(BJ13=2,"W",IF(BF13=2,"L",)) -> L
C16: =Source!$P$63 -> Jackson McLoughlin | D16: K | E16: D | F16: Diff | G16: =Source!$R$63 -> Ryan Tidey | H16: K | I16: D | J16: Diff | L16: =Source!$P$65 -> Zach VanSickle | M16: K | N16: D | O16: Diff | P16: =Source!$R$65 -> Tyler Gottfredsen | Q16: K | R16: D | S16: Diff | U16: =Source!$P$67 -> Ryan Tidey | V16: K | W16: D | X16: Diff | Y16: =Source!$R$67 -> Zach VanSickle | Z16: K | AA16: D | AB16: Diff
C17: Abomasnow | F17: =D17-E17 -> 0 | G17: Hydreigon | J17: =H17-I17 -> 0 | L17: Gastrodon | M17: 1 | N17: 3 | O17: =M17-N17 -> -2 | P17: Dondozo | Q17: 4 | R17: 2 | S17: =Q17-R17 -> 2 | U17: Amoonguss | W17: 3 | X17: =V17-W17 -> -3 | Y17: Indeedee-Female | AA17: 1 | AB17: =Z17-AA17 -> -1
C18: Cetitan | F18: =D18-E18 -> 0 | G18: Torkoal | J18: =H18-I18 -> 0 | L18: Annihilape | M18: 1 | N18: 2 | O18: =M18-N18 -> -1 | P18: Talonflame | Q18: 3 | R18: 2 | S18: =Q18-R18 -> 1 | U18: Torkoal | W18: 2 | X18: =V18-W18 -> -2 | Y18: Armarouge | Z18: 2 | AA18: 1 | AB18: =Z18-AA18 -> 1
C19: Gholdengo | F19: =D19-E19 -> 0 | G19: Lilligant | J19: =H19-I19 -> 0 | L19: Dragapult | M19: 4 | N19: 2 | O19: =M19-N19 -> 2 | P19: Tatsugiri | Q19: 1 | R19: 1 | S19: =Q19-R19 -> 0 | U19: Lilligant | W19: 1 | X19: =V19-W19 -> -1 | Y19: Grafaiai | Z19: 3 | AA19: 2 | AB19: =Z19-AA19 -> 1
C20: Kilowattrel | F20: =D20-E20 -> 0 | G20: Amoonguss | J20: =H20-I20 -> 0 | L20: Grafaiai | N20: 2 | O20: =M20-N20 -> -2 | P20: Tyranitar | Q20: 2 | R20: 1 | S20: =Q20-R20 -> 1 | U20: Hydreigon | V20: 2 | W20: 1 | X20: =V20-W20 -> 1 | Y20: Gastrodon | Z20: 1 | AB20: =Z20-AA20 -> 1
C21: Toxapex | F21: =D21-E21 -> 0 | G21: Flamigo | J21: =H21-I21 -> 0 | L21: Indeedee-Female | N21: 1 | O21: =M21-N21 -> -1 | P21: Dragonite | R21: 1 | S21: =Q21-R21 -> -1 | U21: Flamigo | V21: 3 | X21: =V21-W21 -> 3 | Y21: Annihilape | AA21: 1 | AB21: =Z21-AA21 -> -1
C22: Garganacl | F22: =D22-E22 -> 0 | G22: Azumarill | J22: =H22-I22 -> 0 | L22: Armarouge | N22: 1 | O22: =M22-N22 -> -1 | P22: Baxcalibur | Q22: 2 | S22: =Q22-R22 -> 2 | U22: Azumarill | V22: 1 | W22: 1 | X22: =V22-W22 -> 0 | Y22: Dragapult | Z22: 2 | AA22: 1 | AB22: =Z22-AA22 -> 1
C23: Differential | D23: =SUM(F17:F22) -> 0 | G23: Differential | H23: =SUM(J17:J22) -> 0 | L23: Differential | M23: =SUM(O17:O22) -> -5 | P23: Differential | Q23: =SUM(S17:S22) -> 5 | U23: Differential | V23: =SUM(X17:X22) -> -2 | Y23: Differential | Z23: =SUM(AB17:AB22) -> 2
C24: Games Won | D24: 0 | G24: Games Won | H24: 2 | L24: Games Won | M24: 1 | P24: Games Won | Q24: 2 | U24: Games Won | V24: 1 | Y24: Games Won | Z24: 2
C25: Replays | D25: 1 | E25: 2 | F25: 3 | G25: Series Outcome | I25: =IF(D24=2,"W",IF(H24=2,"L",)) -> L | J25: =IF(H24=2,"W",IF(D24=2,"L",)) -> W | L25: Replays | M25: 1 | N25: 2 | O25: 3 | P25: Series Outcome | R25: =IF(M24=2,"W",IF(Q24=2,"L",)) -> L | S25: =IF(Q24=2,"W",IF(M24=2,"L",)) -> W | U25: Replays | V25: 1 | W25: 2 | X25: 3 | Y25: Series Outcome | AA25: =IF(V24=2,"W",IF(Z24=2,"L",)) -> L | AB25: =IF(Z24=2,"W",IF(V24=2,"L",)) -> W
K27: 1 | L27: =Source!$P$64 -> Ian Heslin | M27: =M13 -> 2
B28: 5 | C28: =Source!$R$63 -> Ryan Tidey | D28: =H24 -> 2 | L28: =Source!$R$64 -> Ryan Tidey | M28: =Q13 -> 0
B29: 4 | C29: =Source!$P$63 -> Jackson McLoughlin | D29: =D24 -> 0 | AM29: =Source!$P$70 -> Ian Heslin | AN29: =AN13 -> 2 | BE29: =Source!$P$73 -> Ian Heslin | BF29: =BF13 -> 2
AM30: =Source!$R$70 -> Tyler Gottfredsen | AN30: =AR13 -> 1 | BE30: =Source!$R$73 -> Tyler Gottfredsen | BF30: =BJ13 -> 0
B31: 3 | C31: =Source!$P$62 -> Tyler Gottfredsen | D31: =D13 -> 2
B32: 6 | C32: =Source!$R$62 -> Dick Hansen | D32: =H13 -> 0 | L32: =Source!$R$65 -> Tyler Gottfredsen | M32: =Q24 -> 2
K33: 2 | L33: =Source!$P$65 -> Zach VanSickle | M33: =M24 -> 1
U36: =Source!$P$67 -> Ryan Tidey | V36: =V24 -> 1
U37: =Source!$R$67 -> Zach VanSickle | V37: =Z24 -> 2
AD38: =Source!$P$68 -> Jackson McLoughlin | AE38: =AE13 -> 0 | AV38: =Source!$P$72 -> Tyler Gottfredsen | AW38: =AW13 -> 2
AD39: =Source!$R$68 -> Zach VanSickle | AE39: =AI13 -> 2 | AV39: =Source!$R$72 -> Zach VanSickle | AW39: =BA13 -> 0
U40: =Source!$P$66 -> Jackson McLoughlin | V40: =V13 -> 2
U41: =Source!$R$66 -> Dick Hansen | V41: =Z13 -> 0

Sheet Playoffs
C3: WPF Season 12 Playoffs: Drizzle | AQ3: WPF Season 12 Playoffs: Drought
B5: Quarterfinals | C5: Seed 1 | G5: Vs | H5: Seed 8 | M5: Seed 4 | Q5: Vs | R5: Seed 5 | W5: Seed 2 | AA5: Vs | AB5: Seed 7 | AG5: Seed 3 | AK5: Vs | AL5: Seed 6 | AQ5: Seed 1 | AU5: Vs | AV5: Seed 8 | BA5: Seed 4 | BE5: Vs | BF5: Seed 5 | BK5: Seed 2 | BO5: Vs | BP5: Seed 7 | BU5: Seed 3 | BY5: Vs | BZ5: Seed 6
C6: =IFERROR(VLOOKUP($C$10,Source!$F$2:$J$19,5,FALSE)," ") | H6: =IFERROR(VLOOKUP($H$10,Source!$F$2:$J$19,5,FALSE)," ") | M6: =IFERROR(VLOOKUP($M$10,Source!$F$2:$J$19,5,FALSE)," ") | R6: =IFERROR(VLOOKUP($R$10,Source!$F$2:$J$19,5,FALSE)," ") | W6: =IFERROR(VLOOKUP($W$10,Source!$F$2:$J$19,5,FALSE)," ") | AB6: =IFERROR(VLOOKUP($AB$10,Source!$F$2:$J$19,5,FALSE)," ") | AG6: =IFERROR(VLOOKUP($AG$10,Source!$F$2:$J$19,5,FALSE)," ") | AL6: =IFERROR(VLOOKUP($AL$10,Source!$F$2:$J$19,5,FALSE)," ") | AQ6: =IFERROR(VLOOKUP($AQ$10,Source!$F$20:$J$35,5,FALSE)," ") | AV6: =IFERROR(VLOOKUP($AV$10,Source!$F$20:$J$39,5,FALSE)," ") | BA6: =IFERROR(VLOOKUP($BA$10,Source!$F$20:$J$39,5,FALSE)," ") | BF6: =IFERROR(VLOOKUP($BF$10,Source!$F$20:$J$39,5,FALSE)," ") | BK6: =IFERROR(VLOOKUP($BK$10,Source!$F$20:$J$39,5,FALSE)," ") | BP6: =IFERROR(VLOOKUP($BP$10,Source!$F$20:$J$39,5,FALSE)," ") | BU6: =IFERROR(VLOOKUP($BU$10,Source!$F$20:$J$39,5,FALSE)," ") | BZ6: =IFERROR(VLOOKUP($BZ$10,Source!$F$20:$J$39,5,FALSE)," ")
C10: =Standings!$E$4 -> Ian Heslin | H10: =#REF! -> #REF! | M10: =Standings!$E$10 -> Jackson McLoughlin | R10: =Standings!$E$12 -> Ryan Tidey | W10: =Standings!$E$6 -> Zach VanSickle | AB10: =#REF! -> #REF! | AG10: =Standings!$E$8 -> Tyler Gottfredsen | AL10: =Standings!$E$14 -> Dick Hansen | AQ10: =#REF! -> #REF! | AV10: =#REF! -> #REF! | BA10: =#REF! -> #REF! | BF10: =#REF! -> #REF! | BK10: =#REF! -> #REF! | BP10: =#REF! -> #REF! | BU10: =#REF! -> #REF! | BZ10: =#REF! -> #REF!
C11: Diff | E11: W/L | H11: W/L | J11: Diff | M11: Diff | O11: W/L | R11: W/L | T11: Diff | W11: Diff | Y11: W/L | AB11: W/L | AD11: Diff | AG11: Diff | AI11: W/L | AL11: W/L | AN11: Diff | AQ11: Diff | AS11: W/L | AV11: W/L | AX11: Diff | BA11: Diff | BC11: W/L | BF11: W/L | BH11: Diff | BK11: Diff | BM11: W/L | BP11: W/L | BR11: Diff | BU11: Diff | BW11: W/L | BZ11: W/L | CB11: Diff
C12: -4 | E12: L | H12: W | J12: 4 | M12: 5 | O12: W | R12: L | T12: -5 | W12: 4 | Y12: W | AB12: L | AD12: -4 | AG12: 3 | AI12: W | AL12: L | AN12: -3 | AQ12: 2 | AS12: W | AV12: L | AX12: -2 | BA12: -4 | BC12: L | BF12: W | BH12: 4 | BK12: -3 | BM12: L | BP12: W | BR12: 3 | BU12: -2 | BW12: L | BZ12: W | CB12: 2
C13: Replay | F13: 1 | H13: 2 | J13: 3 | M13: Replay | P13: 1 | R13: 2 | T13: 3 | W13: Replay | Z13: 1 | AB13: 2 | AD13: 3 | AG13: Replay | AJ13: 1 | AL13: 2 | AN13: 3 | AQ13: Replay | AT13: 1 | AV13: 2 | AX13: 3 | BA13: Replay | BD13: 1 | BF13: 2 | BH13: 3 | BK13: Replay | BN13: 1 | BP13: 2 | BR13: 3 | BU13: Replay | BX13: 1 | BZ13: 2 | CB13: 3
B15: Semifinals | C15: =IF(E12="W",C5,IF(E12="L",H5,IF(E12=0,"QF1 Winner"))) -> Seed 8 | G15: Vs | H15: =IF(O12="W",M5,IF(O12="L",R5,IF(O12=0,"QF2 Winner"))) -> Seed 4 | M15: =IF(Y12="W",W5,IF(Y12="L",AB5,IF(Y12=0,"QF3 Winner"))) -> Seed 2 | Q15: Vs | R15: =IF(AI12="W",AG5,IF(AI12="L",AL5,IF(AI12=0,"QF4 Winner"))) -> Seed 3 | W15: =image("https://cdn.discordapp.com/attachments/363366583839752205/843599770504527882/Drizzle2x.png") | AQ15: =IF(AS12="W",AQ5,IF(AS12="L",AV5,IF(AS12=0,"QF1 Winner"))) -> Seed 1 | AU15: Vs | AV15: =IF(BC12="W",BA5,IF(BC12="L",BF5,IF(BC12=0,"QF2 Winner"))) -> Seed 5 | BA15: =IF(BM12="W",BK5,IF(BM12="L",BP5,IF(BM12=0,"QF3 Winner"))) -> Seed 7 | BE15: Vs | BF15: =IF(BW12="W",BU5,IF(BW12="L",BZ5,IF(BW12=0,"QF4 Winner"))) -> Seed 6 | BK15: =image("https://cdn.discordapp.com/attachments/363366583839752205/843599771440381952/Drought2x.png")
C16: =IFERROR(VLOOKUP($C$20,Source!$F$2:$J$19,5,FALSE)," ") | H16: =IFERROR(VLOOKUP($H$20,Source!$F$2:$J$19,5,FALSE)," ") | M16: =IFERROR(VLOOKUP($M$20,Source!$F$2:$J$19,5,FALSE)," ") | R16: =IFERROR(VLOOKUP($R$20,Source!$F$2:$J$19,5,FALSE)," ") | AQ16: =IFERROR(VLOOKUP($AQ$20,Source!$F$20:$J$39,5,FALSE)," ") | AV16: =IFERROR(VLOOKUP($AV$20,Source!$F$20:$J$39,5,FALSE)," ") | BA16: =IFERROR(VLOOKUP($BA$20,Source!$F$20:$J$39,5,FALSE)," ") | BF16: =IFERROR(VLOOKUP($BF$20,Source!$F$20:$J$39,5,FALSE)," ")
C20: =IF(E12="W",C10,IF(E12="L",H10,IF(E12=0,"QF1 Winner"))) -> #REF! | H20: =IF(O12="W",M10,IF(O12="L",R10,IF(O12=0,"QF2 Winner"))) -> Jackson McLoughlin | M20: =IF(Y12="W",W10,IF(Y12="L",AB10,IF(Y12=0,"QF3 Winner"))) -> Zach VanSickle | R20: =IF(AI12="W",AG10,IF(AI12="L",AL10,IF(AI12=0,"QF4 Winner"))) -> Tyler Gottfredsen | AQ20: =IF(AS12="W",AQ10,IF(AS12="L",AV10,IF(AS12=0,"QF1 Winner"))) -> #REF! | AV20: =IF(BC12="W",BA10,IF(BC12="L",BF10,IF(BC12=0,"QF2 Winner"))) -> #REF! | BA20: =IF(BM12="W",BK10,IF(BM12="L",BP10,IF(BM12=0,"QF3 Winner"))) -> #REF! | BF20: =IF(BW12="W",BU10,IF(BW12="L",BZ10,IF(BW12=0,"QF4 Winner"))) -> #REF!
C21: Diff | E21: W/L | H21: W/L | J21: Diff | M21: Diff | O21: W/L | R21: W/L | T21: Diff | AQ21: Diff | AS21: W/L | AV21: W/L | AX21: Diff | BA21: Diff | BC21: W/L | BF21: W/L | BH21: Diff
C22: -6 | E22: L | H22: W | J22: 6 | M22: 0 | O22: L | R22: W | T22: 0 | AQ22: 5 | AS22: W | AV22: L | AX22: -5 | BA22: -4 | BC22: L | BF22: W | BH22: 4
C23: Replay | F23: 1 | H23: 2 | J23: 3 | M23: Replay | P23: 1 | R23: 2 | T23: 3 | AQ23: Replay | AT23: 1 | AV23: 2 | AX23: 3 | BA23: Replay | BD23: 1 | BF23: 2 | BH23: 3
B25: Finals | C25: =IF(E22="W",C15,IF(E22="L",H15,IF(E22=0,"SF1 Winner"))) -> Seed 4 | G25: Vs | H25: =IF(O22="W",M15,IF(O22="L",R15,IF(O22=0,"SF2 Winner"))) -> Seed 3 | M25: Champion: | R25: Scribls | AA25: Team Name: | AE25: Colorado Cobalions | AQ25: =IF(AS22="W",AQ15,IF(AS22="L",AV15,IF(AS22=0,"SF1 Winner"))) -> Seed 1 | AU25: Vs | AV25: =IF(BC22="W",BA15,IF(BC22="L",BF15,IF(BC22=0,"SF2 Winner"))) -> Seed 6 | BA25: Champion: | BF25: Flap | BO25: Team Name: | BS25: Bedtime Bidoofs
C26: =IFERROR(VLOOKUP($C$30,Source!$F$2:$J$19,5,FALSE)," ") | H26: =IFERROR(VLOOKUP($H$30,Source!$F$2:$J$19,5,FALSE)," ") | AQ26: =IFERROR(VLOOKUP($AQ$30,Source!$F$20:$J$39,5,FALSE)," ") | AV26: =IFERROR(VLOOKUP($AV$30,Source!$F$20:$J$39,5,FALSE)," ")
R27: {=IFNA(VLOOKUP(INDEX(Source!$V$2:$V34,MATCH($R$25,Source!$U$2:$U34,0)+1,),{Pokedex!$C$2:$C34,Pokedex!$E$2:$E34},2,0),"")} | W27: {=IFNA(VLOOKUP(INDEX(Source!$V$2:$V34,MATCH($R$25,Source!$U$2:$U34,0)+3,),{Pokedex!$C$2:$C34,Pokedex!$E$2:$E34},2,0),"")} | AB27: {=IFNA(VLOOKUP(INDEX(Source!$V$2:$V34,MATCH($R$25,Source!$U$2:$U34,0)+5,),{Pokedex!$C$2:$C34,Pokedex!$E$2:$E34},2,0),"")} | AG27: {=IFNA(VLOOKUP(INDEX(Source!$V$2:$V34,MATCH($R$25,Source!$U$2:$U34,0)+7,),{Pokedex!$C$2:$C34,Pokedex!$E$2:$E34},2,0),"")} | AL27: {=IFNA(VLOOKUP(INDEX(Source!$V$2:$V34,MATCH($R$25,Source!$U$2:$U34,0)+9,),{Pokedex!$C$2:$C34,Pokedex!$E$2:$E34},2,0),"")} | BF27: {=IFNA(VLOOKUP(INDEX(Source!$V$2:$V34,MATCH($BF$25,Source!$U$2:$U34,0)+1,),{Pokedex!$C$2:$C34,Pokedex!$E$2:$E34},2,0),"")} | BK27: {=IFNA(VLOOKUP(INDEX(Source!$V$2:$V34,MATCH($BF$25,Source!$U$2:$U34,0)+3,),{Pokedex!$C$2:$C34,Pokedex!$E$2:$E34},2,0),"")} | BP27: {=IFNA(VLOOKUP(INDEX(Source!$V$2:$V34,MATCH($BF$25,Source!$U$2:$U34,0)+5,),{Pokedex!$C$2:$C34,Pokedex!$E$2:$E34},2,0),"")} | BU27: {=IFNA(VLOOKUP(INDEX(Source!$V$2:$V34,MATCH($BF$25,Source!$U$2:$U34,0)+7,),{Pokedex!$C$2:$C34,Pokedex!$E$2:$E34},2,0),"")} | BZ27: {=IFNA(VLOOKUP(INDEX(Source!$V$2:$V34,MATCH($BF$25,Source!$U$2:$U34,0)+9,),{Pokedex!$C$2:$C34,Pokedex!$E$2:$E34},2,0),"")}
M29: {=IFNA(VLOOKUP(INDEX(Source!$V$2:$V34,MATCH($R$25,Source!$U$2:$U34,0),),{Pokedex!$C$2:$C34,Pokedex!$E$2:$E34},2,0),"")} | BA29: {=IFNA(VLOOKUP(INDEX(Source!$V$2:$V34,MATCH(BF25,Source!$U$2:$U34,0),),{Pokedex!$C$2:$C34,Pokedex!$E$2:$E34},2,0),"")}
C30: =IF(E22="W",C20,IF(E22="L",H20,IF(E22=0,"SF1 Winner"))) -> Jackson McLoughlin | H30: =IF(O22="W",M20,IF(O22="L",R20,IF(O22=0,"SF2 Winner"))) -> Tyler Gottfredsen | AQ30: =IF(AS22="W",AQ20,IF(AS22="L",AV20,IF(AS22=0,"SF1 Winner"))) -> #REF! | AV30: =IF(BC22="W",BA20,IF(BC22="L",BF20,IF(BC22=0,"SF2 Winner"))) -> #REF!
C31: Diff | E31: W/L | H31: W/L | J31: Diff | R31: {=IFNA(VLOOKUP(INDEX(Source!$V$2:$V34,MATCH($R$25,Source!$U$2:$U34,0)+2,),{Pokedex!$C$2:$C34,Pokedex!$E$2:$E34},2,0),"")} | W31: {=IFNA(VLOOKUP(INDEX(Source!$V$2:$V34,MATCH($R$25,Source!$U$2:$U34,0)+4,),{Pokedex!$C$2:$C34,Pokedex!$E$2:$E34},2,0),"")} | AB31: {=IFNA(VLOOKUP(INDEX(Source!$V$2:$V34,MATCH($R$25,Source!$U$2:$U34,0)+6,),{Pokedex!$C$2:$C34,Pokedex!$E$2:$E34},2,0),"")} | AG31: {=IFNA(VLOOKUP(INDEX(Source!$V$2:$V34,MATCH($R$25,Source!$U$2:$U34,0)+8,),{Pokedex!$C$2:$C34,Pokedex!$E$2:$E34},2,0),"")} | AL31: {=IFNA(VLOOKUP(INDEX(Source!$V$2:$V34,MATCH($R$25,Source!$U$2:$U34,0)+10,),{Pokedex!$C$2:$C34,Pokedex!$E$2:$E34},2,0),"")} | AQ31: Diff | AS31: W/L | AV31: W/L | AX31: Diff | BF31: {=IFNA(VLOOKUP(INDEX(Source!$V$2:$V34,MATCH($BF$25,Source!$U$2:$U34,0)+2,),{Pokedex!$C$2:$C34,Pokedex!$E$2:$E34},2,0),"")} | BK31: {=IFNA(VLOOKUP(INDEX(Source!$V$2:$V34,MATCH($BF$25,Source!$U$2:$U34,0)+4,),{Pokedex!$C$2:$C34,Pokedex!$E$2:$E34},2,0),"")} | BP31: {=IFNA(VLOOKUP(INDEX(Source!$V$2:$V34,MATCH($BF$25,Source!$U$2:$U34,0)+6,),{Pokedex!$C$2:$C34,Pokedex!$E$2:$E34},2,0),"")} | BU31: {=IFNA(VLOOKUP(INDEX(Source!$V$2:$V34,MATCH($BF$25,Source!$U$2:$U34,0)+8,),{Pokedex!$C$2:$C34,Pokedex!$E$2:$E34},2,0),"")} | BZ31: {=IFNA(VLOOKUP(INDEX(Source!$V$2:$V34,MATCH($BF$25,Source!$U$2:$U34,0)+10,),{Pokedex!$C$2:$C34,Pokedex!$E$2:$E34},2,0),"")}
C32: -5 | E32: =IF(C32>0,"W",IF(C32<0,"L",)) -> L | H32: =IF(J32>0,"W",IF(J32<0,"L",)) -> W | J32: 5 | AQ32: 3 | AS32: =IF(AQ32>0,"W",IF(AQ32<0,"L",)) -> W | AV32: =IF(AX32>0,"W",IF(AX32<0,"L",)) -> L | AX32: -3
C33: Replay | F33: 1 | H33: 2 | J33: 3 | AQ33: Replay | AT33: 1 | AV33: 2 | AX33: 3

Sheet Drought
A1: ro
L2: no zard y only torkoal
C3: =Source!G20 | G3: =Source!G21 | K3: =Source!G22 | O3: =Source!G23 | S3: =Source!G24 | W3: =Source!G25 | AA3: =Source!G26 | AE3: =Source!G27
C4: =Source!F20 | E4: =Source!I20 | G4: =Source!F21 | I4: =Source!I21 | K4: =Source!F22 | M4: =Source!I22 | O4: =Source!F23 | Q4: =Source!I23 | S4: =Source!F24 | U4: =Source!I24 | W4: =Source!F25 | Y4: =Source!I25 | AA4: =Source!F26 | AC4: =Source!I26 | AE4: =Source!F27 | AG4: =Source!I27
C5: {=IFERROR(VLOOKUP(D5:D15,Pokedex!$C$2:$D54,2,FALSE),"")} | E5: {=IFERROR(VLOOKUP(D5:D15,Source!$B$2:$C54,2,false),)} | G5: {=IFERROR(VLOOKUP(H5:H15,Pokedex!$C$2:$D54,2,FALSE),"")} | I5: {=IFERROR(VLOOKUP(H5:H15,Source!$B$2:$C54,2,false),)} | K5: {=IFERROR(VLOOKUP(L5:L15,Pokedex!$C$2:$D54,2,FALSE),"")} | M5: {=IFERROR(VLOOKUP(L5:L15,Source!$B$2:$C54,2,false),)} | O5: {=IFERROR(VLOOKUP(P5:P15,Pokedex!$C$2:$D54,2,FALSE),"")} | Q5: {=IFERROR(VLOOKUP(P5:P15,Source!$B$2:$C54,2,false),)} | S5: {=IFERROR(VLOOKUP(T5:T15,Pokedex!$C$2:$D54,2,FALSE),"")} | U5: {=IFERROR(VLOOKUP(T5:T15,Source!$B$2:$C54,2,false),)} | W5: {=IFERROR(VLOOKUP(X5:X15,Pokedex!$C$2:$D54,2,FALSE),"")} | Y5: {=IFERROR(VLOOKUP(X5:X15,Source!$B$2:$C54,2,false),)} | AA5: {=IFERROR(VLOOKUP(AB5:AB15,Pokedex!$C$2:$D54,2,FALSE),"")} | AC5: {=IFERROR(VLOOKUP(AB5:AB15,Source!$B$2:$C54,2,false),)} | AE5: {=IFERROR(VLOOKUP(AF5:AF15,Pokedex!$C$2:$D54,2,FALSE),"")} | AG5: {=IFERROR(VLOOKUP(AF5:AF15,Source!$B$2:$C54,2,false),)}
C16: 2 FAs | D16: =115-SUM(E5:E15)&" points" -> 115 points | G16: 5 FAs | H16: =115-SUM(I5:I15)&" points" -> 115 points | K16: 2 FAs | L16: =115-SUM(M5:M15)&" points" -> 115 points | O16: 2 FAs | P16: =115-SUM(Q5:Q15)&" points" -> 115 points | S16: 5 FAs | T16: =115-SUM(U5:U15)&" points" -> 115 points | W16: 5 FAs | X16: =115-SUM(Y5:Y15)&" points" -> 115 points | AA16: 5 FAs | AB16: =115-SUM(AC5:AC15)&" points" -> 115 points | AE16: 1 FAs | AF16: =115-SUM(AG5:AG15)&" points" -> 115 points
C18: =Source!G28 | G18: =Source!G29 | K18: =Source!G30 | O18: =Source!G31 | S18: =Source!G32 | W18: =Source!G33 | AA18: =Source!G34 | AE18: =Source!G35
C19: =Source!F28 | E19: =Source!I28 | G19: =Source!F29 | I19: =Source!I29 | K19: =Source!F30 | M19: =Source!I30 | O19: =Source!F31 | Q19: =Source!I31 | S19: =Source!F32 | U19: =Source!I32 | W19: =Source!F33 | Y19: =Source!I33 | AA19: =Source!F34 | AC19: =Source!I34 | AE19: =Source!F35 | AG19: =Source!I35
C20: {=IFERROR(VLOOKUP(D20:D30,Pokedex!$C$2:$D54,2,FALSE),"")} | E20: {=IFERROR(VLOOKUP(D20:D30,Source!$B$2:$C54,2,false),)} | G20: {=IFERROR(VLOOKUP(H20:H30,Pokedex!$C$2:$D54,2,FALSE),"")} | I20: {=IFERROR(VLOOKUP(H20:H30,Source!$B$2:$C54,2,false),)} | K20: {=IFERROR(VLOOKUP(L20:L30,Pokedex!$C$2:$D54,2,FALSE),"")} | M20: {=IFERROR(VLOOKUP(L20:L30,Source!$B$2:$C54,2,false),)} | O20: {=IFERROR(VLOOKUP(P20:P30,Pokedex!$C$2:$D54,2,FALSE),"")} | Q20: {=IFERROR(VLOOKUP(P20:P30,Source!$B$2:$C54,2,false),)} | S20: {=IFERROR(VLOOKUP(T20:T30,Pokedex!$C$2:$D54,2,FALSE),"")} | U20: {=IFERROR(VLOOKUP(T20:T30,Source!$B$2:$C54,2,false),)} | W20: {=IFERROR(VLOOKUP(X20:X30,Pokedex!$C$2:$D54,2,FALSE),"")} | Y20: {=IFERROR(VLOOKUP(X20:X30,Source!$B$2:$C54,2,false),)} | AA20: {=IFERROR(VLOOKUP(AB20:AB30,Pokedex!$C$2:$D54,2,FALSE),"")} | AC20: {=IFERROR(VLOOKUP(AB20:AB30,Source!$B$2:$C54,2,false),)} | AE20: {=IFERROR(VLOOKUP(AF20:AF30,Pokedex!$C$2:$D54,2,FALSE),"")} | AG20: {=IFERROR(VLOOKUP(AF20:AF30,Source!$B$2:$C54,2,false),)}
C31: 2 FAs | D31: =115-SUM(E20:E30)&" points" -> 115 points | G31: 5 FAs | H31: =115-SUM(I20:I30)&" points" -> 115 points | K31: 5 FAs | L31: =115-SUM(M20:M30)&" points" -> 115 points | O31: 5 FAs | P31: =115-SUM(Q20:Q30)&" points" -> 115 points | S31: 5 FAs | T31: =115-SUM(U20:U30)&" points" -> 115 points | W31: 5 FAs | X31: =115-SUM(Y20:Y30)&" points" -> 115 points | AA31: 2 FAs | AB31: =115-SUM(AC20:AC30)&" points" -> 115 points | AE31: 5 FAs | AF31: =115-SUM(AG20:AG30)&" points" -> 115 points
D34: Coach | E34: Skips | H34: Timer
D35: {=Source!F20:F35} | H35: =iferror(240/(2^E35), 240) -> 240
H36: =iferror(240/(2^E36), 240) -> 240
H37: =iferror(240/(2^E37), 240) -> 240
H38: =iferror(240/(2^E38), 240) -> 240
H39: =iferror(240/(2^E39), 240) -> 240
H40: =iferror(240/(2^E40), 240) -> 240
H41: =iferror(240/(2^E41), 240) -> 240
H42: =iferror(240/(2^E42), 240) -> 240
H43: =iferror(240/(2^E43), 240) -> 240
H44: =iferror(240/(2^E44), 240) -> 240
H45: =iferror(240/(2^E45), 240) -> 240
H46: =iferror(240/(2^E46), 240) -> 240
H47: =iferror(240/(2^E47), 240) -> 240
E48: 1 | H48: =iferror(240/(2^E48), 240) -> 120
E49: 1 | H49: =iferror(240/(2^E49), 240) -> 120
H50: =iferror(240/(2^E50), 240) -> 240

Sheet Source
E1: # | F1: Coach Name | G1: Team Name | H1: Abv | I1: TZ | J1: Logo | K1: Record | M1: Drizzle Schedule | T1: Draft Data
A2: {=IFERROR(VLOOKUP(B2:B1285,{Pokedex!$I$2:$I1285,Pokedex!$H$2:$H1285},2,FALSE),"")} | B2: Gholdengo | C2: 15 | E2: Drizzle | M2: T1 | N2: T2 | O2: Week | P2: Player 1 | R2: Player 2 | T2: Division | U2: Player Name | V2: Pokemon | W2: Speed
B3: Meowscarada | C3: 15 | E3: 1 | F3: Jackson McLoughlin | G3: Jackson's Team | H3: JM | I3: CST | M3: 2 | N3: 1 | O3: 1 | P3: =IFERROR(VLOOKUP(M3,$E$3:$F$8,2,FALSE),"") -> Zach VanSickle | Q3: vs | R3: =IFERROR(VLOOKUP(N3,$E$3:$F$18,2,FALSE),"") -> Jackson McLoughlin | T3: Drizzle | U3: =$F$3 -> Jackson McLoughlin | V3: =Teams!$D5 -> Gholdengo | W3: {=IFERROR(VLOOKUP(V3:V1285,Pokedex!$I$2:$Q1241,9,FALSE),"")} -> 84 | Y3: {=SORT(V3:W13,2,0)} -> Kilowattrel | Z3: 125
B4: Annihilape | C4: 13 | E4: 2 | F4: Zach VanSickle | G4: Zach's Team | H4: ZV | I4: CST | M4: 3 | N4: 4 | O4: 1 | P4: =IFERROR(VLOOKUP(M4,$E$3:$F$8,2,FALSE),"") -> Dick Hansen | Q4: vs | R4: =IFERROR(VLOOKUP(N4,$E$3:$F$18,2,FALSE),"") -> Ian Heslin | T4: Drizzle | U4: =$F$3 -> Jackson McLoughlin | V4: =Teams!$D6 -> Paldean Tauros (Fire) | W4: 100 | Y4: Paldean Tauros (Fire) | Z4: 100
B5: Sylveon | C5: 13 | E5: 3 | F5: Dick Hansen | G5: Dick's Team | H5: DH | I5: EST | M5: 5 | N5: 6 | O5: 1 | P5: =IFERROR(VLOOKUP(M5,$E$3:$F$8,2,FALSE),"") -> Ryan Tidey | Q5: vs | R5: =IFERROR(VLOOKUP(N5,$E$3:$F$18,2,FALSE),"") -> Tyler Gottfredsen | T5: Drizzle | U5: =$F$3 -> Jackson McLoughlin | V5: =Teams!$D7 -> Kilowattrel | W5: 125 | Y5: Salamence | Z5: 100
B6: Murkrow | C6: 12 | E6: 4 | F6: Ian Heslin | G6: Ian's Team | H6: IH | I6: CST | O6: 1 | P6: =IFERROR(VLOOKUP(M6,$E$3:$F$8,2,FALSE),"") | Q6: vs | R6: =IFERROR(VLOOKUP(N6,$E$3:$F$18,2,FALSE),"") | T6: Drizzle | U6: =$F$3 -> Jackson McLoughlin | V6: =Teams!$D8 -> Farigiraf | W6: 60 | Y6: Quaquaval | Z6: 85
B7: Hydreigon | C7: 12 | E7: 5 | F7: Ryan Tidey | G7: Ryan's Team | H7: RT | I7: EST | O7: 1 | P7: =IFERROR(VLOOKUP(M7,$E$3:$F$18,2,FALSE),"") | Q7: vs | R7: =IFERROR(VLOOKUP(N7,$E$3:$F$18,2,FALSE),"") | T7: Drizzle | U7: =$F$3 -> Jackson McLoughlin | V7: =Teams!$D9 -> Quaquaval | W7: 85 | Y7: Gholdengo | Z7: 84
B8: Amoonguss | C8: 12 | E8: 6 | F8: Tyler Gottfredsen | G8: Tyler's Team | H8: TG | I8: CST | O8: 1 | P8: =IFERROR(VLOOKUP(M8,$E$3:$F$18,2,FALSE),"") | Q8: vs | R8: =IFERROR(VLOOKUP(N8,$E$3:$F$18,2,FALSE),"") | T8: Drizzle | U8: =$F$3 -> Jackson McLoughlin | V8: =Teams!$D10 -> Arboliva | W8: 39 | Y8: Cetitan | Z8: 73
B9: Dondozo | C9: 12 | O9: 1 | P9: =IFERROR(VLOOKUP(M9,$E$3:$F$18,2,FALSE),"") | Q9: vs | R9: =IFERROR(VLOOKUP(N9,$E$3:$F$18,2,FALSE),"") | T9: Drizzle | U9: =$F$3 -> Jackson McLoughlin | V9: =Teams!$D11 -> Garganacl | W9: 35 | Y9: Farigiraf | Z9: 60
B10: Tatsugiri | C10: 12 | O10: 1 | P10: =IFERROR(VLOOKUP(M10,$E$3:$F$18,2,FALSE),"") | Q10: vs | R10: =IFERROR(VLOOKUP(N10,$E$3:$F$18,2,FALSE),"") | T10: Drizzle | U10: =$F$3 -> Jackson McLoughlin | V10: =Teams!$D12 -> Cetitan | W10: 73 | Y10: Abomasnow | Z10: 60
B11: Garchomp | C11: 10 | M11: 5 | N11: 1 | O11: 2 | P11: =IFERROR(VLOOKUP(M11,$E$3:$F$18,2,FALSE),"") -> Ryan Tidey | Q11: vs | R11: =IFERROR(VLOOKUP(N11,$E$3:$F$18,2,FALSE),"") -> Jackson McLoughlin | T11: Drizzle | U11: =$F$3 -> Jackson McLoughlin | V11: =Teams!$D13 -> Salamence | W11: 100 | Y11: Arboliva | Z11: 39
B12: Armarouge | C12: 10 | M12: 2 | N12: 3 | O12: 2 | P12: =IFERROR(VLOOKUP(M12,$E$3:$F$18,2,FALSE),"") -> Zach VanSickle | Q12: vs | R12: =IFERROR(VLOOKUP(N12,$E$3:$F$18,2,FALSE),"") -> Dick Hansen | T12: Drizzle | U12: =$F$3 -> Jackson McLoughlin | V12: =Teams!$D14 -> Abomasnow | W12: 60 | Y12: Garganacl | Z12: 35
B13: Grimmsnarl | C13: 10 | M13: 4 | N13: 6 | O13: 2 | P13: =IFERROR(VLOOKUP(M13,$E$3:$F$18,2,FALSE),"") -> Ian Heslin | Q13: vs | R13: =IFERROR(VLOOKUP(N13,$E$3:$F$18,2,FALSE),"") -> Tyler Gottfredsen | T13: Drizzle | U13: =$F$3 -> Jackson McLoughlin | V13: =Teams!$D15 -> Toxapex | W13: 35 | Y13: Toxapex | Z13: 35
B14: Kingambit | C14: 10 | O14: 2 | P14: =IFERROR(VLOOKUP(M14,$E$3:$F$18,2,FALSE),"") | Q14: vs | R14: =IFERROR(VLOOKUP(N14,$E$3:$F$18,2,FALSE),"") | T14: Drizzle | U14: =$F$4 -> Zach VanSickle | V14: =Teams!$H5 -> Annihilape | Y14: {=SORT(V14:W24,2,0)} -> Dragapult | Z14: 142
B15: Maushold | C15: 10 | O15: 2 | P15: =IFERROR(VLOOKUP(M15,$E$3:$F$18,2,FALSE),"") | Q15: vs | R15: =IFERROR(VLOOKUP(N15,$E$3:$F$18,2,FALSE),"") | T15: Drizzle | U15: =$F$4 -> Zach VanSickle | V15: =Teams!$H6 -> Maushold | W15: 111 | Y15: Maushold | Z15: 111
B16: Indeedee-Female | C16: 9 | O16: 2 | P16: =IFERROR(VLOOKUP(M16,$E$3:$F$18,2,FALSE),"") | Q16: vs | R16: =IFERROR(VLOOKUP(N16,$E$3:$F$18,2,FALSE),"") | T16: Drizzle | U16: =$F$4 -> Zach VanSickle | V16: =Teams!$H7 -> Armarouge | W16: 75 | Y16: Grafaiai | Z16: 110
B17: Arcanine | C17: 9 | O17: 2 | P17: =IFERROR(VLOOKUP(M17,$E$3:$F$18,2,FALSE),"") | Q17: vs | R17: =IFERROR(VLOOKUP(N17,$E$3:$F$18,2,FALSE),"") | T17: Drizzle | U17: =$F$4 -> Zach VanSickle | V17: =Teams!$H8 -> Indeedee-Female | W17: 85 | Y17: Slaking | Z17: 100
B18: Dragonite | C18: 9 | O18: 2 | P18: =IFERROR(VLOOKUP(M18,$E$3:$F$18,2,FALSE),"") | Q18: vs | R18: =IFERROR(VLOOKUP(N18,$E$3:$F$18,2,FALSE),"") | T18: Drizzle | U18: =$F$4 -> Zach VanSickle | V18: =Teams!$H9 -> Skeledirge | W18: 66 | Y18: Indeedee-Female | Z18: 85
B19: Volcarona | C19: 9 | M19: 3 | N19: 1 | O19: 3 | P19: =IFERROR(VLOOKUP(M19,$E$3:$F$18,2,FALSE),"") -> Dick Hansen | Q19: vs | R19: =IFERROR(VLOOKUP(N19,$E$3:$F$18,2,FALSE),"") -> Jackson McLoughlin | T19: Drizzle | U19: =$F$4 -> Zach VanSickle | V19: =Teams!$H10 -> Gastrodon | W19: 39 | Y19: Magikarp | Z19: 80
B20: Talonflame | C20: 9 | M20: 2 | N20: 6 | O20: 3 | P20: =IFERROR(VLOOKUP(M20,$E$3:$F$18,2,FALSE),"") -> Zach VanSickle | Q20: vs | R20: =IFERROR(VLOOKUP(N20,$E$3:$F$18,2,FALSE),"") -> Tyler Gottfredsen | T20: Drizzle | U20: =$F$4 -> Zach VanSickle | V20: =Teams!$H11 -> Dragapult | W20: 142 | Y20: Armarouge | Z20: 75
B21: Azumarill | C21: 9 | M21: 4 | N21: 5 | O21: 3 | P21: =IFERROR(VLOOKUP(M21,$E$3:$F$18,2,FALSE),"") -> Ian Heslin | Q21: vs | R21: =IFERROR(VLOOKUP(N21,$E$3:$F$18,2,FALSE),"") -> Ryan Tidey | T21: Drizzle | U21: =$F$4 -> Zach VanSickle | V21: =Teams!$H12 -> Slaking | W21: 100 | Y21: Skeledirge | Z21: 66
B22: Torkoal | C22: 8 | O22: 3 | P22: =IFERROR(VLOOKUP(M22,$E$3:$F$18,2,FALSE),"") | Q22: vs | R22: =IFERROR(VLOOKUP(N22,$E$3:$F$18,2,FALSE),"") | T22: Drizzle | U22: =$F$4 -> Zach VanSickle | V22: =Teams!$H13 -> Grafaiai | W22: 110 | Y22: Magnezone | Z22: 60
B23: Garganacl | C23: 8 | O23: 3 | P23: =IFERROR(VLOOKUP(M23,$E$3:$F$18,2,FALSE),"") | Q23: vs | R23: =IFERROR(VLOOKUP(N23,$E$3:$F$18,2,FALSE),"") | T23: Drizzle | U23: =$F$4 -> Zach VanSickle | V23: =Teams!$H14 -> Magnezone | W23: 60 | Y23: Gastrodon | Z23: 39
B24: Baxcalibur | C24: 8 | O24: 3 | P24: =IFERROR(VLOOKUP(M24,$E$3:$F$18,2,FALSE),"") | Q24: vs | R24: =IFERROR(VLOOKUP(N24,$E$3:$F$18,2,FALSE),"") | T24: Drizzle | U24: =$F$4 -> Zach VanSickle | V24: =Teams!$H15 -> Magikarp | W24: 80 | Y24: Annihilape
B25: Tyranitar | C25: 8 | O25: 3 | P25: =IFERROR(VLOOKUP(M25,$E$3:$F$18,2,FALSE),"") | Q25: vs | R25: =IFERROR(VLOOKUP(N25,$E$3:$F$18,2,FALSE),"") | T25: Drizzle | U25: =$F$5 -> Dick Hansen | V25: =Teams!$L5 -> Sylveon | W25: 60 | Y25: {=SORT(V25:W35,2,0)} -> Lycanroc-Dusk | Z25: 110
B26: Skeledirge | C26: 8 | O26: 3 | P26: =IFERROR(VLOOKUP(M26,$E$3:$F$18,2,FALSE),"") | Q26: vs | R26: =IFERROR(VLOOKUP(N26,$E$3:$F$18,2,FALSE),"") | T26: Drizzle | U26: =$F$5 -> Dick Hansen | V26: =Teams!$L6 -> Kingambit | W26: 50 | Y26: Raichu | Z26: 110
B27: Pelipper | C27: 8 | M27: 2 | N27: 5 | O27: 4 | P27: =IFERROR(VLOOKUP(M27,$E$3:$F$18,2,FALSE),"") -> Zach VanSickle | Q27: vs | R27: =IFERROR(VLOOKUP(N27,$E$3:$F$18,2,FALSE),"") -> Ryan Tidey | T27: Drizzle | U27: =$F$5 -> Dick Hansen | V27: =Teams!$L7 -> Volcarona | W27: 100 | Y27: Pawmot | Z27: 105
B28: Mimikyu | C28: 8 | M28: 1 | N28: 4 | O28: 4 | P28: =IFERROR(VLOOKUP(M28,$E$3:$F$18,2,FALSE),"") -> Jackson McLoughlin | Q28: vs | R28: =IFERROR(VLOOKUP(N28,$E$3:$F$18,2,FALSE),"") -> Ian Heslin | T28: Drizzle | U28: =$F$5 -> Dick Hansen | V28: =Teams!$L8 -> Pelipper | W28: 65 | Y28: Volcarona | Z28: 100
B29: Indeedee-Male | C29: 8 | M29: 3 | N29: 6 | O29: 4 | P29: =IFERROR(VLOOKUP(M29,$E$3:$F$18,2,FALSE),"") -> Dick Hansen | Q29: vs | R29: =IFERROR(VLOOKUP(N29,$E$3:$F$18,2,FALSE),"") -> Tyler Gottfredsen | T29: Drizzle | U29: =$F$5 -> Dick Hansen | V29: =Teams!$L9 -> Palafin | W29: 100 | Y29: Palafin | Z29: 100
B30: Palafin | C30: 8 | O30: 4 | P30: =IFERROR(VLOOKUP(M30,$E$3:$F$18,2,FALSE),"") | Q30: vs | R30: =IFERROR(VLOOKUP(N30,$E$3:$F$18,2,FALSE),"") | T30: Drizzle | U30: =$F$5 -> Dick Hansen | V30: =Teams!$L10 -> Pawmot | W30: 105 | Y30: Toxtricity | Z30: 75
B31: Paldean Tauros (Fire) | C31: 8 | O31: 4 | P31: =IFERROR(VLOOKUP(M31,$E$3:$F$18,2,FALSE),"") | Q31: vs | R31: =IFERROR(VLOOKUP(N31,$E$3:$F$18,2,FALSE),"") | T31: Drizzle | U31: =$F$5 -> Dick Hansen | V31: =Teams!$L11 -> Lycanroc-Dusk | W31: 110 | Y31: Pelipper | Z31: 65
B32: Paldean Tauros (Water) | C32: 8 | O32: 4 | P32: =IFERROR(VLOOKUP(M32,$E$3:$F$18,2,FALSE),"") | Q32: vs | R32: =IFERROR(VLOOKUP(N32,$E$3:$F$18,2,FALSE),"") | T32: Drizzle | U32: =$F$5 -> Dick Hansen | V32: =Teams!$L12 -> Raichu | W32: 110 | Y32: Sylveon | Z32: 60
B33: Paldean Tauros | O33: 4 | P33: =IFERROR(VLOOKUP(M33,$E$3:$F$18,2,FALSE),"") | Q33: vs | R33: =IFERROR(VLOOKUP(N33,$E$3:$F$18,2,FALSE),"") | T33: Drizzle | U33: =$F$5 -> Dick Hansen | V33: =Teams!$L13 -> Mudsdale | W33: 35 | Y33: Kingambit | Z33: 50
B34: Rotom-Wash | C34: 6 | O34: 4 | P34: =IFERROR(VLOOKUP(M34,$E$3:$F$18,2,FALSE),"") | Q34: vs | R34: =IFERROR(VLOOKUP(N34,$E$3:$F$18,2,FALSE),"") | T34: Drizzle | U34: =$F$5 -> Dick Hansen | V34: =Teams!$L14 -> Toxtricity | W34: 75 | Y34: Camerupt | Z34: 40
B35: Dragapult | C35: 6 | M35: 2 | N35: 1 | O35: 5 | P35: =IFERROR(VLOOKUP(M35,$E$3:$F$18,2,FALSE),"") -> Zach VanSickle | Q35: vs | R35: =IFERROR(VLOOKUP(N35,$E$3:$F$18,2,FALSE),"") -> Jackson McLoughlin | T35: Drizzle | U35: =$F$5 -> Dick Hansen | V35: =Teams!$L15 -> Camerupt | W35: 40 | Y35: Mudsdale | Z35: 35
B36: Kilowattrel | C36: 6 | M36: 3 | N36: 5 | O36: 5 | P36: =IFERROR(VLOOKUP(M36,$E$3:$F$18,2,FALSE),"") -> Dick Hansen | Q36: vs | R36: =IFERROR(VLOOKUP(N36,$E$3:$F$18,2,FALSE),"") -> Ryan Tidey | T36: Drizzle | U36: =$F$6 -> Ian Heslin | V36: =Teams!$P5 -> Murkrow | W36: 91 | Y36: {=SORT(V36:W46,2,0)} -> Jolteon | Z36: 130
B37: Ceruledge | C37: 6 | M37: 4 | N37: 6 | O37: 5 | P37: =IFERROR(VLOOKUP(M37,$E$3:$F$18,2,FALSE),"") -> Ian Heslin | Q37: vs | R37: =IFERROR(VLOOKUP(N37,$E$3:$F$18,2,FALSE),"") -> Tyler Gottfredsen | T37: Drizzle | U37: =$F$6 -> Ian Heslin | V37: =Teams!$P6 -> Meowscarada | W37: 123 | Y37: Meowscarada | Z37: 123
B38: Farigiraf | C38: 6 | O38: 5 | P38: =IFERROR(VLOOKUP(M38,$E$3:$F$18,2,FALSE),"") | Q38: vs | R38: =IFERROR(VLOOKUP(N38,$E$3:$F$18,2,FALSE),"") | T38: Drizzle | U38: =$F$6 -> Ian Heslin | V38: =Teams!$P7 -> Garchomp | W38: 102 | Y38: Espathra | Z38: 105
B39: Hariyama | C39: 6 | O39: 5 | P39: =IFERROR(VLOOKUP(M39,$E$3:$F$18,2,FALSE),"") | Q39: vs | R39: =IFERROR(VLOOKUP(N39,$E$3:$F$18,2,FALSE),"") | T39: Drizzle | U39: =$F$6 -> Ian Heslin | V39: =Teams!$P8 -> Arcanine | W39: 95 | Y39: Garchomp | Z39: 102
B40: Pawmot | C40: 6 | O40: 5 | P40: =IFERROR(VLOOKUP(M40,$E$3:$F$18,2,FALSE),"") | Q40: vs | R40: =IFERROR(VLOOKUP(N40,$E$3:$F$18,2,FALSE),"") | T40: Drizzle | U40: =$F$6 -> Ian Heslin | V40: =Teams!$P9 -> Mimikyu | W40: 96 | Y40: Staraptor | Z40: 100
B41: Gengar | C41: 6 | O41: 5 | P41: =IFERROR(VLOOKUP(M41,$E$3:$F$18,2,FALSE),"") | Q41: vs | R41: =IFERROR(VLOOKUP(N41,$E$3:$F$18,2,FALSE),"") | T41: Drizzle | U41: =$F$6 -> Ian Heslin | V41: =Teams!$P10 -> Gothitelle | W41: 65 | Y41: Mimikyu | Z41: 96
B42: Gallade | C42: 6 | O42: 5 | P42: =IFERROR(VLOOKUP(M42,$E$3:$F$18,2,FALSE),"") | Q42: vs | R42: =IFERROR(VLOOKUP(N42,$E$3:$F$18,2,FALSE),"") | T42: Drizzle | U42: =$F$6 -> Ian Heslin | V42: =Teams!$P11 -> Scizor | W42: 65 | Y42: Arcanine | Z42: 95
B43: Gothitelle | C43: 6 | M43: 2 | N43: 3 | O43: 6 | P43: =IFERROR(VLOOKUP(M43,$E$3:$F$18,2,FALSE),"") -> Zach VanSickle | Q43: vs | R43: =IFERROR(VLOOKUP(N43,$E$3:$F$18,2,FALSE),"") -> Dick Hansen | T43: Drizzle | U43: =$F$6 -> Ian Heslin | V43: =Teams!$P12 -> Jolteon | W43: 130 | Y43: Murkrow | Z43: 91
B44: Rotom-Heat | C44: 6 | M44: 1 | N44: 6 | O44: 6 | P44: =IFERROR(VLOOKUP(M44,$E$3:$F$18,2,FALSE),"") -> Jackson McLoughlin | Q44: vs | R44: =IFERROR(VLOOKUP(N44,$E$3:$F$18,2,FALSE),"") -> Tyler Gottfredsen | T44: Drizzle | U44: =$F$6 -> Ian Heslin | V44: =Teams!$P13 -> Espathra | W44: 105 | Y44: Rotom-Frost | Z44: 86
B45: Lycanroc-Dusk | C45: 6 | M45: 4 | N45: 5 | O45: 6 | P45: =IFERROR(VLOOKUP(M45,$E$3:$F$18,2,FALSE),"") -> Ian Heslin | Q45: vs | R45: =IFERROR(VLOOKUP(N45,$E$3:$F$18,2,FALSE),"") -> Ryan Tidey | T45: Drizzle | U45: =$F$6 -> Ian Heslin | V45: =Teams!$P14 -> Rotom-Frost | W45: 86 | Y45: Gothitelle | Z45: 65
B46: Gyarados | C46: 5 | O46: 6 | P46: =IFERROR(VLOOKUP(M46,$E$3:$F$18,2,FALSE),"") | Q46: vs | R46: =IFERROR(VLOOKUP(N46,$E$3:$F$18,2,FALSE),"") | T46: Drizzle | U46: =$F$6 -> Ian Heslin | V46: =Teams!$P15 -> Staraptor | W46: 100 | Y46: Scizor | Z46: 65
B47: Flamigo | C47: 5 | O47: 6 | P47: =IFERROR(VLOOKUP(M47,$E$3:$F$18,2,FALSE),"") | Q47: vs | R47: =IFERROR(VLOOKUP(N47,$E$3:$F$18,2,FALSE),"") | T47: Drizzle | U47: =$F$7 -> Ryan Tidey | V47: =Teams!$T5 -> Hydreigon | W47: 98 | Y47: {=SORT(V47:W57,2,0)} -> Gengar | Z47: 110
B48: Abomasnow | C48: 5 | O48: 6 | P48: =IFERROR(VLOOKUP(M48,$E$3:$F$18,2,FALSE),"") | Q48: vs | R48: =IFERROR(VLOOKUP(N48,$E$3:$F$18,2,FALSE),"") | T48: Drizzle | U48: =$F$7 -> Ryan Tidey | V48: =Teams!$T6 -> Amoonguss | W48: 30 | Y48: Hydreigon | Z48: 98
B49: Salamence | C49: 5 | O49: 6 | P49: =IFERROR(VLOOKUP(M49,$E$3:$F$18,2,FALSE),"") | Q49: vs | R49: =IFERROR(VLOOKUP(N49,$E$3:$F$18,2,FALSE),"") | T49: Drizzle | U49: =$F$7 -> Ryan Tidey | V49: =Teams!$T7 -> Gengar | W49: 110 | Y49: Lilligant | Z49: 90
B50: Breloom | C50: 5 | O50: 6 | P50: =IFERROR(VLOOKUP(M50,$E$3:$F$18,2,FALSE),"") | Q50: vs | R50: =IFERROR(VLOOKUP(N50,$E$3:$F$18,2,FALSE),"") | T50: Drizzle | U50: =$F$7 -> Ryan Tidey | V50: =Teams!$T8 -> Azumarill | W50: 50 | Y50: Flamigo | Z50: 90
B51: Gastrodon | C51: 5 | M51: 3 | N51: 1 | O51: 7 | P51: =IFERROR(VLOOKUP(M51,$E$3:$F$18,2,FALSE),"") -> Dick Hansen | Q51: vs | R51: =IFERROR(VLOOKUP(N51,$E$3:$F$18,2,FALSE),"") -> Jackson McLoughlin | T51: Drizzle | U51: =$F$7 -> Ryan Tidey | V51: =Teams!$T9 -> Hariyama | W51: 50 | Y51: Orthworm | Z51: 65
B52: Oranguru | C52: 5 | M52: 2 | N52: 4 | O52: 7 | P52: =IFERROR(VLOOKUP(M52,$E$3:$F$18,2,FALSE),"") -> Zach VanSickle | Q52: vs | R52: =IFERROR(VLOOKUP(N52,$E$3:$F$18,2,FALSE),"") -> Ian Heslin | T52: Drizzle | U52: =$F$7 -> Ryan Tidey | V52: =Teams!$T10 -> Oranguru | W52: 60 | Y52: Oranguru | Z52: 60
B53: Tinkaton | C53: 5 | M53: 5 | N53: 6 | O53: 7 | P53: =IFERROR(VLOOKUP(M53,$E$3:$F$18,2,FALSE),"") -> Ryan Tidey | Q53: vs | R53: =IFERROR(VLOOKUP(N53,$E$3:$F$18,2,FALSE),"") -> Tyler Gottfredsen | T53: Drizzle | U53: =$F$7 -> Ryan Tidey | V53: =Teams!$T11 -> Orthworm | W53: 65 | Y53: Azumarill | Z53: 50
B54: Quaquaval | C54: 5 | O54: 7 | P54: =IFERROR(VLOOKUP(M54,$E$3:$F$18,2,FALSE),"") | Q54: vs | R54: =IFERROR(VLOOKUP(N54,$E$3:$F$18,2,FALSE),"") | T54: Drizzle | U54: =$F$7 -> Ryan Tidey | V54: =Teams!$T12 -> Torkoal | W54: 20 | Y54: Hariyama | Z54: 50
B55: Gardevoir | C55: 5 | O55: 7 | P55: =IFERROR(VLOOKUP(M55,$E$3:$F$18,2,FALSE),"") | Q55: vs | R55: =IFERROR(VLOOKUP(N55,$E$3:$F$18,2,FALSE),"") | T55: Drizzle | U55: =$F$7 -> Ryan Tidey | V55: =Teams!$T13 -> Chansey | W55: 50 | Y55: Chansey | Z55: 50
B56: Jumpluff | C56: 5 | O56: 7 | P56: =IFERROR(VLOOKUP(M56,$E$3:$F$18,2,FALSE),"") | Q56: vs | R56: =IFERROR(VLOOKUP(N56,$E$3:$F$18,2,FALSE),"") | T56: Drizzle | U56: =$F$7 -> Ryan Tidey | V56: =Teams!$T14 -> Lilligant | W56: 90 | Y56: Amoonguss | Z56: 30
B57: Scizor | C57: 4 | O57: 7 | P57: =IFERROR(VLOOKUP(M57,$E$3:$F$18,2,FALSE),"") | Q57: vs | R57: =IFERROR(VLOOKUP(N57,$E$3:$F$18,2,FALSE),"") | T57: Drizzle | U57: =$F$7 -> Ryan Tidey | V57: =Teams!$T15 -> Flamigo | W57: 90 | Y57: Torkoal | Z57: 20
B58: Cetitan | C58: 4 | O58: 7 | P58: =IFERROR(VLOOKUP(M58,$E$3:$F$18,2,FALSE),"") | Q58: vs | R58: =IFERROR(VLOOKUP(N58,$E$3:$F$18,2,FALSE),"") | T58: Drizzle | U58: =$F$8 -> Tyler Gottfredsen | V58: =Teams!$X5 -> Dondozo | W58: 35 | Y58: {=SORT(V58:W68,2,0)} -> Talonflame | Z58: 126
B59: Arboliva | C59: 4 | T59: Drizzle | U59: =$F$8 -> Tyler Gottfredsen | V59: =Teams!$X6 -> Tatsugiri | W59: 82 | Y59: Lycanroc-Midday | Z59: 112
B60: Corviknight | C60: 4 | M60: Drizzle Playoffs | T60: Drizzle | U60: =$F$8 -> Tyler Gottfredsen | V60: =Teams!$X7 -> Dragonite | W60: 80 | Y60: Pachirisu | Z60: 95
B61: Hatterene | C61: 4 | M61: T1 | N61: T2 | O61: Week | P61: Player 1 | R61: Player 2 | T61: Drizzle | U61: =$F$8 -> Tyler Gottfredsen | V61: =Teams!$X8 -> Gallade | W61: 80 | Y61: Baxcalibur | Z61: 87
B62: Glimmora | C62: 4 | O62: WR1 | P62: =Data!$AN$7 -> Tyler Gottfredsen | Q62: vs | R62: =Data!$AN$10 -> Dick Hansen | T62: Drizzle | U62: =$F$8 -> Tyler Gottfredsen | V62: =Teams!$X9 -> Baxcalibur | W62: 87 | Y62: Tatsugiri | Z62: 82
B63: Drednaw | C63: 4 | O63: WR1 | P63: =Data!$AN$8 -> Jackson McLoughlin | Q63: vs | R63: =Data!$AN$9 -> Ryan Tidey | T63: Drizzle | U63: =$F$8 -> Tyler Gottfredsen | V63: =Teams!$X10 -> Talonflame | W63: 126 | Y63: Dragonite | Z63: 80
B64: Bellibolt | C64: 4 | O64: WR2 | P64: =Data!$AN$5 -> Ian Heslin | Q64: vs | R64: =IF('Playoff Stats'!$D$24=2,'Playoff Stats'!$C$16,'Playoff Stats'!$G$16) -> Ryan Tidey | T64: Drizzle | U64: =$F$8 -> Tyler Gottfredsen | V64: =Teams!$X11 -> Tyranitar | W64: 61 | Y64: Gallade | Z64: 80
B65: Clodsire | C65: 4 | O65: WR2 | P65: =Data!$AN$6 -> Zach VanSickle | Q65: vs | R65: =IF('Playoff Stats'!$D$13=2,'Playoff Stats'!$C$5,'Playoff Stats'!$G$5) -> Tyler Gottfredsen | T65: Drizzle | U65: =$F$8 -> Tyler Gottfredsen | V65: =Teams!$X12 -> Lycanroc-Midday | W65: 112 | Y65: Tyranitar | Z65: 61
B66: Salazzle | C66: 4 | O66: LR1 | P66: Jackson McLoughlin | Q66: vs | R66: Dick Hansen | T66: Drizzle | U66: =$F$8 -> Tyler Gottfredsen | V66: =Teams!$X13 -> Pachirisu | W66: 95 | Y66: Gulpin | Z66: 40
B67: Cryogonal | C67: 4 | O67: LR1 | P67: Ryan Tidey | Q67: vs | R67: Zach VanSickle | T67: Drizzle | U67: =$F$8 -> Tyler Gottfredsen | V67: =Teams!$X14 -> Azurill | W67: 20 | Y67: Dondozo | Z67: 35
B68: Tsareena | C68: 4 | O68: LR2 | P68: =IF('Playoff Stats'!$V$13=2,'Playoff Stats'!$U$5,'Playoff Stats'!$Y$5) -> Jackson McLoughlin | Q68: vs | R68: =IF('Playoff Stats'!$V$24=2,'Playoff Stats'!$U$16,'Playoff Stats'!$Y$16) -> Zach VanSickle | T68: Drizzle | U68: =$F$8 -> Tyler Gottfredsen | V68: =Teams!$X15 -> Gulpin | W68: 40 | Y68: Azurill | Z68: 20
B69: Barraskewda | C69: 4 | O69: LR2 | P69: =IFERROR(VLOOKUP(M69,$E$3:$F$18,2,FALSE),"") | Q69: vs | R69: =IFERROR(VLOOKUP(N69,$E$3:$F$18,2,FALSE),"")
B70: Vaporeon | C70: 4 | O70: WR3 | P70: =IF('Playoff Stats'!$M$13=2,'Playoff Stats'!$L$5,'Playoff Stats'!$P$5) -> Ian Heslin | Q70: vs | R70: =IF('Playoff Stats'!$M$24=2,'Playoff Stats'!$L$16,'Playoff Stats'!$P$16) -> Tyler Gottfredsen
B71: Floatzel | C71: 4 | O71: WR3 | P71: =IFERROR(VLOOKUP(M71,$E$3:$F$18,2,FALSE),"") | Q71: vs | R71: =IFERROR(VLOOKUP(N71,$E$3:$F$18,2,FALSE),"")
B72: Avalugg | C72: 4 | O72: LF | P72: =IF('Playoff Stats'!$AN$13=2,'Playoff Stats'!$AQ$5,'Playoff Stats'!$AM$5) -> Tyler Gottfredsen | Q72: vs | R72: =IF('Playoff Stats'!$AE$13=2,'Playoff Stats'!$AD$5,'Playoff Stats'!$AH$5) -> Zach VanSickle
B73: Toxapex | C73: 4 | O73: WF | P73: =IF('Playoff Stats'!$AN$13=2,'Playoff Stats'!$AM$5,'Playoff Stats'!$AQ$5) -> Ian Heslin | Q73: vs | R73: =IF('Playoff Stats'!$AW$13=2,'Playoff Stats'!$AV$5,'Playoff Stats'!$AZ$5) -> Tyler Gottfredsen
B74: Lilligant | C74: 3
B75: Sableye | C75: 3
B76: Espathra | C76: 3
B77: Toedscruel | C77: 3
B78: Grafaiai | C78: 3
B79: Houndstone | C79: 3
B80: Raichu | C80: 3
B81: Bronzong | C81: 3
B82: Weavile | C82: 3
B83: Noivern | C83: 3
B84: Mudsdale | C84: 3
B85: Slowking | C85: 3
... B385: Charcadet | C385: 1
B1280: Nidoqueen
B1281: Nidoking
B1282: Dwebble
B1283: Crustle
B1284: Fennekin
B1285: Wishiwashi

Sheet Data
C3: Violet | L3: Standings | R3: Series W/L | Y3: Games | AF3: Differential | AN3: Sorted
C4: Coach Info | E4: Pokemon | G4: G.P. | H4: K | I4: D | J4: Diff | L4: # | M4: Coach | N4: W | O4: L | P4: G | Q4: Diff | R4: 1 | S4: 2 | T4: 3 | U4: 4 | V4: 5 | W4: 6 | X4: 7 | Y4: 1 | Z4: 2 | AA4: 3 | AB4: 4 | AC4: 5 | AD4: 6 | AE4: 7 | AF4: 1 | AG4: 2 | AH4: 3 | AI4: 4 | AJ4: 5 | AK4: 6 | AL4: 7 | AN4: Coach | AO4: W | AP4: L | AQ4: G | AR4: Diff
C5: =Source!$F$3 -> Jackson McLoughlin | D5: =Source!$H$3 -> JM | E5: {=IFERROR(VLOOKUP(F5:F71,{Pokedex!$I$2:$I73,Pokedex!$H$2:$H73},2,FALSE),"")} | F5: {=Teams!$D$5:$D$15} -> Gholdengo | G5: =COUNTIF(Stats!$C$6:$BN$38,F5) -> 6 | H5: =SUMIF(Stats!$C$6:$BN$38,F5,Stats!$D$6:$BN$38) -> 13 | I5: =SUMIF(Stats!$C$6:$BN$38,F5,Stats!$E$6:$BN$38) -> 7 | J5: =H5-I5 -> 6 | L5: 1 | M5: {=Source!F3:F8} -> Jackson McLoughlin | N5: =(countif($R5:$X5,"W")) -> 3 | O5: =(countif($R5:$X5,"L")) -> 4 | P5: =sum($Y5:$AE5) -> 8 | Q5: =SUM(AF5:AL5) -> 0 | R5: {=iferror(vlookup($M5:$M10,{Schedule!$C$7:$C$9,Schedule!$D$7:$D$9;Schedule!$H$7:$H$9,Schedule!$G$7:$G$9},2,false),"")} -> L | S5: {=iferror(vlookup($M5:$M10,{Schedule!$C$12:$C$14,Schedule!$D$12:$D$14;Schedule!$H$12:$H$14,Schedule!$G$12:$G$14},2,false),"")} -> W | T5: {=iferror(vlookup($M5:$M10,{Schedule!$C$17:$C$19,Schedule!$D$17:$D$19;Schedule!$H$17:$H$19,Schedule!$G$17:$G$19},2,false),"")} -> W | U5: {=iferror(vlookup($M5:$M10,{Schedule!$C$22:$C$24,Schedule!$D$22:$D$24;Schedule!$H$22:$H$24,Schedule!$G$22:$G$24},2,false),"")} -> L | V5: {=iferror(vlookup($M5:$M10,{Schedule!$C$27:$C$29,Schedule!$D$27:$D$29;Schedule!$H$27:$H$29,Schedule!$G$27:$G$29},2,false),"")} -> L | W5: {=iferror(vlookup($M5:$M10,{Schedule!$C$32:$C$34,Schedule!$D$32:$D$34;Schedule!$H$32:$H$34,Schedule!$G$32:$G$34},2,false),"")} -> L | X5: {=iferror(vlookup($M5:$M10,{Schedule!$C$37:$C$39,Schedule!$D$37:$D$39;Schedule!$H$37:$H$39,Schedule!$G$37:$G$39},2,false),"")} -> W | Y5: =Stats!$H$13 -> 1 | Z5: =Stats!$Q$13 -> 2 | AA5: =Stats!$Z$13 -> 2 | AB5: =Stats!$AE$24 -> 0 | AC5: =Stats!$AR$13 -> 1 | AD5: =Stats!$AW$24 -> 0 | AE5: =Stats!$BJ$13 -> 2 | AF5: {=iferror(vlookup($M5:$M10,{Schedule!$C$7:$C$9,Schedule!$E$7:$E$9;Schedule!$H$7:$H$9,Schedule!$F$7:$F$9},2,false),"")} -> -1 | AG5: {=iferror(vlookup($M5:$M10,{Schedule!$C$12:$C$14,Schedule!$E$12:$E$14;Schedule!$H$12:$H$14,Schedule!$F$12:$F$14},2,false),"")} -> 5 | AH5: {=iferror(vlookup($M5:$M10,{Schedule!$C$17:$C$19,Schedule!$E$17:$E$19;Schedule!$H$17:$H$19,Schedule!$F$17:$F$19},2,false),"")} -> 5 | AI5: {=iferror(vlookup($M5:$M10,{Schedule!$C$22:$C$24,Schedule!$E$22:$E$24;Schedule!$H$22:$H$24,Schedule!$F$22:$F$24},2,false),"")} -> -5 | AJ5: {=iferror(vlookup($M5:$M10,{Schedule!$C$27:$C$29,Schedule!$E$27:$E$29;Schedule!$H$27:$H$29,Schedule!$F$27:$F$29},2,false),"")} -> -4 | AK5: {=iferror(vlookup($M5:$M10,{Schedule!$C$32:$C$34,Schedule!$E$32:$E$34;Schedule!$H$32:$H$34,Schedule!$F$32:$F$34},2,false),"")} -> -5 | AL5: {=iferror(vlookup($M5:$M10,{Schedule!$C$37:$C$39,Schedule!$E$37:$E$39;Schedule!$H$37:$H$39,Schedule!$F$37:$F$39},2,false),"")} -> 5 | AN5: {=sort(M5:Q10,2,false,3,true,4,false,5,false)} -> Ian Heslin | AO5: 7 | AP5: 0 | AQ5: 14 | AR5: 26
D6: =Source!$H$3 -> JM | F6: Paldean Tauros (Fire) | G6: =COUNTIF(Stats!$C$6:$BN$38,F6) -> 0 | H6: =SUMIF(Stats!$C$6:$BN$38,F6,Stats!$D$6:$BN$38) -> 0 | I6: =SUMIF(Stats!$C$6:$BN$38,F6,Stats!$E$6:$BN$38) -> 0 | J6: =H6-I6 -> 0 | L6: 2 | M6: Zach VanSickle | N6: =(countif($R6:$X6,"W")) -> 4 | O6: =(countif($R6:$X6,"L")) -> 3 | P6: =sum($Y6:$AE6) -> 9 | Q6: =SUM(AF6:AL6) -> 12 | R6: W | S6: W | T6: L | U6: L | V6: W | W6: W | X6: L | Y6: =Stats!$D$13 -> 2 | Z6: =Stats!$M$24 -> 2 | AA6: =Stats!$V$24 -> 0 | AB6: =Stats!$AE$13 -> 1 | AC6: =Stats!$AN$13 -> 2 | AD6: =Stats!$AW$13 -> 2 | AE6: =Stats!$BF$24 -> 0 | AF6: 1 | AG6: 9 | AH6: -4 | AI6: 1 | AJ6: 4 | AK6: 5 | AL6: -4 | AN6: Zach VanSickle | AO6: 4 | AP6: 3 | AQ6: 9 | AR6: 12
D7: =Source!$H$3 -> JM | F7: Kilowattrel | G7: =COUNTIF(Stats!$C$6:$BN$38,F7) -> 6 | H7: =SUMIF(Stats!$C$6:$BN$38,F7,Stats!$D$6:$BN$38) -> 5 | I7: =SUMIF(Stats!$C$6:$BN$38,F7,Stats!$E$6:$BN$38) -> 9 | J7: =H7-I7 -> -4 | L7: 3 | M7: Dick Hansen | N7: =(countif($R7:$X7,"W")) -> 0 | O7: =(countif($R7:$X7,"L")) -> 7 | P7: =sum($Y7:$AE7) -> 3 | Q7: =SUM(AF7:AL7) -> -41 | R7: L | S7: L | T7: L | U7: L | V7: L | W7: L | X7: L | Y7: =Stats!$D$24 -> 0 | Z7: =Stats!$Q$24 -> 0 | AA7: =Stats!$V$13 -> 0 | AB7: =Stats!$AE$35 -> 0 | AC7: =Stats!$AN$24 -> 1 | AD7: =Stats!$BA$13 -> 1 | AE7: =Stats!$BF$13 -> 1 | AF7: -5 | AG7: -9 | AH7: -5 | AI7: -7 | AJ7: -5 | AK7: -5 | AL7: -5 | AN7: Tyler Gottfredsen | AO7: 4 | AP7: 3 | AQ7: 7 | AR7: 5
D8: =Source!$H$3 -> JM | F8: Farigiraf | G8: =COUNTIF(Stats!$C$6:$BN$38,F8) -> 3 | H8: =SUMIF(Stats!$C$6:$BN$38,F8,Stats!$D$6:$BN$38) -> 2 | I8: =SUMIF(Stats!$C$6:$BN$38,F8,Stats!$E$6:$BN$38) -> 5 | J8: =H8-I8 -> -3 | L8: 4 | M8: Ian Heslin | N8: =(countif($R8:$X8,"W")) -> 7 | O8: =(countif($R8:$X8,"L")) -> 0 | P8: =sum($Y8:$AE8) -> 14 | Q8: =SUM(AF8:AL8) -> 26 | R8: W | S8: W | T8: W | U8: W | V8: W | W8: W | X8: W | Y8: =Stats!$H$24 -> 2 | Z8: =Stats!$M$35 -> 2 | AA8: =Stats!$V$35 -> 2 | AB8: =Stats!$AI$24 -> 2 | AC8: =Stats!$AN$35 -> 2 | AD8: =Stats!$AW$35 -> 2 | AE8: =Stats!$BJ$24 -> 2 | AF8: 5 | AG8: 5 | AH8: 4 | AI8: 5 | AJ8: 3 | AK8: 0 | AL8: 4 | AN8: Jackson McLoughlin | AO8: 3 | AP8: 4 | AQ8: 8 | AR8: 0
D9: =Source!$H$3 -> JM | F9: Quaquaval | G9: =COUNTIF(Stats!$C$6:$BN$38,F9) -> 1 | H9: =SUMIF(Stats!$C$6:$BN$38,F9,Stats!$D$6:$BN$38) -> 0 | I9: =SUMIF(Stats!$C$6:$BN$38,F9,Stats!$E$6:$BN$38) -> 0 | J9: =H9-I9 -> 0 | L9: 5 | M9: Ryan Tidey | N9: =(countif($R9:$X9,"W")) -> 3 | O9: =(countif($R9:$X9,"L")) -> 4 | P9: =sum($Y9:$AE9) -> 8 | Q9: =SUM(AF9:AL9) -> -2 | R9: W | S9: L | T9: L | U9: W | V9: W | W9: L | X9: L | Y9: =Stats!$D$35 -> 2 | Z9: =Stats!$M$13 -> 0 | AA9: =Stats!$Z$35 -> 0 | AB9: =Stats!$AI$13 -> 2 | AC9: =Stats!$AR$24 -> 2 | AD9: =Stats!$BA$35 -> 1 | AE9: =Stats!$BF$35 -> 1 | AF9: 3 | AG9: -5 | AH9: -4 | AI9: -1 | AJ9: 5 | AK9: 0 | AL9: 0 | AN9: Ryan Tidey | AO9: 3 | AP9: 4 | AQ9: 8 | AR9: -2
D10: =Source!$H$3 -> JM | F10: Arboliva | G10: =COUNTIF(Stats!$C$6:$BN$38,F10) -> 2 | H10: =SUMIF(Stats!$C$6:$BN$38,F10,Stats!$D$6:$BN$38) -> 0 | I10: =SUMIF(Stats!$C$6:$BN$38,F10,Stats!$E$6:$BN$38) -> 1 | J10: =H10-I10 -> -1 | L10: 6 | M10: Tyler Gottfredsen | N10: =(countif($R10:$X10,"W")) -> 4 | O10: =(countif($R10:$X10,"L")) -> 3 | P10: =sum($Y10:$AE10) -> 7 | Q10: =SUM(AF10:AL10) -> 5 | R10: L | S10: L | T10: W | U10: W | V10: L | W10: W | X10: W | Y10: =Stats!$H$35 -> 1 | Z10: =Stats!$Q$35 -> 0 | AA10: =Stats!$Z$24 -> 2 | AB10: =Stats!$AI$35 -> 2 | AC10: =Stats!$AR$35 -> 0 | AD10: =Stats!$BA$24 -> 2 | AE10: =Stats!$NJ$35 | AF10: -3 | AG10: -5 | AH10: 4 | AI10: 7 | AJ10: -3 | AK10: 5 | AL10: 0 | AN10: Dick Hansen | AO10: 0 | AP10: 7 | AQ10: 3 | AR10: -41
D11: =Source!$H$3 -> JM | F11: Garganacl | G11: =COUNTIF(Stats!$C$6:$BN$38,F11) -> 5 | H11: =SUMIF(Stats!$C$6:$BN$38,F11,Stats!$D$6:$BN$38) -> 10 | I11: =SUMIF(Stats!$C$6:$BN$38,F11,Stats!$E$6:$BN$38) -> 7 | J11: =H11-I11 -> 3
D12: =Source!$H$3 -> JM | F12: Cetitan | G12: =COUNTIF(Stats!$C$6:$BN$38,F12) -> 3 | H12: =SUMIF(Stats!$C$6:$BN$38,F12,Stats!$D$6:$BN$38) -> 2 | I12: =SUMIF(Stats!$C$6:$BN$38,F12,Stats!$E$6:$BN$38) -> 4 | J12: =H12-I12 -> -2 | L12: Playoff Standings | R12: Series W/L | Y12: Games | AF12: Differential | AN12: Sorted
D13: =Source!$H$3 -> JM | F13: Salamence | G13: =COUNTIF(Stats!$C$6:$BN$38,F13) -> 0 | H13: =SUMIF(Stats!$C$6:$BN$38,F13,Stats!$D$6:$BN$38) -> 0 | I13: =SUMIF(Stats!$C$6:$BN$38,F13,Stats!$E$6:$BN$38) -> 0 | J13: =H13-I13 -> 0 | L13: # | M13: Coach | N13: W | O13: L | P13: G | Q13: Diff | R13: 1 | S13: 2 | T13: 3 | U13: 4 | V13: 5 | W13: 6 | X13: 7 | Y13: 1 | Z13: 2 | AA13: 3 | AB13: 4 | AC13: 5 | AD13: 6 | AE13: 7 | AF13: 1 | AG13: 2 | AH13: 3 | AI13: 4 | AJ13: 5 | AK13: 6 | AL13: 7 | AN13: Coach | AO13: W | AP13: L | AQ13: G | AR13: Diff
D14: =Source!$H$3 -> JM | F14: Abomasnow | G14: =COUNTIF(Stats!$C$6:$BN$38,F14) -> 4 | H14: =SUMIF(Stats!$C$6:$BN$38,F14,Stats!$D$6:$BN$38) -> 4 | I14: =SUMIF(Stats!$C$6:$BN$38,F14,Stats!$E$6:$BN$38) -> 4 | J14: =H14-I14 -> 0 | L14: 1 | M14: {=AN5:AN10} -> Ian Heslin | N14: =(countif($R14:$X14,"W")) -> 3 | O14: =(countif($R14:$X14,"L")) -> 0 | P14: =sum($Y14:$AE14) -> 6 | Q14: =SUM(AF14:AL14) -> 10 | R14: {=iferror(vlookup($M14:$M19,{'Playoff Schedule'!$C$7:$C$8,'Playoff Schedule'!$D$7:$D$8;'Playoff Schedule'!$H$7:$H$8,'Playoff Schedule'!$G$7:$G$8},2,false),"")} | S14: {=iferror(vlookup($M14:$M19,{'Playoff Schedule'!$C$11:$C$12,'Playoff Schedule'!$D$11:$D$12;'Playoff Schedule'!$H$11:$H$12,'Playoff Schedule'!$G$11:$G$12},2,false),"")} -> W | T14: {=iferror(vlookup($M14:$M19,{'Playoff Schedule'!$C$15:$C$16,'Playoff Schedule'!$D$15:$D$16;'Playoff Schedule'!$H$15:$H$16,'Playoff Schedule'!$G$15:$G$16},2,false),"")} | U14: {=iferror(vlookup($M14:$M19,{'Playoff Schedule'!$C$19,'Playoff Schedule'!$D$19;'Playoff Schedule'!$H$19,'Playoff Schedule'!$G$19},2,false),"")} | V14: {=iferror(vlookup($M14:$M19,{'Playoff Schedule'!$C$22,'Playoff Schedule'!$D$22;'Playoff Schedule'!$H$22,'Playoff Schedule'!$G$22},2,false),"")} -> W | W14: {=iferror(vlookup($M14:$M19,{'Playoff Schedule'!$C$25,'Playoff Schedule'!$D$25;'Playoff Schedule'!$H$25,'Playoff Schedule'!$G$25},2,false),"")} | X14: {=iferror(vlookup($M14:$M19,{'Playoff Schedule'!$C$28,'Playoff Schedule'!$D$28;'Playoff Schedule'!$H$28,'Playoff Schedule'!$G$28},2,false),"")} -> W | Z14: ='Playoff Stats'!$M$13 -> 2 | AC14: ='Playoff Stats'!$AN$13 -> 2 | AE14: ='Playoff Stats'!$BF$13 -> 2 | AF14: {=iferror(vlookup($M14:$M19,{'Playoff Schedule'!$C$7:$C$9,'Playoff Schedule'!$E$7:$E$9;'Playoff Schedule'!$H$7:$H$9,'Playoff Schedule'!$F$7:$F$9},2,false),"")} | AG14: {=iferror(vlookup($M14:$M19,{'Playoff Schedule'!$C$11:$C$12,'Playoff Schedule'!$E$11:$E$12;'Playoff Schedule'!$H$11:$H$12,'Playoff Schedule'!$F$11:$F$12},2,false),"")} -> 5 | AH14: {=iferror(vlookup($M14:$M19,{'Playoff Schedule'!$C$15:$C$16,'Playoff Schedule'!$E$15:$E$16;'Playoff Schedule'!$H$15:$H$16,'Playoff Schedule'!$F$15:$F$16},2,false),"")} | AI14: {=iferror(vlookup($M14:$M19,{'Playoff Schedule'!$C$19,'Playoff Schedule'!$E$19;'Playoff Schedule'!$H$19,'Playoff Schedule'!$F$19},2,false),"")} | AJ14: {=iferror(vlookup($M14:$M19,{'Playoff Schedule'!$C$22,'Playoff Schedule'!$E$22;'Playoff Schedule'!$H$22,'Playoff Schedule'!$F$22},2,false),"")} -> 3 | AK14: {=iferror(vlookup($M14:$M19,{'Playoff Schedule'!$C$25,'Playoff Schedule'!$E$25;'Playoff Schedule'!$H$25,'Playoff Schedule'!$F$25},2,false),"")} | AL14: {=iferror(vlookup($M14:$M19,{'Playoff Schedule'!$C$28,'Playoff Schedule'!$E$28;'Playoff Schedule'!$H$28,'Playoff Schedule'!$F$28},2,false),"")} -> 2 | AN14: {=sort(M14:Q19,2,false,3,true,4,false,5,false)} -> Ian Heslin | AO14: 3 | AP14: 0 | AQ14: 6 | AR14: 10
D15: =Source!$H$3 -> JM | F15: Toxapex | G15: =COUNTIF(Stats!$C$6:$BN$38,F15) -> 2 | H15: =SUMIF(Stats!$C$6:$BN$38,F15,Stats!$D$6:$BN$38) -> 0 | I15: =SUMIF(Stats!$C$6:$BN$38,F15,Stats!$E$6:$BN$38) -> 4 | J15: =H15-I15 -> -4 | L15: 2 | M15: Zach VanSickle | N15: =(countif($R15:$X15,"W")) -> 2 | O15: =(countif($R15:$X15,"L")) -> 2 | P15: =sum($Y15:$AE15) -> 5 | Q15: =SUM(AF15:AL15) -> -8 | S15: L | T15: W | U15: W | W15: L | Z15: ='Playoff Stats'!$M$24 -> 1 | AA15: ='Playoff Stats'!$Z$24 -> 2 | AB15: ='Playoff Stats'!$AI$13 -> 2 | AD15: ='Playoff Stats'!$BA$13 -> 0 | AG15: -5 | AH15: 2 | AI15: 0 | AK15: -5 | AN15: Tyler Gottfredsen | AO15: 3 | AP15: 2 | AQ15: 7 | AR15: 10
C16: =Source!$F$4 -> Zach VanSickle | D16: =Source!$H$4 -> ZV | F16: {=Teams!$H$5:$H$15} -> Annihilape | G16: =COUNTIF(Stats!$C$6:$BN$38,F16) -> 2 | H16: =SUMIF(Stats!$C$6:$BN$38,F16,Stats!$D$6:$BN$38) -> 3 | I16: =SUMIF(Stats!$C$6:$BN$38,F16,Stats!$E$6:$BN$38) -> 2 | J16: =H16-I16 -> 1 | L16: 3 | M16: Tyler Gottfredsen | N16: =(countif($R16:$X16,"W")) -> 3 | O16: =(countif($R16:$X16,"L")) -> 2 | P16: =sum($Y16:$AE16) -> 7 | Q16: =SUM(AF16:AL16) -> 10 | R16: W | S16: W | V16: L | W16: W | X16: L | Y16: ='Playoff Stats'!$D$13 -> 2 | Z16: ='Playoff Stats'!$Q$24 -> 2 | AC16: ='Playoff Stats'!$AR$13 -> 1 | AD16: ='Playoff Stats'!$AW$13 -> 2 | AE16: ='Playoff Stats'!$BJ$13 -> 0 | AF16: 5 | AG16: 5 | AJ16: -3 | AK16: 5 | AL16: -2 | AN16: Zach VanSickle | AO16: 2 | AP16: 2 | AQ16: 5 | AR16: -8
D17: =Source!$H$4 -> ZV | F17: Maushold | G17: =COUNTIF(Stats!$C$6:$BN$38,F17) -> 2 | H17: =SUMIF(Stats!$C$6:$BN$38,F17,Stats!$D$6:$BN$38) -> 0 | I17: =SUMIF(Stats!$C$6:$BN$38,F17,Stats!$E$6:$BN$38) -> 1 | J17: =H17-I17 -> -1 | L17: 4 | M17: Jackson McLoughlin | N17: =(countif($R17:$X17,"W")) -> 1 | O17: =(countif($R17:$X17,"L")) -> 2 | P17: =sum($Y17:$AE17) -> 2 | Q17: =SUM(AF17:AL17) -> 0 | R17: L | T17: W | U17: L | Y17: ='Playoff Stats'!$D$24 -> 0 | AA17: ='Playoff Stats'!$V$13 -> 2 | AB17: ='Playoff Stats'!$AE$13 -> 0 | AF17: 0 | AH17: 0 | AI17: 0 | AN17: Ryan Tidey | AO17: 1 | AP17: 2 | AQ17: 3 | AR17: -7
D18: =Source!$H$4 -> ZV | F18: Armarouge | G18: =COUNTIF(Stats!$C$6:$BN$38,F18) -> 4 | H18: =SUMIF(Stats!$C$6:$BN$38,F18,Stats!$D$6:$BN$38) -> 3 | I18: =SUMIF(Stats!$C$6:$BN$38,F18,Stats!$E$6:$BN$38) -> 3 | J18: =H18-I18 -> 0 | L18: 5 | M18: Ryan Tidey | N18: =(countif($R18:$X18,"W")) -> 1 | O18: =(countif($R18:$X18,"L")) -> 2 | P18: =sum($Y18:$AE18) -> 3 | Q18: =SUM(AF18:AL18) -> -7 | R18: W | S18: L | T18: L | Y18: ='Playoff Stats'!$H$24 -> 2 | Z18: ='Playoff Stats'!$Q$13 -> 0 | AA18: ='Playoff Stats'!$V$24 -> 1 | AF18: 0 | AG18: -5 | AH18: -2 | AN18: Jackson McLoughlin | AO18: 1 | AP18: 2 | AQ18: 2 | AR18: 0
D19: =Source!$H$4 -> ZV | F19: Indeedee-Female | G19: =COUNTIF(Stats!$C$6:$BN$38,F19) -> 4 | H19: =SUMIF(Stats!$C$6:$BN$38,F19,Stats!$D$6:$BN$38) -> 2 | I19: =SUMIF(Stats!$C$6:$BN$38,F19,Stats!$E$6:$BN$38) -> 5 | J19: =H19-I19 -> -3 | L19: 6 | M19: Dick Hansen | N19: =(countif($R19:$X19,"W")) -> 0 | O19: =(countif($R19:$X19,"L")) -> 2 | P19: =sum($Y19:$AE19) -> 0 | Q19: =SUM(AF19:AL19) -> -5 | R19: L | T19: L | Y19: ='Playoff Stats'!$H$13 -> 0 | AA19: ='Playoff Stats'!$Z$13 -> 0 | AF19: -5 | AH19: 0 | AN19: Dick Hansen | AO19: 0 | AP19: 2 | AQ19: 0 | AR19: -5
D20: =Source!$H$4 -> ZV | F20: Skeledirge | G20: =COUNTIF(Stats!$C$6:$BN$38,F20) -> 3 | H20: =SUMIF(Stats!$C$6:$BN$38,F20,Stats!$D$6:$BN$38) -> 8 | I20: =SUMIF(Stats!$C$6:$BN$38,F20,Stats!$E$6:$BN$38) -> 6 | J20: =H20-I20 -> 2
D21: =Source!$H$4 -> ZV | F21: Gastrodon | G21: =COUNTIF(Stats!$C$6:$BN$38,F21) -> 5 | H21: =SUMIF(Stats!$C$6:$BN$38,F21,Stats!$D$6:$BN$38) -> 11 | I21: =SUMIF(Stats!$C$6:$BN$38,F21,Stats!$E$6:$BN$38) -> 11 | J21: =H21-I21 -> 0 | AN21: Combined
D22: =Source!$H$4 -> ZV | F22: Dragapult | G22: =COUNTIF(Stats!$C$6:$BN$38,F22) -> 5 | H22: =SUMIF(Stats!$C$6:$BN$38,F22,Stats!$D$6:$BN$38) -> 6 | I22: =SUMIF(Stats!$C$6:$BN$38,F22,Stats!$E$6:$BN$38) -> 7 | J22: =H22-I22 -> -1 | AN22: Coach | AO22: W | AP22: L | AQ22: G | AR22: Diff
D23: =Source!$H$4 -> ZV | F23: Slaking | G23: =COUNTIF(Stats!$C$6:$BN$38,F23) -> 5 | H23: =SUMIF(Stats!$C$6:$BN$38,F23,Stats!$D$6:$BN$38) -> 6 | I23: =SUMIF(Stats!$C$6:$BN$38,F23,Stats!$E$6:$BN$38) -> 3 | J23: =H23-I23 -> 3 | AN23: {=AN5:AN10} -> Ian Heslin | AO23: =AO5+N14 -> 10 | AP23: =AP5+O14 -> 0 | AQ23: =AQ5+P14 -> 20 | AR23: =AR5+Q14 -> 36
D24: =Source!$H$4 -> ZV | F24: Grafaiai | G24: =COUNTIF(Stats!$C$6:$BN$38,F24) -> 5 | H24: =SUMIF(Stats!$C$6:$BN$38,F24,Stats!$D$6:$BN$38) -> 0 | I24: =SUMIF(Stats!$C$6:$BN$38,F24,Stats!$E$6:$BN$38) -> 4 | J24: =H24-I24 -> -4 | AN24: Zach VanSickle | AO24: =AO6+N15 -> 6 | AP24: =AP6+O15 -> 5 | AQ24: =AQ6+P15 -> 14 | AR24: =AR6+Q15 -> 4
D25: =Source!$H$4 -> ZV | F25: Magnezone | G25: =COUNTIF(Stats!$C$6:$BN$38,F25) -> 4 | H25: =SUMIF(Stats!$C$6:$BN$38,F25,Stats!$D$6:$BN$38) -> 13 | I25: =SUMIF(Stats!$C$6:$BN$38,F25,Stats!$E$6:$BN$38) -> 2 | J25: =H25-I25 -> 11 | AN25: Tyler Gottfredsen | AO25: =AO7+N16 -> 7 | AP25: =AP7+O16 -> 5 | AQ25: =AQ7+P16 -> 14 | AR25: =AR7+Q16 -> 15
D26: =Source!$H$4 -> ZV | F26: Magikarp | G26: =COUNTIF(Stats!$C$6:$BN$38,F26) -> 0 | H26: =SUMIF(Stats!$C$6:$BN$38,F26,Stats!$D$6:$BN$38) -> 0 | I26: =SUMIF(Stats!$C$6:$BN$38,F26,Stats!$E$6:$BN$38) -> 0 | J26: =H26-I26 -> 0 | AN26: Jackson McLoughlin | AO26: =AO8+N17 -> 4 | AP26: =AP8+O17 -> 6 | AQ26: =AQ8+P17 -> 10 | AR26: =AR8+Q17 -> 0
C27: =Source!$F$5 -> Dick Hansen | D27: =Source!$H$5 -> DH | F27: {=Teams!$L$5:$L$15} -> Sylveon | G27: =COUNTIF(Stats!$C$6:$BN$38,F27) -> 4 | H27: =SUMIF(Stats!$C$6:$BN$38,F27,Stats!$D$6:$BN$38) -> 3 | I27: =SUMIF(Stats!$C$6:$BN$38,F27,Stats!$E$6:$BN$38) -> 7 | J27: =H27-I27 -> -4 | AN27: Ryan Tidey | AO27: =AO9+N18 -> 4 | AP27: =AP9+O18 -> 6 | AQ27: =AQ9+P18 -> 11 | AR27: =AR9+Q18 -> -9
D28: =Source!$H$5 -> DH | F28: Kingambit | G28: =COUNTIF(Stats!$C$6:$BN$38,F28) -> 4 | H28: =SUMIF(Stats!$C$6:$BN$38,F28,Stats!$D$6:$BN$38) -> 2 | I28: =SUMIF(Stats!$C$6:$BN$38,F28,Stats!$E$6:$BN$38) -> 5 | J28: =H28-I28 -> -3 | AN28: Dick Hansen | AO28: =AO10+N19 -> 0 | AP28: =AP10+O19 -> 9 | AQ28: =AQ10+P19 -> 3 | AR28: =AR10+Q19 -> -46
D29: =Source!$H$5 -> DH | F29: Volcarona | G29: =COUNTIF(Stats!$C$6:$BN$38,F29) -> 4 | H29: =SUMIF(Stats!$C$6:$BN$38,F29,Stats!$D$6:$BN$38) -> 3 | I29: =SUMIF(Stats!$C$6:$BN$38,F29,Stats!$E$6:$BN$38) -> 7 | J29: =H29-I29 -> -4
D30: =Source!$H$5 -> DH | F30: Pelipper | G30: =COUNTIF(Stats!$C$6:$BN$38,F30) -> 4 | H30: =SUMIF(Stats!$C$6:$BN$38,F30,Stats!$D$6:$BN$38) -> 1 | I30: =SUMIF(Stats!$C$6:$BN$38,F30,Stats!$E$6:$BN$38) -> 2 | J30: =H30-I30 -> -1
D31: =Source!$H$5 -> DH | F31: Palafin | G31: =COUNTIF(Stats!$C$6:$BN$38,F31) -> 4 | H31: =SUMIF(Stats!$C$6:$BN$38,F31,Stats!$D$6:$BN$38) -> 0 | I31: =SUMIF(Stats!$C$6:$BN$38,F31,Stats!$E$6:$BN$38) -> 8 | J31: =H31-I31 -> -8
D32: =Source!$H$5 -> DH | F32: Pawmot | G32: =COUNTIF(Stats!$C$6:$BN$38,F32) -> 4 | H32: =SUMIF(Stats!$C$6:$BN$38,F32,Stats!$D$6:$BN$38) -> 2 | I32: =SUMIF(Stats!$C$6:$BN$38,F32,Stats!$E$6:$BN$38) -> 8 | J32: =H32-I32 -> -6
D33: =Source!$H$5 -> DH | F33: Lycanroc-Dusk | G33: =COUNTIF(Stats!$C$6:$BN$38,F33) -> 0 | H33: =SUMIF(Stats!$C$6:$BN$38,F33,Stats!$D$6:$BN$38) -> 0 | I33: =SUMIF(Stats!$C$6:$BN$38,F33,Stats!$E$6:$BN$38) -> 0 | J33: =H33-I33 -> 0
D34: =Source!$H$5 -> DH | F34: Raichu | G34: =COUNTIF(Stats!$C$6:$BN$38,F34) -> 0 | H34: =SUMIF(Stats!$C$6:$BN$38,F34,Stats!$D$6:$BN$38) -> 0 | I34: =SUMIF(Stats!$C$6:$BN$38,F34,Stats!$E$6:$BN$38) -> 0 | J34: =H34-I34 -> 0
D35: =Source!$H$5 -> DH | F35: Mudsdale | G35: =COUNTIF(Stats!$C$6:$BN$38,F35) -> 0 | H35: =SUMIF(Stats!$C$6:$BN$38,F35,Stats!$D$6:$BN$38) -> 0 | I35: =SUMIF(Stats!$C$6:$BN$38,F35,Stats!$E$6:$BN$38) -> 0 | J35: =H35-I35 -> 0
D36: =Source!$H$5 -> DH | F36: Toxtricity | G36: =COUNTIF(Stats!$C$6:$BN$38,F36) -> 0 | H36: =SUMIF(Stats!$C$6:$BN$38,F36,Stats!$D$6:$BN$38) -> 0 | I36: =SUMIF(Stats!$C$6:$BN$38,F36,Stats!$E$6:$BN$38) -> 0 | J36: =H36-I36 -> 0
D37: =Source!$H$5 -> DH | F37: Camerupt | G37: =COUNTIF(Stats!$C$6:$BN$38,F37) -> 0 | H37: =SUMIF(Stats!$C$6:$BN$38,F37,Stats!$D$6:$BN$38) -> 0 | I37: =SUMIF(Stats!$C$6:$BN$38,F37,Stats!$E$6:$BN$38) -> 0 | J37: =H37-I37 -> 0
C38: =Source!$F$6 -> Ian Heslin | D38: =Source!$H$6 -> IH | F38: {=Teams!$P$5:$P$15} -> Murkrow | G38: =COUNTIF(Stats!$C$6:$BN$38,F38) -> 7 | H38: =SUMIF(Stats!$C$6:$BN$38,F38,Stats!$D$6:$BN$38) -> 7 | I38: =SUMIF(Stats!$C$6:$BN$38,F38,Stats!$E$6:$BN$38) -> 7 | J38: =H38-I38 -> 0
D39: =Source!$H$6 -> IH | F39: Meowscarada | G39: =COUNTIF(Stats!$C$6:$BN$38,F39) -> 7 | H39: =SUMIF(Stats!$C$6:$BN$38,F39,Stats!$D$6:$BN$38) -> 12 | I39: =SUMIF(Stats!$C$6:$BN$38,F39,Stats!$E$6:$BN$38) -> 8 | J39: =H39-I39 -> 4
D40: =Source!$H$6 -> IH | F40: Garchomp | G40: =COUNTIF(Stats!$C$6:$BN$38,F40) -> 7 | H40: =SUMIF(Stats!$C$6:$BN$38,F40,Stats!$D$6:$BN$38) -> 16 | I40: =SUMIF(Stats!$C$6:$BN$38,F40,Stats!$E$6:$BN$38) -> 5 | J40: =H40-I40 -> 11
D41: =Source!$H$6 -> IH | F41: Arcanine | G41: =COUNTIF(Stats!$C$6:$BN$38,F41) -> 4 | H41: =SUMIF(Stats!$C$6:$BN$38,F41,Stats!$D$6:$BN$38) -> 8 | I41: =SUMIF(Stats!$C$6:$BN$38,F41,Stats!$E$6:$BN$38) -> 1 | J41: =H41-I41 -> 7
D42: =Source!$H$6 -> IH | F42: Mimikyu | G42: =COUNTIF(Stats!$C$6:$BN$38,F42) -> 4 | H42: =SUMIF(Stats!$C$6:$BN$38,F42,Stats!$D$6:$BN$38) -> 4 | I42: =SUMIF(Stats!$C$6:$BN$38,F42,Stats!$E$6:$BN$38) -> 1 | J42: =H42-I42 -> 3
D43: =Source!$H$6 -> IH | F43: Gothitelle | G43: =COUNTIF(Stats!$C$6:$BN$38,F43) -> 2 | H43: =SUMIF(Stats!$C$6:$BN$38,F43,Stats!$D$6:$BN$38) -> 4 | I43: =SUMIF(Stats!$C$6:$BN$38,F43,Stats!$E$6:$BN$38) -> 3 | J43: =H43-I43 -> 1
D44: =Source!$H$6 -> IH | F44: Scizor | G44: =COUNTIF(Stats!$C$6:$BN$38,F44) -> 2 | H44: =SUMIF(Stats!$C$6:$BN$38,F44,Stats!$D$6:$BN$38) -> 1 | I44: =SUMIF(Stats!$C$6:$BN$38,F44,Stats!$E$6:$BN$38) -> 0 | J44: =H44-I44 -> 1
D45: =Source!$H$6 -> IH | F45: Jolteon | G45: =COUNTIF(Stats!$C$6:$BN$38,F45) -> 3 | H45: =SUMIF(Stats!$C$6:$BN$38,F45,Stats!$D$6:$BN$38) -> 3 | I45: =SUMIF(Stats!$C$6:$BN$38,F45,Stats!$E$6:$BN$38) -> 1 | J45: =H45-I45 -> 2
D46: =Source!$H$6 -> IH | F46: Espathra | G46: =COUNTIF(Stats!$C$6:$BN$38,F46) -> 1 | H46: =SUMIF(Stats!$C$6:$BN$38,F46,Stats!$D$6:$BN$38) -> 0 | I46: =SUMIF(Stats!$C$6:$BN$38,F46,Stats!$E$6:$BN$38) -> 1 | J46: =H46-I46 -> -1
D47: =Source!$H$6 -> IH | F47: Rotom-Frost | G47: =COUNTIF(Stats!$C$6:$BN$38,F47) -> 1 | H47: =SUMIF(Stats!$C$6:$BN$38,F47,Stats!$D$6:$BN$38) -> 0 | I47: =SUMIF(Stats!$C$6:$BN$38,F47,Stats!$E$6:$BN$38) -> 0 | J47: =H47-I47 -> 0
D48: =Source!$H$6 -> IH | F48: Staraptor | G48: =COUNTIF(Stats!$C$6:$BN$38,F48) -> 3 | H48: =SUMIF(Stats!$C$6:$BN$38,F48,Stats!$D$6:$BN$38) -> 3 | I48: =SUMIF(Stats!$C$6:$BN$38,F48,Stats!$E$6:$BN$38) -> 5 | J48: =H48-I48 -> -2
C49: =Source!$F$7 -> Ryan Tidey | D49: =Source!$H$7 -> RT | F49: {=Teams!$T$5:$T$15} -> Hydreigon | G49: =COUNTIF(Stats!$C$6:$BN$38,F49) -> 3 | H49: =SUMIF(Stats!$C$6:$BN$38,F49,Stats!$D$6:$BN$38) -> 2 | I49: =SUMIF(Stats!$C$6:$BN$38,F49,Stats!$E$6:$BN$38) -> 5 | J49: =H49-I49 -> -3
D50: =Source!$H$7 -> RT | F50: Amoonguss | G50: =COUNTIF(Stats!$C$6:$BN$38,F50) -> 3 | H50: =SUMIF(Stats!$C$6:$BN$38,F50,Stats!$D$6:$BN$38) -> 2 | I50: =SUMIF(Stats!$C$6:$BN$38,F50,Stats!$E$6:$BN$38) -> 4 | J50: =H50-I50 -> -2
D51: =Source!$H$7 -> RT | F51: Gengar | G51: =COUNTIF(Stats!$C$6:$BN$38,F51) -> 2 | H51: =SUMIF(Stats!$C$6:$BN$38,F51,Stats!$D$6:$BN$38) -> 0 | I51: =SUMIF(Stats!$C$6:$BN$38,F51,Stats!$E$6:$BN$38) -> 1 | J51: =H51-I51 -> -1
D52: =Source!$H$7 -> RT | F52: Azumarill | G52: =COUNTIF(Stats!$C$6:$BN$38,F52) -> 5 | H52: =SUMIF(Stats!$C$6:$BN$38,F52,Stats!$D$6:$BN$38) -> 8 | I52: =SUMIF(Stats!$C$6:$BN$38,F52,Stats!$E$6:$BN$38) -> 7 | J52: =H52-I52 -> 1
D53: =Source!$H$7 -> RT | F53: Hariyama | G53: =COUNTIF(Stats!$C$6:$BN$38,F53) -> 3 | H53: =SUMIF(Stats!$C$6:$BN$38,F53,Stats!$D$6:$BN$38) -> 3 | I53: =SUMIF(Stats!$C$6:$BN$38,F53,Stats!$E$6:$BN$38) -> 4 | J53: =H53-I53 -> -1
D54: =Source!$H$7 -> RT | F54: Oranguru | G54: =COUNTIF(Stats!$C$6:$BN$38,F54) -> 2 | H54: =SUMIF(Stats!$C$6:$BN$38,F54,Stats!$D$6:$BN$38) -> 0 | I54: =SUMIF(Stats!$C$6:$BN$38,F54,Stats!$E$6:$BN$38) -> 2 | J54: =H54-I54 -> -2
D55: =Source!$H$7 -> RT | F55: Orthworm | G55: =COUNTIF(Stats!$C$6:$BN$38,F55) -> 2 | H55: =SUMIF(Stats!$C$6:$BN$38,F55,Stats!$D$6:$BN$38) -> 2 | I55: =SUMIF(Stats!$C$6:$BN$38,F55,Stats!$E$6:$BN$38) -> 2 | J55: =H55-I55 -> 0
D56: =Source!$H$7 -> RT | F56: Torkoal | G56: =COUNTIF(Stats!$C$6:$BN$38,F56) -> 2 | H56: =SUMIF(Stats!$C$6:$BN$38,F56,Stats!$D$6:$BN$38) -> 9 | I56: =SUMIF(Stats!$C$6:$BN$38,F56,Stats!$E$6:$BN$38) -> 5 | J56: =H56-I56 -> 4
D57: =Source!$H$7 -> RT | F57: Chansey | G57: =COUNTIF(Stats!$C$6:$BN$38,F57) -> 2 | H57: =SUMIF(Stats!$C$6:$BN$38,F57,Stats!$D$6:$BN$38) -> 3 | I57: =SUMIF(Stats!$C$6:$BN$38,F57,Stats!$E$6:$BN$38) -> 3 | J57: =H57-I57 -> 0
D58: =Source!$H$7 -> RT | F58: Lilligant | G58: =COUNTIF(Stats!$C$6:$BN$38,F58) -> 2 | H58: =SUMIF(Stats!$C$6:$BN$38,F58,Stats!$D$6:$BN$38) -> 1 | I58: =SUMIF(Stats!$C$6:$BN$38,F58,Stats!$E$6:$BN$38) -> 4 | J58: =H58-I58 -> -3
D59: =Source!$H$7 -> RT | F59: Flamigo | G59: =COUNTIF(Stats!$C$6:$BN$38,F59) -> 2 | H59: =SUMIF(Stats!$C$6:$BN$38,F59,Stats!$D$6:$BN$38) -> 3 | I59: =SUMIF(Stats!$C$6:$BN$38,F59,Stats!$E$6:$BN$38) -> 2 | J59: =H59-I59 -> 1
C60: =Source!$F$8 -> Tyler Gottfredsen | D60: =Source!$H$8 -> TG | F60: {=Teams!$X$5:$X$15} -> Dondozo | G60: =COUNTIF(Stats!$C$6:$BN$38,F60) -> 6 | H60: =SUMIF(Stats!$C$6:$BN$38,F60,Stats!$D$6:$BN$38) -> 9 | I60: =SUMIF(Stats!$C$6:$BN$38,F60,Stats!$E$6:$BN$38) -> 9 | J60: =H60-I60 -> 0
D61: =Source!$H$8 -> TG | F61: Tatsugiri | G61: =COUNTIF(Stats!$C$6:$BN$38,F61) -> 6 | H61: =SUMIF(Stats!$C$6:$BN$38,F61,Stats!$D$6:$BN$38) -> 3 | I61: =SUMIF(Stats!$C$6:$BN$38,F61,Stats!$E$6:$BN$38) -> 6 | J61: =H61-I61 -> -3
D62: =Source!$H$8 -> TG | F62: Dragonite | G62: =COUNTIF(Stats!$C$6:$BN$38,F62) -> 6 | H62: =SUMIF(Stats!$C$6:$BN$38,F62,Stats!$D$6:$BN$38) -> 13 | I62: =SUMIF(Stats!$C$6:$BN$38,F62,Stats!$E$6:$BN$38) -> 6 | J62: =H62-I62 -> 7
D63: =Source!$H$8 -> TG | F63: Gallade | G63: =COUNTIF(Stats!$C$6:$BN$38,F63) -> 1 | H63: =SUMIF(Stats!$C$6:$BN$38,F63,Stats!$D$6:$BN$38) -> 3 | I63: =SUMIF(Stats!$C$6:$BN$38,F63,Stats!$E$6:$BN$38) -> 1 | J63: =H63-I63 -> 2
D64: =Source!$H$8 -> TG | F64: Baxcalibur | G64: =COUNTIF(Stats!$C$6:$BN$38,F64) -> 1 | H64: =SUMIF(Stats!$C$6:$BN$38,F64,Stats!$D$6:$BN$38) -> 3 | I64: =SUMIF(Stats!$C$6:$BN$38,F64,Stats!$E$6:$BN$38) -> 0 | J64: =H64-I64 -> 3
D65: =Source!$H$8 -> TG | F65: Talonflame | G65: =COUNTIF(Stats!$C$6:$BN$38,F65) -> 3 | H65: =SUMIF(Stats!$C$6:$BN$38,F65,Stats!$D$6:$BN$38) -> 0 | I65: =SUMIF(Stats!$C$6:$BN$38,F65,Stats!$E$6:$BN$38) -> 4 | J65: =H65-I65 -> -4
D66: =Source!$H$8 -> TG | F66: Tyranitar | G66: =COUNTIF(Stats!$C$6:$BN$38,F66) -> 5 | H66: =SUMIF(Stats!$C$6:$BN$38,F66,Stats!$D$6:$BN$38) -> 5 | I66: =SUMIF(Stats!$C$6:$BN$38,F66,Stats!$E$6:$BN$38) -> 1 | J66: =H66-I66 -> 4
D67: =Source!$H$8 -> TG | F67: Lycanroc-Midday | G67: =COUNTIF(Stats!$C$6:$BN$38,F67) -> 4 | H67: =SUMIF(Stats!$C$6:$BN$38,F67,Stats!$D$6:$BN$38) -> 2 | I67: =SUMIF(Stats!$C$6:$BN$38,F67,Stats!$E$6:$BN$38) -> 2 | J67: =H67-I67 -> 0
D68: =Source!$H$8 -> TG | F68: Pachirisu | G68: =COUNTIF(Stats!$C$6:$BN$38,F68) -> 2 | H68: =SUMIF(Stats!$C$6:$BN$38,F68,Stats!$D$6:$BN$38) -> 0 | I68: =SUMIF(Stats!$C$6:$BN$38,F68,Stats!$E$6:$BN$38) -> 3 | J68: =H68-I68 -> -3
D69: =Source!$H$8 -> TG | F69: Azurill | G69: =COUNTIF(Stats!$C$6:$BN$38,F69) -> 0 | H69: =SUMIF(Stats!$C$6:$BN$38,F69,Stats!$D$6:$BN$38) -> 0 | I69: =SUMIF(Stats!$C$6:$BN$38,F69,Stats!$E$6:$BN$38) -> 0 | J69: =H69-I69 -> 0
D70: =Source!$H$8 -> TG | F70: Gulpin | G70: =COUNTIF(Stats!$C$6:$BN$38,F70) -> 0 | H70: =SUMIF(Stats!$C$6:$BN$38,F70,Stats!$D$6:$BN$38) -> 0 | I70: =SUMIF(Stats!$C$6:$BN$38,F70,Stats!$E$6:$BN$38) -> 0 | J70: =H70-I70 -> 0

Sheet Drought Stats
C3: Week 1 | L3: Week 2 | U3: Week 3 | AD3: Week 4 | AM3: Week 5 | AV3: Week 6 | BE3: Week 7 | BN3: Week 8 | BW3: Week 9
C5: =Schedule!$J$7 | D5: K | E5: D | F5: Diff | G5: =#REF! -> #REF! | H5: K | I5: D | J5: Diff | L5: =Schedule!$J$12 | M5: K | N5: D | O5: Diff | P5: =#REF! -> #REF! | Q5: K | R5: D | S5: Diff | U5: =Schedule!$J$17 | V5: K | W5: D | X5: Diff | Y5: =#REF! -> #REF! | Z5: K | AA5: D | AB5: Diff | AD5: =Schedule!$J$22 | AE5: K | AF5: D | AG5: Diff | AH5: =#REF! -> #REF! | AI5: K | AJ5: D | AK5: Diff | AM5: =Schedule!$J$27 | AN5: K | AO5: D | AP5: Diff | AQ5: =#REF! -> #REF! | AR5: K | AS5: D | AT5: Diff | AV5: =Schedule!$J$32 | AW5: K | AX5: D | AY5: Diff | AZ5: =#REF! -> #REF! | BA5: K | BB5: D | BC5: Diff | BE5: =Schedule!$J$37 | BF5: K | BG5: D | BH5: Diff | BI5: =#REF! -> #REF! | BJ5: K | BK5: D | BL5: Diff | BN5: =#REF! -> #REF! | BO5: K | BP5: D | BQ5: Diff | BR5: =#REF! -> #REF! | BS5: K | BT5: D | BU5: Diff | BW5: =#REF! -> #REF! | BX5: K | BY5: D | BZ5: Diff | CA5: =#REF! -> #REF! | CB5: K | CC5: D | CD5: Diff
F6: =D6-E6 -> 0 | J6: =H6-I6 -> 0 | O6: =M6-N6 -> 0 | S6: =Q6-R6 -> 0 | X6: =V6-W6 -> 0 | AB6: =Z6-AA6 -> 0 | AG6: =AE6-AF6 -> 0 | AK6: =AI6-AJ6 -> 0 | AP6: =AN6-AO6 -> 0 | AT6: =AR6-AS6 -> 0 | AY6: =AW6-AX6 -> 0 | BC6: =BA6-BB6 -> 0 | BH6: =SUM(BF6-BG6) -> 0 | BL6: =BJ6-BK6 -> 0 | BQ6: =BO6-BP6 -> 0 | BU6: =BS6-BT6 -> 0 | BZ6: =BX6-BY6 -> 0 | CD6: =CB6-CC6 -> 0
F7: =D7-E7 -> 0 | J7: =H7-I7 -> 0 | O7: =M7-N7 -> 0 | S7: =Q7-R7 -> 0 | X7: =V7-W7 -> 0 | AB7: =Z7-AA7 -> 0 | AG7: =AE7-AF7 -> 0 | AK7: =AI7-AJ7 -> 0 | AP7: =AN7-AO7 -> 0 | AT7: =AR7-AS7 -> 0 | AY7: =AW7-AX7 -> 0 | BC7: =BA7-BB7 -> 0 | BH7: =SUM(BF7-BG7) -> 0 | BL7: =BJ7-BK7 -> 0 | BQ7: =BO7-BP7 -> 0 | BU7: =BS7-BT7 -> 0 | BZ7: =BX7-BY7 -> 0 | CD7: =CB7-CC7 -> 0
F8: =D8-E8 -> 0 | J8: =H8-I8 -> 0 | O8: =M8-N8 -> 0 | S8: =Q8-R8 -> 0 | X8: =V8-W8 -> 0 | AB8: =Z8-AA8 -> 0 | AG8: =AE8-AF8 -> 0 | AK8: =AI8-AJ8 -> 0 | AP8: =AN8-AO8 -> 0 | AT8: =AR8-AS8 -> 0 | AY8: =AW8-AX8 -> 0 | BC8: =BA8-BB8 -> 0 | BH8: =SUM(BF8-BG8) -> 0 | BL8: =BJ8-BK8 -> 0 | BQ8: =BO8-BP8 -> 0 | BU8: =BS8-BT8 -> 0 | BZ8: =BX8-BY8 -> 0 | CD8: =CB8-CC8 -> 0
F9: =D9-E9 -> 0 | J9: =H9-I9 -> 0 | O9: =M9-N9 -> 0 | S9: =Q9-R9 -> 0 | X9: =V9-W9 -> 0 | AB9: =Z9-AA9 -> 0 | AG9: =AE9-AF9 -> 0 | AK9: =AI9-AJ9 -> 0 | AP9: =AN9-AO9 -> 0 | AT9: =AR9-AS9 -> 0 | AY9: =AW9-AX9 -> 0 | BC9: =BA9-BB9 -> 0 | BH9: =SUM(BF9-BG9) -> 0 | BL9: =BJ9-BK9 -> 0 | BQ9: =BO9-BP9 -> 0 | BU9: =BS9-BT9 -> 0 | BZ9: =BX9-BY9 -> 0 | CD9: =CB9-CC9 -> 0
F10: =D10-E10 -> 0 | J10: =H10-I10 -> 0 | O10: =M10-N10 -> 0 | S10: =Q10-R10 -> 0 | X10: =V10-W10 -> 0 | AB10: =Z10-AA10 -> 0 | AG10: =AE10-AF10 -> 0 | AK10: =AI10-AJ10 -> 0 | AP10: =AN10-AO10 -> 0 | AT10: =AR10-AS10 -> 0 | AY10: =AW10-AX10 -> 0 | BC10: =BA10-BB10 -> 0 | BH10: =SUM(BF10-BG10) -> 0 | BL10: =BJ10-BK10 -> 0 | BQ10: =BO10-BP10 -> 0 | BU10: =BS10-BT10 -> 0 | BZ10: =BX10-BY10 -> 0 | CD10: =CB10-CC10 -> 0
F11: =D11-E11 -> 0 | J11: =H11-I11 -> 0 | O11: =M11-N11 -> 0 | S11: =Q11-R11 -> 0 | X11: =V11-W11 -> 0 | AB11: =Z11-AA11 -> 0 | AG11: =AE11-AF11 -> 0 | AK11: =AI11-AJ11 -> 0 | AP11: =AN11-AO11 -> 0 | AT11: =AR11-AS11 -> 0 | AY11: =AW11-AX11 -> 0 | BC11: =BA11-BB11 -> 0 | BH11: =SUM(BF11-BG11) -> 0 | BL11: =BJ11-BK11 -> 0 | BQ11: =BO11-BP11 -> 0 | BU11: =BS11-BT11 -> 0 | BZ11: =BX11-BY11 -> 0 | CD11: =CB11-CC11 -> 0
C12: Differential | D12: =SUM(F6:F11) -> 0 | G12: Differential | H12: =SUM(J6:J11) -> 0 | L12: Differential | M12: =SUM(O6:O11) -> 0 | P12: Differential | Q12: =SUM(S6:S11) -> 0 | U12: Differential | V12: =SUM(X6:X11) -> 0 | Y12: Differential | Z12: =SUM(AB6:AB11) -> 0 | AD12: Differential | AE12: =SUM(AG6:AG11) -> 0 | AH12: Differential | AI12: =SUM(AK6:AK11) -> 0 | AM12: Differential | AN12: =SUM(AP6:AP11) -> 0 | AQ12: Differential | AR12: =SUM(AT6:AT11) -> 0 | AV12: Differential | AW12: =SUM(AY6:AY11) -> 0 | AZ12: Differential | BA12: =SUM(BC6:BC11) -> 0 | BE12: Differential | BF12: =SUM(BH6:BH11) -> 0 | BI12: Differential | BJ12: =SUM(BL6:BL11) -> 0 | BN12: Differential | BO12: =SUM(BQ6:BQ11) -> 0 | BR12: Differential | BS12: =SUM(BU6:BU11) -> 0 | BW12: Differential | BX12: =SUM(BZ6:BZ11) -> 0 | CA12: Differential | CB12: =SUM(CD6:CD11) -> 0
C13: Games Won | G13: Games Won | L13: Games Won | P13: Games Won | U13: Games Won | Y13: Games Won | AD13: Games Won | AH13: Games Won | AM13: Games Won | AQ13: Games Won | AV13: Games Won | AZ13: Games Won | BE13: Games Won | BI13: Games Won | BN13: Games Won | BR13: Games Won | BW13: Games Won | CA13: Games Won
C14: Replays | D14: 1 | E14: 2 | F14: 3 | G14: Series Outcome | I14: =IF(D13=2,"W",IF(H13=2,"L",)) | J14: =IF(H13=2,"W",IF(D13=2,"L",)) | L14: Replays | M14: 1 | N14: 2 | O14: 3 | P14: Series Outcome | R14: =IF(M13=2,"W",IF(Q13=2,"L",)) | S14: =IF(Q13=2,"W",IF(M13=2,"L",)) | U14: Replays | V14: 1 | W14: 2 | X14: 3 | Y14: Series Outcome | AA14: =IF(V13=2,"W",IF(Z13=2,"L",)) | AB14: =IF(Z13=2,"W",IF(V13=2,"L",)) | AD14: Replays | AE14: 1 | AF14: 2 | AG14: 3 | AH14: Series Outcome | AJ14: =IF(AE13=2,"W",IF(AI13=2,"L",)) | AK14: =IF(AI13=2,"W",IF(AE13=2,"L",)) | AM14: Replays | AN14: 1 | AO14: 2 | AP14: 3 | AQ14: Series Outcome | AS14: =IF(AN13=2,"W",IF(AR13=2,"L",)) | AT14: =IF(AR13=2,"W",IF(AN13=2,"L",)) | AV14: Replays | AW14: 1 | AX14: 2 | AY14: 3 | AZ14: Series Outcome | BB14: =IF(AW13=2,"W",IF(BA13=2,"L",)) | BC14: =IF(BA13=2,"W",IF(AW13=2,"L",)) | BE14: Replays | BF14: 1 | BG14: 2 | BH14: 3 | BI14: Series Outcome | BK14: =IF(BF13=2,"W",IF(BJ13=2,"L",)) | BL14: =IF(BJ13=2,"W",IF(BF13=2,"L",)) | BN14: Replays | BO14: 1 | BP14: 2 | BQ14: 3 | BR14: Series Outcome | BT14: =IF(BO13=2,"W",IF(BS13=2,"L",)) | BU14: =IF(BS13=2,"W",IF(BO13=2,"L",)) | BW14: Replays | BX14: 1 | BY14: 2 | BZ14: 3 | CA14: Series Outcome | CC14: =IF(BX13=2,"W",IF(CB13=2,"L",)) | CD14: =IF(CB13=2,"W",IF(BX13=2,"L",))
C16: =Schedule!$J$8 | D16: K | E16: D | F16: Diff | G16: =#REF! -> #REF! | H16: K | I16: D | J16: Diff | L16: =Schedule!$J$13 | M16: K | N16: D | O16: Diff | P16: =#REF! -> #REF! | Q16: K | R16: D | S16: Diff | U16: =Schedule!$J$18 | V16: K | W16: D | X16: Diff | Y16: =#REF! -> #REF! | Z16: K | AA16: D | AB16: Diff | AD16: =Schedule!$J$23 | AE16: K | AF16: D | AG16: Diff | AH16: =#REF! -> #REF! | AI16: K | AJ16: D | AK16: Diff | AM16: =Schedule!$J$28 | AN16: K | AO16: D | AP16: Diff | AQ16: =#REF! -> #REF! | AR16: K | AS16: D | AT16: Diff | AV16: =Schedule!$J$33 | AW16: K | AX16: D | AY16: Diff | AZ16: =#REF! -> #REF! | BA16: K | BB16: D | BC16: Diff | BE16: =Schedule!$J$38 | BF16: K | BG16: D | BH16: Diff | BI16: =#REF! -> #REF! | BJ16: K | BK16: D | BL16: Diff | BN16: =#REF! -> #REF! | BO16: K | BP16: D | BQ16: Diff | BR16: =#REF! -> #REF! | BS16: K | BT16: D | BU16: Diff | BW16: =#REF! -> #REF! | BX16: K | BY16: D | BZ16: Diff | CA16: =#REF! -> #REF! | CB16: K | CC16: D | CD16: Diff
F17: =D17-E17 -> 0 | J17: =H17-I17 -> 0 | O17: =M17-N17 -> 0 | S17: =Q17-R17 -> 0 | X17: =V17-W17 -> 0 | AB17: =Z17-AA17 -> 0 | AG17: =AE17-AF17 -> 0 | AK17: =AI17-AJ17 -> 0 | AP17: =AN17-AO17 -> 0 | AT17: =AR17-AS17 -> 0 | AY17: =AW17-AX17 -> 0 | BC17: =BA17-BB17 -> 0 | BH17: =BF17-BG17 -> 0 | BL17: =BJ17-BK17 -> 0 | BQ17: =BO17-BP17 -> 0 | BU17: =BS17-BT17 -> 0 | BZ17: =BX17-BY17 -> 0 | CD17: =CB17-CC17 -> 0
F18: =D18-E18 -> 0 | J18: =H18-I18 -> 0 | O18: =M18-N18 -> 0 | S18: =Q18-R18 -> 0 | X18: =V18-W18 -> 0 | AB18: =Z18-AA18 -> 0 | AG18: =AE18-AF18 -> 0 | AK18: =AI18-AJ18 -> 0 | AP18: =AN18-AO18 -> 0 | AT18: =AR18-AS18 -> 0 | AY18: =AW18-AX18 -> 0 | BC18: =BA18-BB18 -> 0 | BH18: =BF18-BG18 -> 0 | BL18: =BJ18-BK18 -> 0 | BQ18: =BO18-BP18 -> 0 | BU18: =BS18-BT18 -> 0 | BZ18: =BX18-BY18 -> 0 | CD18: =CB18-CC18 -> 0
F19: =D19-E19 -> 0 | J19: =H19-I19 -> 0 | O19: =M19-N19 -> 0 | S19: =Q19-R19 -> 0 | X19: =V19-W19 -> 0 | AB19: =Z19-AA19 -> 0 | AG19: =AE19-AF19 -> 0 | AK19: =AI19-AJ19 -> 0 | AP19: =AN19-AO19 -> 0 | AT19: =AR19-AS19 -> 0 | AY19: =AW19-AX19 -> 0 | BC19: =BA19-BB19 -> 0 | BH19: =BF19-BG19 -> 0 | BL19: =BJ19-BK19 -> 0 | BQ19: =BO19-BP19 -> 0 | BU19: =BS19-BT19 -> 0 | BZ19: =BX19-BY19 -> 0 | CD19: =CB19-CC19 -> 0
F20: =D20-E20 -> 0 | J20: =H20-I20 -> 0 | O20: =M20-N20 -> 0 | S20: =Q20-R20 -> 0 | X20: =V20-W20 -> 0 | AB20: =Z20-AA20 -> 0 | AG20: =AE20-AF20 -> 0 | AK20: =AI20-AJ20 -> 0 | AP20: =AN20-AO20 -> 0 | AT20: =AR20-AS20 -> 0 | AY20: =AW20-AX20 -> 0 | BC20: =BA20-BB20 -> 0 | BH20: =BF20-BG20 -> 0 | BL20: =BJ20-BK20 -> 0 | BQ20: =BO20-BP20 -> 0 | BU20: =BS20-BT20 -> 0 | BZ20: =BX20-BY20 -> 0 | CD20: =CB20-CC20 -> 0
F21: =D21-E21 -> 0 | J21: =H21-I21 -> 0 | O21: =M21-N21 -> 0 | S21: =Q21-R21 -> 0 | X21: =V21-W21 -> 0 | AB21: =Z21-AA21 -> 0 | AG21: =AE21-AF21 -> 0 | AK21: =AI21-AJ21 -> 0 | AP21: =AN21-AO21 -> 0 | AT21: =AR21-AS21 -> 0 | AY21: =AW21-AX21 -> 0 | BC21: =BA21-BB21 -> 0 | BH21: =BF21-BG21 -> 0 | BL21: =BJ21-BK21 -> 0 | BQ21: =BO21-BP21 -> 0 | BU21: =BS21-BT21 -> 0 | BZ21: =BX21-BY21 -> 0 | CD21: =CB21-CC21 -> 0
F22: =D22-E22 -> 0 | J22: =H22-I22 -> 0 | O22: =M22-N22 -> 0 | S22: =Q22-R22 -> 0 | X22: =V22-W22 -> 0 | AB22: =Z22-AA22 -> 0 | AG22: =AE22-AF22 -> 0 | AK22: =AI22-AJ22 -> 0 | AP22: =AN22-AO22 -> 0 | AT22: =AR22-AS22 -> 0 | AY22: =AW22-AX22 -> 0 | BC22: =BA22-BB22 -> 0 | BH22: =BF22-BG22 -> 0 | BL22: =BJ22-BK22 -> 0 | BQ22: =BO22-BP22 -> 0 | BU22: =BS22-BT22 -> 0 | BZ22: =BX22-BY22 -> 0 | CD22: =CB22-CC22 -> 0
C23: Differential | D23: =SUM(F17:F22) -> 0 | G23: Differential | H23: =SUM(J17:J22) -> 0 | L23: Differential | M23: =SUM(O17:O22) -> 0 | P23: Differential | Q23: =SUM(S17:S22) -> 0 | U23: Differential | V23: =SUM(X17:X22) -> 0 | Y23: Differential | Z23: =SUM(AB17:AB22) -> 0 | AD23: Differential | AE23: =SUM(AG17:AG22) -> 0 | AH23: Differential | AI23: =SUM(AK17:AK22) -> 0 | AM23: Differential | AN23: =SUM(AP17:AP22) -> 0 | AQ23: Differential | AR23: =SUM(AT17:AT22) -> 0 | AV23: Differential | AW23: =SUM(AY17:AY22) -> 0 | AZ23: Differential | BA23: =SUM(BC17:BC22) -> 0 | BE23: Differential | BF23: =SUM(BH17:BH22) -> 0 | BI23: Differential | BJ23: =SUM(BL17:BL22) -> 0 | BN23: Differential | BO23: =SUM(BQ17:BQ22) -> 0 | BR23: Differential | BS23: =SUM(BU17:BU22) -> 0 | BW23: Differential | BX23: =SUM(BZ17:BZ22) -> 0 | CA23: Differential | CB23: =SUM(CD17:CD22) -> 0
C24: Games Won | G24: Games Won | L24: Games Won | P24: Games Won | U24: Games Won | Y24: Games Won | AD24: Games Won | AH24: Games Won | AM24: Games Won | AQ24: Games Won | AV24: Games Won | AZ24: Games Won | BE24: Games Won | BI24: Games Won | BN24: Games Won | BR24: Games Won | BW24: Games Won | CA24: Games Won
C25: Replays | D25: 1 | E25: 2 | F25: 3 | G25: Series Outcome | I25: =IF(D24=2,"W",IF(H24=2,"L",)) | J25: =IF(H24=2,"W",IF(D24=2,"L",)) | L25: Replays | M25: 1 | N25: 2 | O25: 3 | P25: Series Outcome | R25: =IF(M24=2,"W",IF(Q24=2,"L",)) | S25: =IF(Q24=2,"W",IF(M24=2,"L",)) | U25: Replays | V25: 1 | W25: 2 | X25: 3 | Y25: Series Outcome | AA25: =IF(V24=2,"W",IF(Z24=2,"L",)) | AB25: =IF(Z24=2,"W",IF(V24=2,"L",)) | AD25: Replays | AE25: 1 | AF25: 2 | AG25: 3 | AH25: Series Outcome | AJ25: =IF(AE24=2,"W",IF(AI24=2,"L",)) | AK25: =IF(AI24=2,"W",IF(AE24=2,"L",)) | AM25: Replays | AN25: 1 | AO25: 2 | AP25: 3 | AQ25: Series Outcome | AS25: =IF(AN24=2,"W",IF(AR24=2,"L",)) | AT25: =IF(AR24=2,"W",IF(AN24=2,"L",)) | AV25: Replays | AW25: 1 | AX25: 2 | AY25: 3 | AZ25: Series Outcome | BB25: =IF(AW24=2,"W",IF(BA24=2,"L",)) | BC25: =IF(BA24=2,"W",IF(AW24=2,"L",)) | BE25: Replays | BF25: 1 | BG25: 2 | BH25: 3 | BI25: Series Outcome | BK25: L | BL25: L | BN25: Replays | BO25: 1 | BP25: 2 | BQ25: 3 | BR25: Series Outcome | BT25: =IF(BO24=2,"W",IF(BS24=2,"L",)) | BU25: =IF(BS24=2,"W",IF(BO24=2,"L",)) | BW25: Replays | BX25: 1 | BY25: 2 | BZ25: 3 | CA25: Series Outcome | CC25: =IF(BX24=2,"W",IF(CB24=2,"L",)) | CD25: =IF(CB24=2,"W",IF(BX24=2,"L",))
C27: =Schedule!$J$9 | D27: K | E27: D | F27: Diff | G27: =#REF! -> #REF! | H27: K | I27: D | J27: Diff | L27: =Schedule!$J$14 | M27: K | N27: D | O27: Diff | P27: =#REF! -> #REF! | Q27: K | R27: D | S27: Diff | U27: =Schedule!$J$19 | V27: K | W27: D | X27: Diff | Y27: =#REF! -> #REF! | Z27: K | AA27: D | AB27: Diff | AD27: =Schedule!$J$24 | AE27: K | AF27: D | AG27: Diff | AH27: =#REF! -> #REF! | AI27: K | AJ27: D | AK27: Diff | AM27: =Schedule!$J$29 | AN27: K | AO27: D | AP27: Diff | AQ27: =#REF! -> #REF! | AR27: K | AS27: D | AT27: Diff | AV27: =Schedule!$J$34 | AW27: K | AX27: D | AY27: Diff | AZ27: =#REF! -> #REF! | BA27: K | BB27: D | BC27: Diff | BE27: =Schedule!$J$39 | BF27: K | BG27: D | BH27: Diff | BI27: =#REF! -> #REF! | BJ27: K | BK27: D | BL27: Diff | BN27: =#REF! -> #REF! | BO27: K | BP27: D | BQ27: Diff | BR27: =#REF! -> #REF! | BS27: K | BT27: D | BU27: Diff | BW27: =#REF! -> #REF! | BX27: K | BY27: D | BZ27: Diff | CA27: =#REF! -> #REF! | CB27: K | CC27: D | CD27: Diff
F28: =D28-E28 -> 0 | J28: =H28-I28 -> 0 | O28: =M28-N28 -> 0 | S28: =Q28-R28 -> 0 | X28: =V28-W28 -> 0 | AB28: =Z28-AA28 -> 0 | AG28: =AE28-AF28 -> 0 | AK28: =AI28-AJ28 -> 0 | AP28: =AN28-AO28 -> 0 | AT28: =AR28-AS28 -> 0 | AY28: =AW28-AX28 -> 0 | BC28: =BA28-BB28 -> 0 | BH28: =BF28-BG28 -> 0 | BL28: =BJ28-BK28 -> 0 | BQ28: =BO28-BP28 -> 0 | BU28: =BS28-BT28 -> 0 | BZ28: =BX28-BY28 -> 0 | CD28: =CB28-CC28 -> 0
F29: =D29-E29 -> 0 | J29: =H29-I29 -> 0 | O29: =M29-N29 -> 0 | S29: =Q29-R29 -> 0 | X29: =V29-W29 -> 0 | AB29: =Z29-AA29 -> 0 | AG29: =AE29-AF29 -> 0 | AK29: =AI29-AJ29 -> 0 | AP29: =AN29-AO29 -> 0 | AT29: =AR29-AS29 -> 0 | AY29: =AW29-AX29 -> 0 | BC29: =BA29-BB29 -> 0 | BH29: =BF29-BG29 -> 0 | BL29: =BJ29-BK29 -> 0 | BQ29: =BO29-BP29 -> 0 | BU29: =BS29-BT29 -> 0 | BZ29: =BX29-BY29 -> 0 | CD29: =CB29-CC29 -> 0
F30: =D30-E30 -> 0 | J30: =H30-I30 -> 0 | O30: =M30-N30 -> 0 | S30: =Q30-R30 -> 0 | X30: =V30-W30 -> 0 | AB30: =Z30-AA30 -> 0 | AG30: =AE30-AF30 -> 0 | AK30: =AI30-AJ30 -> 0 | AP30: =AN30-AO30 -> 0 | AT30: =AR30-AS30 -> 0 | AY30: =AW30-AX30 -> 0 | BC30: =BA30-BB30 -> 0 | BH30: =BF30-BG30 -> 0 | BL30: =BJ30-BK30 -> 0 | BQ30: =BO30-BP30 -> 0 | BU30: =BS30-BT30 -> 0 | BZ30: =BX30-BY30 -> 0 | CD30: =CB30-CC30 -> 0
F31: =D31-E31 -> 0 | J31: =H31-I31 -> 0 | O31: =M31-N31 -> 0 | S31: =Q31-R31 -> 0 | X31: =V31-W31 -> 0 | AB31: =Z31-AA31 -> 0 | AG31: =AE31-AF31 -> 0 | AK31: =AI31-AJ31 -> 0 | AP31: =AN31-AO31 -> 0 | AT31: =AR31-AS31 -> 0 | AY31: =AW31-AX31 -> 0 | BC31: =BA31-BB31 -> 0 | BH31: =BF31-BG31 -> 0 | BL31: =BJ31-BK31 -> 0 | BQ31: =BO31-BP31 -> 0 | BU31: =BS31-BT31 -> 0 | BZ31: =BX31-BY31 -> 0 | CD31: =CB31-CC31 -> 0
F32: =D32-E32 -> 0 | J32: =H32-I32 -> 0 | O32: =M32-N32 -> 0 | S32: =Q32-R32 -> 0 | X32: =V32-W32 -> 0 | AB32: =Z32-AA32 -> 0 | AG32: =AE32-AF32 -> 0 | AK32: =AI32-AJ32 -> 0 | AP32: =AN32-AO32 -> 0 | AT32: =AR32-AS32 -> 0 | AY32: =AW32-AX32 -> 0 | BC32: =BA32-BB32 -> 0 | BH32: =BF32-BG32 -> 0 | BL32: =BJ32-BK32 -> 0 | BQ32: =BO32-BP32 -> 0 | BU32: =BS32-BT32 -> 0 | BZ32: =BX32-BY32 -> 0 | CD32: =CB32-CC32 -> 0
F33: =D33-E33 -> 0 | J33: =H33-I33 -> 0 | O33: =M33-N33 -> 0 | S33: =Q33-R33 -> 0 | X33: =V33-W33 -> 0 | AB33: =Z33-AA33 -> 0 | AG33: =AE33-AF33 -> 0 | AK33: =AI33-AJ33 -> 0 | AP33: =AN33-AO33 -> 0 | AT33: =AR33-AS33 -> 0 | AY33: =AW33-AX33 -> 0 | BC33: =BA33-BB33 -> 0 | BH33: =BF33-BG33 -> 0 | BL33: =BJ33-BK33 -> 0 | BQ33: =BO33-BP33 -> 0 | BU33: =BS33-BT33 -> 0 | BZ33: =BX33-BY33 -> 0 | CD33: =CB33-CC33 -> 0
C34: Differential | D34: =SUM(F28:F33) -> 0 | G34: Differential | H34: =SUM(J28:J33) -> 0 | L34: Differential | M34: =SUM(O28:O33) -> 0 | P34: Differential | Q34: =SUM(S28:S33) -> 0 | U34: Differential | V34: =SUM(X28:X33) -> 0 | Y34: Differential | Z34: =SUM(AB28:AB33) -> 0 | AD34: Differential | AE34: =SUM(AG28:AG33) -> 0 | AH34: Differential | AI34: =SUM(AK28:AK33) -> 0 | AM34: Differential | AN34: =SUM(AP28:AP33) -> 0 | AQ34: Differential | AR34: =SUM(AT28:AT33) -> 0 | AV34: Differential | AW34: =SUM(AY28:AY33) -> 0 | AZ34: Differential | BA34: =SUM(BC28:BC33) -> 0 | BE34: Differential | BF34: =SUM(BH28:BH33) -> 0 | BI34: Differential | BJ34: =SUM(BL28:BL33) -> 0 | BN34: Differential | BO34: =SUM(BQ28:BQ33) -> 0 | BR34: Differential | BS34: =SUM(BU28:BU33) -> 0 | BW34: Differential | BX34: =SUM(BZ28:BZ33) -> 0 | CA34: Differential | CB34: =SUM(CD28:CD33) -> 0
C35: Games Won | G35: Games Won | L35: Games Won | P35: Games Won | U35: Games Won | Y35: Games Won | AD35: Games Won | AH35: Games Won | AM35: Games Won | AQ35: Games Won | AV35: Games Won | AZ35: Games Won | BE35: Games Won | BI35: Games Won | BN35: Games Won | BR35: Games Won | BW35: Games Won | CA35: Games Won
C36: Replays | D36: 1 | E36: 2 | F36: 3 | G36: Series Outcome | I36: =IF(D35=2,"W",IF(H35=2,"L",)) | J36: =IF(H35=2,"W",IF(D35=2,"L",)) | L36: Replays | M36: 1 | N36: 2 | O36: 3 | P36: Series Outcome | R36: =IF(M35=2,"W",IF(Q35=2,"L",)) | S36: =IF(Q35=2,"W",IF(M35=2,"L",)) | U36: Replays | V36: 1 | W36: 2 | X36: 3 | Y36: Series Outcome | AA36: =IF(V35=2,"W",IF(Z35=2,"L",)) | AB36: =IF(Z35=2,"W",IF(V35=2,"L",)) | AD36: Replays | AE36: 1 | AF36: 2 | AG36: 3 | AH36: Series Outcome | AJ36: =IF(AE35=2,"W",IF(AI35=2,"L",)) | AK36: =IF(AI35=2,"W",IF(AE35=2,"L",)) | AM36: Replays | AN36: 1 | AO36: 2 | AP36: 3 | AQ36: Series Outcome | AS36: =IF(AN35=2,"W",IF(AR35=2,"L",)) | AT36: =IF(AR35=2,"W",IF(AN35=2,"L",)) | AV36: Replays | AW36: 1 | AX36: 2 | AY36: 3 | AZ36: Series Outcome | BB36: =IF(AW35=2,"W",IF(BA35=2,"L",)) | BC36: =IF(BA35=2,"W",IF(AW35=2,"L",)) | BE36: Replays | BF36: 1 | BG36: 2 | BH36: 3 | BI36: Series Outcome | BK36: =IF(BF35=2,"W",IF(BJ35=2,"L",)) | BL36: =IF(BJ35=2,"W",IF(BF35=2,"L",)) | BN36: Replays | BO36: 1 | BP36: 2 | BQ36: 3 | BR36: Series Outcome | BT36: =IF(BO35=2,"W",IF(BS35=2,"L",)) | BU36: =IF(BS35=2,"W",IF(BO35=2,"L",)) | BW36: Replays | BX36: 1 | BY36: 2 | BZ36: 3 | CA36: Series Outcome | CC36: =IF(BX35=2,"W",IF(CB35=2,"L",)) | CD36: =IF(CB35=2,"W",IF(BX35=2,"L",))
C38: =#REF! -> #REF! | D38: K | E38: D | F38: Diff | G38: =#REF! -> #REF! | H38: K | I38: D | J38: Diff | L38: =#REF! -> #REF! | M38: K | N38: D | O38: Diff | P38: =#REF! -> #REF! | Q38: K | R38: D | S38: Diff | U38: =#REF! -> #REF! | V38: K | W38: D | X38: Diff | Y38: =#REF! -> #REF! | Z38: K | AA38: D | AB38: Diff | AD38: =#REF! -> #REF! | AE38: K | AF38: D | AG38: Diff | AH38: =#REF! -> #REF! | AI38: K | AJ38: D | AK38: Diff | AM38: =#REF! -> #REF! | AN38: K | AO38: D | AP38: Diff | AQ38: =#REF! -> #REF! | AR38: K | AS38: D | AT38: Diff | AV38: =#REF! -> #REF! | AW38: K | AX38: D | AY38: Diff | AZ38: =#REF! -> #REF! | BA38: K | BB38: D | BC38: Diff | BE38: =#REF! -> #REF! | BF38: K | BG38: D | BH38: Diff | BI38: =#REF! -> #REF! | BJ38: K | BK38: D | BL38: Diff | BN38: =#REF! -> #REF! | BO38: K | BP38: D | BQ38: Diff | BR38: =#REF! -> #REF! | BS38: K | BT38: D | BU38: Diff | BW38: =#REF! -> #REF! | BX38: K | BY38: D | BZ38: Diff | CA38: =#REF! -> #REF! | CB38: K | CC38: D | CD38: Diff
F39: =D39-E39 -> 0 | J39: =H39-I39 -> 0 | O39: =M39-N39 -> 0 | S39: =Q39-R39 -> 0 | X39: =V39-W39 -> 0 | AB39: =Z39-AA39 -> 0 | AG39: =AE39-AF39 -> 0 | AK39: =AI39-AJ39 -> 0 | AP39: =AN39-AO39 -> 0 | AT39: =AR39-AS39 -> 0 | AY39: =AW39-AX39 -> 0 | BC39: =BA39-BB39 -> 0 | BH39: =SUM(BF39-BG39) -> 0 | BL39: =SUM(BJ39-BK39) -> 0 | BQ39: =BO39-BP39 -> 0 | BU39: =BS39-BT39 -> 0 | BZ39: =BX39-BY39 -> 0 | CD39: =CB39-CC39 -> 0
F40: =D40-E40 -> 0 | J40: =H40-I40 -> 0 | O40: =M40-N40 -> 0 | S40: =Q40-R40 -> 0 | X40: =V40-W40 -> 0 | AB40: =Z40-AA40 -> 0 | AG40: =AE40-AF40 -> 0 | AK40: =AI40-AJ40 -> 0 | AP40: =AN40-AO40 -> 0 | AT40: =AR40-AS40 -> 0 | AY40: =AW40-AX40 -> 0 | BC40: =BA40-BB40 -> 0 | BH40: =SUM(BF40-BG40) -> 0 | BL40: =SUM(BJ40-BK40) -> 0 | BQ40: =BO40-BP40 -> 0 | BU40: =BS40-BT40 -> 0 | BZ40: =BX40-BY40 -> 0 | CD40: =CB40-CC40 -> 0
F41: =D41-E41 -> 0 | J41: =H41-I41 -> 0 | O41: =M41-N41 -> 0 | S41: =Q41-R41 -> 0 | X41: =V41-W41 -> 0 | AB41: =Z41-AA41 -> 0 | AG41: =AE41-AF41 -> 0 | AK41: =AI41-AJ41 -> 0 | AP41: =AN41-AO41 -> 0 | AT41: =AR41-AS41 -> 0 | AY41: =AW41-AX41 -> 0 | BC41: =BA41-BB41 -> 0 | BH41: =SUM(BF41-BG41) -> 0 | BL41: =SUM(BJ41-BK41) -> 0 | BQ41: =BO41-BP41 -> 0 | BU41: =BS41-BT41 -> 0 | BZ41: =BX41-BY41 -> 0 | CD41: =CB41-CC41 -> 0
F42: =D42-E42 -> 0 | J42: =H42-I42 -> 0 | O42: =M42-N42 -> 0 | S42: =Q42-R42 -> 0 | X42: =V42-W42 -> 0 | AB42: =Z42-AA42 -> 0 | AG42: =AE42-AF42 -> 0 | AK42: =AI42-AJ42 -> 0 | AP42: =AN42-AO42 -> 0 | AT42: =AR42-AS42 -> 0 | AY42: =AW42-AX42 -> 0 | BC42: =BA42-BB42 -> 0 | BH42: =SUM(BF42-BG42) -> 0 | BL42: =SUM(BJ42-BK42) -> 0 | BQ42: =BO42-BP42 -> 0 | BU42: =BS42-BT42 -> 0 | BZ42: =BX42-BY42 -> 0 | CD42: =CB42-CC42 -> 0
F43: =D43-E43 -> 0 | J43: =H43-I43 -> 0 | O43: =M43-N43 -> 0 | S43: =Q43-R43 -> 0 | X43: =V43-W43 -> 0 | AB43: =Z43-AA43 -> 0 | AG43: =AE43-AF43 -> 0 | AK43: =AI43-AJ43 -> 0 | AP43: =AN43-AO43 -> 0 | AT43: =AR43-AS43 -> 0 | AY43: =AW43-AX43 -> 0 | BC43: =BA43-BB43 -> 0 | BH43: =SUM(BF43-BG43) -> 0 | BL43: =SUM(BJ43-BK43) -> 0 | BQ43: =BO43-BP43 -> 0 | BU43: =BS43-BT43 -> 0 | BZ43: =BX43-BY43 -> 0 | CD43: =CB43-CC43 -> 0
F44: =D44-E44 -> 0 | J44: =H44-I44 -> 0 | O44: =M44-N44 -> 0 | S44: =Q44-R44 -> 0 | X44: =V44-W44 -> 0 | AB44: =Z44-AA44 -> 0 | AG44: =AE44-AF44 -> 0 | AK44: =AI44-AJ44 -> 0 | AP44: =AN44-AO44 -> 0 | AT44: =AR44-AS44 -> 0 | AY44: =AW44-AX44 -> 0 | BC44: =BA44-BB44 -> 0 | BH44: =SUM(BF44-BG44) -> 0 | BL44: =SUM(BJ44-BK44) -> 0 | BQ44: =BO44-BP44 -> 0 | BU44: =BS44-BT44 -> 0 | BZ44: =BX44-BY44 -> 0 | CD44: =CB44-CC44 -> 0
C45: Differential | D45: =SUM(F39:F44) -> 0 | G45: Differential | H45: =SUM(J39:J44) -> 0 | L45: Differential | M45: =SUM(O39:O44) -> 0 | P45: Differential | Q45: =SUM(S39:S44) -> 0 | U45: Differential | V45: =SUM(X39:X44) -> 0 | Y45: Differential | Z45: =SUM(AB39:AB44) -> 0 | AD45: Differential | AE45: =SUM(AG39:AG44) -> 0 | AH45: Differential | AI45: =SUM(AK39:AK44) -> 0 | AM45: Differential | AN45: =SUM(AP39:AP44) -> 0 | AQ45: Differential | AR45: =SUM(AT39:AT44) -> 0 | AV45: Differential | AW45: =SUM(AY39:AY44) -> 0 | AZ45: Differential | BA45: =SUM(BC39:BC44) -> 0 | BE45: Differential | BF45: =SUM(BH39:BH44) -> 0 | BI45: Differential | BJ45: =SUM(BL39:BL44) -> 0 | BN45: Differential | BO45: =SUM(BQ39:BQ44) -> 0 | BR45: Differential | BS45: =SUM(BU39:BU44) -> 0 | BW45: Differential | BX45: =SUM(BZ39:BZ44) -> 0 | CA45: Differential | CB45: =SUM(CD39:CD44) -> 0
C46: Games Won | G46: Games Won | L46: Games Won | P46: Games Won | U46: Games Won | Y46: Games Won | AD46: Games Won | AH46: Games Won | AM46: Games Won | AQ46: Games Won | AV46: Games Won | AZ46: Games Won | BE46: Games Won | BI46: Games Won | BN46: Games Won | BR46: Games Won | BW46: Games Won | CA46: Games Won
C47: Replays | D47: 1 | E47: 2 | F47: 3 | G47: Series Outcome | I47: =IF(D46=2,"W",IF(H46=2,"L",)) | J47: =IF(H46=2,"W",IF(D46=2,"L",)) | L47: Replays | M47: 1 | N47: 2 | O47: 3 | P47: Series Outcome | R47: =IF(M46=2,"W",IF(Q46=2,"L",)) | S47: =IF(Q46=2,"W",IF(M46=2,"L",)) | U47: Replays | V47: 1 | W47: 2 | X47: 3 | Y47: Series Outcome | AA47: =IF(V46=2,"W",IF(Z46=2,"L",)) | AB47: =IF(Z46=2,"W",IF(V46=2,"L",)) | AD47: Replays | AE47: 1 | AF47: 2 | AG47: 3 | AH47: Series Outcome | AJ47: =IF(AE46=2,"W",IF(AI46=2,"L",)) | AK47: =IF(AI46=2,"W",IF(AE46=2,"L",)) | AM47: Replays | AN47: 1 | AO47: 2 | AP47: 3 | AQ47: Series Outcome | AS47: =IF(AN46=2,"W",IF(AR46=2,"L",)) | AT47: =IF(AR46=2,"W",IF(AN46=2,"L",)) | AV47: Replays | AW47: 1 | AX47: 2 | AY47: 3 | AZ47: Series Outcome | BB47: =IF(AW46=2,"W",IF(BA46=2,"L",)) | BC47: =IF(BA46=2,"W",IF(AW46=2,"L",)) | BE47: Replays | BF47: 1 | BG47: 2 | BH47: 3 | BI47: Series Outcome | BK47: =IF(BF46=2,"W",IF(BJ46=2,"L",)) | BL47: =IF(BJ46=2,"W",IF(BF46=2,"L",)) | BN47: Replays | BO47: 1 | BP47: 2 | BQ47: 3 | BR47: Series Outcome | BT47: =IF(BO46=2,"W",IF(BS46=2,"L",)) | BU47: =IF(BS46=2,"W",IF(BO46=2,"L",)) | BW47: Replays | BX47: 1 | BY47: 2 | BZ47: 3 | CA47: Series Outcome | CC47: =IF(BX46=2,"W",IF(CB46=2,"L",)) | CD47: =IF(CB46=2,"W",IF(BX46=2,"L",))
C49: =#REF! -> #REF! | D49: K | E49: D | F49: Diff | G49: =#REF! -> #REF! | H49: K | I49: D | J49: Diff | L49: =#REF! -> #REF! | M49: K | N49: D | O49: Diff | P49: =#REF! -> #REF! | Q49: K | R49: D | S49: Diff | U49: =#REF! -> #REF! | V49: K | W49: D | X49: Diff | Y49: =#REF! -> #REF! | Z49: K | AA49: D | AB49: Diff | AD49: =#REF! -> #REF! | AE49: K | AF49: D | AG49: Diff | AH49: =#REF! -> #REF! | AI49: K | AJ49: D | AK49: Diff | AM49: =#REF! -> #REF! | AN49: K | AO49: D | AP49: Diff | AQ49: =#REF! -> #REF! | AR49: K | AS49: D | AT49: Diff | AV49: =#REF! -> #REF! | AW49: K | AX49: D | AY49: Diff | AZ49: =#REF! -> #REF! | BA49: K | BB49: D | BC49: Diff | BE49: =#REF! -> #REF! | BF49: K | BG49: D | BH49: Diff | BI49: =#REF! -> #REF! | BJ49: K | BK49: D | BL49: Diff | BN49: =#REF! -> #REF! | BO49: K | BP49: D | BQ49: Diff | BR49: =#REF! -> #REF! | BS49: K | BT49: D | BU49: Diff | BW49: =#REF! -> #REF! | BX49: K | BY49: D | BZ49: Diff | CA49: =#REF! -> #REF! | CB49: K | CC49: D | CD49: Diff
F50: =D50-E50 -> 0 | J50: =H50-I50 -> 0 | O50: =M50-N50 -> 0 | S50: =Q50-R50 -> 0 | X50: =V50-W50 -> 0 | AB50: =Z50-AA50 -> 0 | AG50: =AE50-AF50 -> 0 | AK50: =AI50-AJ50 -> 0 | AP50: =AN50-AO50 -> 0 | AT50: =AR50-AS50 -> 0 | AY50: =AW50-AX50 -> 0 | BC50: =BA50-BB50 -> 0 | BH50: =BF50-BG50 -> 0 | BL50: =BJ50-BK50 -> 0 | BQ50: =BO50-BP50 -> 0 | BU50: =BS50-BT50 -> 0 | BZ50: =BX50-BY50 -> 0 | CD50: =CB50-CC50 -> 0
F51: =D51-E51 -> 0 | J51: =H51-I51 -> 0 | O51: =M51-N51 -> 0 | S51: =Q51-R51 -> 0 | X51: =V51-W51 -> 0 | AB51: =Z51-AA51 -> 0 | AG51: =AE51-AF51 -> 0 | AK51: =AI51-AJ51 -> 0 | AP51: =AN51-AO51 -> 0 | AT51: =AR51-AS51 -> 0 | AY51: =AW51-AX51 -> 0 | BC51: =BA51-BB51 -> 0 | BH51: =BF51-BG51 -> 0 | BL51: =BJ51-BK51 -> 0 | BQ51: =BO51-BP51 -> 0 | BU51: =BS51-BT51 -> 0 | BZ51: =BX51-BY51 -> 0 | CD51: =CB51-CC51 -> 0
F52: =D52-E52 -> 0 | J52: =H52-I52 -> 0 | O52: =M52-N52 -> 0 | S52: =Q52-R52 -> 0 | X52: =V52-W52 -> 0 | AB52: =Z52-AA52 -> 0 | AG52: =AE52-AF52 -> 0 | AK52: =AI52-AJ52 -> 0 | AP52: =AN52-AO52 -> 0 | AT52: =AR52-AS52 -> 0 | AY52: =AW52-AX52 -> 0 | BC52: =BA52-BB52 -> 0 | BH52: =BF52-BG52 -> 0 | BL52: =BJ52-BK52 -> 0 | BQ52: =BO52-BP52 -> 0 | BU52: =BS52-BT52 -> 0 | BZ52: =BX52-BY52 -> 0 | CD52: =CB52-CC52 -> 0
F53: =D53-E53 -> 0 | J53: =H53-I53 -> 0 | O53: =M53-N53 -> 0 | S53: =Q53-R53 -> 0 | X53: =V53-W53 -> 0 | AB53: =Z53-AA53 -> 0 | AG53: =AE53-AF53 -> 0 | AK53: =AI53-AJ53 -> 0 | AP53: =AN53-AO53 -> 0 | AT53: =AR53-AS53 -> 0 | AY53: =AW53-AX53 -> 0 | BC53: =BA53-BB53 -> 0 | BH53: =BF53-BG53 -> 0 | BL53: =BJ53-BK53 -> 0 | BQ53: =BO53-BP53 -> 0 | BU53: =BS53-BT53 -> 0 | BZ53: =BX53-BY53 -> 0 | CD53: =CB53-CC53 -> 0
F54: =D54-E54 -> 0 | J54: =H54-I54 -> 0 | O54: =M54-N54 -> 0 | S54: =Q54-R54 -> 0 | X54: =V54-W54 -> 0 | AB54: =Z54-AA54 -> 0 | AG54: =AE54-AF54 -> 0 | AK54: =AI54-AJ54 -> 0 | AP54: =AN54-AO54 -> 0 | AT54: =AR54-AS54 -> 0 | AY54: =AW54-AX54 -> 0 | BC54: =BA54-BB54 -> 0 | BH54: =BF54-BG54 -> 0 | BL54: =BJ54-BK54 -> 0 | BQ54: =BO54-BP54 -> 0 | BU54: =BS54-BT54 -> 0 | BZ54: =BX54-BY54 -> 0 | CD54: =CB54-CC54 -> 0
F55: =D55-E55 -> 0 | J55: =H55-I55 -> 0 | O55: =M55-N55 -> 0 | S55: =Q55-R55 -> 0 | X55: =V55-W55 -> 0 | AB55: =Z55-AA55 -> 0 | AG55: =AE55-AF55 -> 0 | AK55: =AI55-AJ55 -> 0 | AP55: =AN55-AO55 -> 0 | AT55: =AR55-AS55 -> 0 | AY55: =AW55-AX55 -> 0 | BC55: =BA55-BB55 -> 0 | BH55: =BF55-BG55 -> 0 | BL55: =BJ55-BK55 -> 0 | BQ55: =BO55-BP55 -> 0 | BU55: =BS55-BT55 -> 0 | BZ55: =BX55-BY55 -> 0 | CD55: =CB55-CC55 -> 0
C56: Differential | D56: =SUM(F50:F55) -> 0 | G56: Differential | H56: =SUM(J50:J55) -> 0 | L56: Differential | M56: =SUM(O50:O55) -> 0 | P56: Differential | Q56: =SUM(S50:S55) -> 0 | U56: Differential | V56: =SUM(X50:X55) -> 0 | Y56: Differential | Z56: =SUM(AB50:AB55) -> 0 | AD56: Differential | AE56: =SUM(AG50:AG55) -> 0 | AH56: Differential | AI56: =SUM(AK50:AK55) -> 0 | AM56: Differential | AN56: =SUM(AP50:AP55) -> 0 | AQ56: Differential | AR56: =SUM(AT50:AT55) -> 0 | AV56: Differential | AW56: =SUM(AY50:AY55) -> 0 | AZ56: Differential | BA56: =SUM(BC50:BC55) -> 0 | BE56: Differential | BF56: =SUM(BH50:BH55) -> 0 | BI56: Differential | BJ56: =SUM(BL50:BL55) -> 0 | BN56: Differential | BO56: =SUM(BQ50:BQ55) -> 0 | BR56: Differential | BS56: =SUM(BU50:BU55) -> 0 | BW56: Differential | BX56: =SUM(BZ50:BZ55) -> 0 | CA56: Differential | CB56: =SUM(CD50:CD55) -> 0
C57: Games Won | G57: Games Won | L57: Games Won | P57: Games Won | U57: Games Won | Y57: Games Won | AD57: Games Won | AH57: Games Won | AM57: Games Won | AQ57: Games Won | AV57: Games Won | AZ57: Games Won | BE57: Games Won | BI57: Games Won | BN57: Games Won | BR57: Games Won | BW57: Games Won | CA57: Games Won
C58: Replays | D58: 1 | E58: 2 | F58: 3 | G58: Series Outcome | I58: =IF(D57=2,"W",IF(H57=2,"L",)) | J58: =IF(H57=2,"W",IF(D57=2,"L",)) | L58: Replays | M58: 1 | N58: 2 | O58: 3 | P58: Series Outcome | R58: =IF(M57=2,"W",IF(Q57=2,"L",)) | S58: =IF(Q57=2,"W",IF(M57=2,"L",)) | U58: Replays | V58: 1 | W58: 2 | X58: 3 | Y58: Series Outcome | AA58: =IF(V57=2,"W",IF(Z57=2,"L",)) | AB58: =IF(Z57=2,"W",IF(V57=2,"L",)) | AD58: Replays | AE58: 1 | AF58: 2 | AG58: 3 | AH58: Series Outcome | AJ58: =IF(AE57=2,"W",IF(AI57=2,"L",)) | AK58: =IF(AI57=2,"W",IF(AE57=2,"L",)) | AM58: Replays | AN58: 1 | AO58: 2 | AP58: 3 | AQ58: Series Outcome | AS58: =IF(AN57=2,"W",IF(AR57=2,"L",)) | AT58: =IF(AR57=2,"W",IF(AN57=2,"L",)) | AV58: Replays | AW58: 1 | AX58: 2 | AY58: 3 | AZ58: Series Outcome | BB58: =IF(AW57=2,"W",IF(BA57=2,"L",)) | BC58: =IF(BA57=2,"W",IF(AW57=2,"L",)) | BE58: Replays | BF58: 1 | BG58: 2 | BH58: 3 | BI58: Series Outcome | BK58: =IF(BF57=2,"W",IF(BJ57=2,"L",)) | BL58: =IF(BJ57=2,"W",IF(BF57=2,"L",)) | BN58: Replays | BO58: 1 | BP58: 2 | BQ58: 3 | BR58: Series Outcome | BT58: =IF(BO57=2,"W",IF(BS57=2,"L",)) | BU58: =IF(BS57=2,"W",IF(BO57=2,"L",)) | BW58: Replays | BX58: 1 | BY58: 2 | BZ58: 3 | CA58: Series Outcome | CC58: =IF(BX57=2,"W",IF(CB57=2,"L",)) | CD58: =IF(CB57=2,"W",IF(BX57=2,"L",))
C60: =#REF! -> #REF! | D60: K | E60: D | F60: Diff | G60: =#REF! -> #REF! | H60: K | I60: D | J60: Diff | L60: =#REF! -> #REF! | M60: K | N60: D | O60: Diff | P60: =#REF! -> #REF! | Q60: K | R60: D | S60: Diff | U60: =#REF! -> #REF! | V60: K | W60: D | X60: Diff | Y60: =#REF! -> #REF! | Z60: K | AA60: D | AB60: Diff | AD60: =#REF! -> #REF! | AE60: K | AF60: D | AG60: Diff | AH60: =#REF! -> #REF! | AI60: K | AJ60: D | AK60: Diff | AM60: =#REF! -> #REF! | AN60: K | AO60: D | AP60: Diff | AQ60: =#REF! -> #REF! | AR60: K | AS60: D | AT60: Diff | AV60: =#REF! -> #REF! | AW60: K | AX60: D | AY60: Diff | AZ60: =#REF! -> #REF! | BA60: K | BB60: D | BC60: Diff | BE60: =#REF! -> #REF! | BF60: K | BG60: D | BH60: Diff | BI60: =#REF! -> #REF! | BJ60: K | BK60: D | BL60: Diff | BN60: =#REF! -> #REF! | BO60: K | BP60: D | BQ60: Diff | BR60: =#REF! -> #REF! | BS60: K | BT60: D | BU60: Diff | BW60: =#REF! -> #REF! | BX60: K | BY60: D | BZ60: Diff | CA60: =#REF! -> #REF! | CB60: K | CC60: D | CD60: Diff
F61: =D61-E61 -> 0 | J61: =H61-I61 -> 0 | O61: =M61-N61 -> 0 | S61: =Q61-R61 -> 0 | X61: =V61-W61 -> 0 | AB61: =Z61-AA61 -> 0 | AG61: =AE61-AF61 -> 0 | AK61: =AI61-AJ61 -> 0 | AP61: =AN61-AO61 -> 0 | AT61: =AR61-AS61 -> 0 | AY61: =AW61-AX61 -> 0 | BC61: =BA61-BB61 -> 0 | BH61: =BF61-BG61 -> 0 | BL61: =BJ61-BK61 -> 0 | BQ61: =BO61-BP61 -> 0 | BU61: =BS61-BT61 -> 0 | BZ61: =BX61-BY61 -> 0 | CD61: =CB61-CC61 -> 0
F62: =D62-E62 -> 0 | J62: =H62-I62 -> 0 | O62: =M62-N62 -> 0 | S62: =Q62-R62 -> 0 | X62: =V62-W62 -> 0 | AB62: =Z62-AA62 -> 0 | AG62: =AE62-AF62 -> 0 | AK62: =AI62-AJ62 -> 0 | AP62: =AN62-AO62 -> 0 | AT62: =AR62-AS62 -> 0 | AY62: =AW62-AX62 -> 0 | BC62: =BA62-BB62 -> 0 | BH62: =BF62-BG62 -> 0 | BL62: =BJ62-BK62 -> 0 | BQ62: =BO62-BP62 -> 0 | BU62: =BS62-BT62 -> 0 | BZ62: =BX62-BY62 -> 0 | CD62: =CB62-CC62 -> 0
F63: =D63-E63 -> 0 | J63: =H63-I63 -> 0 | O63: =M63-N63 -> 0 | S63: =Q63-R63 -> 0 | X63: =V63-W63 -> 0 | AB63: =Z63-AA63 -> 0 | AG63: =AE63-AF63 -> 0 | AK63: =AI63-AJ63 -> 0 | AP63: =AN63-AO63 -> 0 | AT63: =AR63-AS63 -> 0 | AY63: =AW63-AX63 -> 0 | BC63: =BA63-BB63 -> 0 | BH63: =BF63-BG63 -> 0 | BL63: =BJ63-BK63 -> 0 | BQ63: =BO63-BP63 -> 0 | BU63: =BS63-BT63 -> 0 | BZ63: =BX63-BY63 -> 0 | CD63: =CB63-CC63 -> 0
F64: =D64-E64 -> 0 | J64: =H64-I64 -> 0 | O64: =M64-N64 -> 0 | S64: =Q64-R64 -> 0 | X64: =V64-W64 -> 0 | AB64: =Z64-AA64 -> 0 | AG64: =AE64-AF64 -> 0 | AK64: =AI64-AJ64 -> 0 | AP64: =AN64-AO64 -> 0 | AT64: =AR64-AS64 -> 0 | AY64: =AW64-AX64 -> 0 | BC64: =BA64-BB64 -> 0 | BH64: =BF64-BG64 -> 0 | BL64: =BJ64-BK64 -> 0 | BQ64: =BO64-BP64 -> 0 | BU64: =BS64-BT64 -> 0 | BZ64: =BX64-BY64 -> 0 | CD64: =CB64-CC64 -> 0
F65: =D65-E65 -> 0 | J65: =H65-I65 -> 0 | O65: =M65-N65 -> 0 | S65: =Q65-R65 -> 0 | X65: =V65-W65 -> 0 | AB65: =Z65-AA65 -> 0 | AG65: =AE65-AF65 -> 0 | AK65: =AI65-AJ65 -> 0 | AP65: =AN65-AO65 -> 0 | AT65: =AR65-AS65 -> 0 | AY65: =AW65-AX65 -> 0 | BC65: =BA65-BB65 -> 0 | BH65: =BF65-BG65 -> 0 | BL65: =BJ65-BK65 -> 0 | BQ65: =BO65-BP65 -> 0 | BU65: =BS65-BT65 -> 0 | BZ65: =BX65-BY65 -> 0 | CD65: =CB65-CC65 -> 0
F66: =D66-E66 -> 0 | J66: =H66-I66 -> 0 | O66: =M66-N66 -> 0 | S66: =Q66-R66 -> 0 | X66: =V66-W66 -> 0 | AB66: =Z66-AA66 -> 0 | AG66: =AE66-AF66 -> 0 | AK66: =AI66-AJ66 -> 0 | AP66: =AN66-AO66 -> 0 | AT66: =AR66-AS66 -> 0 | AY66: =AW66-AX66 -> 0 | BC66: =BA66-BB66 -> 0 | BH66: =BF66-BG66 -> 0 | BL66: =BJ66-BK66 -> 0 | BQ66: =BO66-BP66 -> 0 | BU66: =BS66-BT66 -> 0 | BZ66: =BX66-BY66 -> 0 | CD66: =CB66-CC66 -> 0
C67: Differential | D67: =SUM(F61:F66) -> 0 | G67: Differential | H67: =SUM(J61:J66) -> 0 | L67: Differential | M67: =SUM(O61:O66) -> 0 | P67: Differential | Q67: =SUM(S61:S66) -> 0 | U67: Differential | V67: =SUM(X61:X66) -> 0 | Y67: Differential | Z67: =SUM(AB61:AB66) -> 0 | AD67: Differential | AE67: =SUM(AG61:AG66) -> 0 | AH67: Differential | AI67: =SUM(AK61:AK66) -> 0 | AM67: Differential | AN67: =SUM(AP61:AP66) -> 0 | AQ67: Differential | AR67: =SUM(AT61:AT66) -> 0 | AV67: Differential | AW67: =SUM(AY61:AY66) -> 0 | AZ67: Differential | BA67: =SUM(BC61:BC66) -> 0 | BE67: Differential | BF67: =SUM(BH61:BH66) -> 0 | BI67: Differential | BJ67: =SUM(BL61:BL66) -> 0 | BN67: Differential | BO67: =SUM(BQ61:BQ66) -> 0 | BR67: Differential | BS67: =SUM(BU61:BU66) -> 0 | BW67: Differential | BX67: =SUM(BZ61:BZ66) -> 0 | CA67: Differential | CB67: =SUM(CD61:CD66) -> 0
C68: Games Won | G68: Games Won | L68: Games Won | P68: Games Won | U68: Games Won | Y68: Games Won | AD68: Games Won | AH68: Games Won | AM68: Games Won | AQ68: Games Won | AV68: Games Won | AZ68: Games Won | BE68: Games Won | BI68: Games Won | BN68: Games Won | BR68: Games Won | BW68: Games Won | CA68: Games Won
